-- phpMyAdmin SQL Dump
-- version 4.0.9
-- http://www.phpmyadmin.net
--
-- Host: 127.0.0.1
-- Generation Time: May 23, 2014 at 06:49 PM
-- Server version: 5.6.14
-- PHP Version: 5.5.6

SET SQL_MODE = "NO_AUTO_VALUE_ON_ZERO";
SET time_zone = "+00:00";


/*!40101 SET @OLD_CHARACTER_SET_CLIENT=@@CHARACTER_SET_CLIENT */;
/*!40101 SET @OLD_CHARACTER_SET_RESULTS=@@CHARACTER_SET_RESULTS */;
/*!40101 SET @OLD_COLLATION_CONNECTION=@@COLLATION_CONNECTION */;
/*!40101 SET NAMES utf8 */;

--
-- Database: `greencomet_dev`
--

-- --------------------------------------------------------

--
-- Table structure for table `gc_dat_user_notification_pref`
--

CREATE TABLE IF NOT EXISTS `gc_dat_user_notification_pref` (
  `notification_id` int(11) NOT NULL,
  `user_id` bigint(20) NOT NULL COMMENT 'Notification preference',
  `send_email` tinyint(4) DEFAULT '1' COMMENT 'Send email for this type of notifocation',
  `send_sms` tinyint(4) DEFAULT '1' COMMENT 'Send SMS for this type of notifocation',
  `create_at` timestamp NOT NULL DEFAULT CURRENT_TIMESTAMP,
  `created_by` bigint(20) DEFAULT NULL,
  `update_at` timestamp NULL DEFAULT NULL,
  `updated_by` bigint(20) DEFAULT NULL,
  PRIMARY KEY (`notification_id`,`user_id`),
  KEY `gc_dat_user_notification_pref_idx1` (`user_id`,`notification_id`,`send_email`),
  KEY `gc_dat_user_notification_pref_idx2` (`user_id`,`notification_id`,`send_sms`),
  KEY `gc_dat_user_notification_pref_idx3` (`notification_id`,`user_id`)
) ENGINE=InnoDB DEFAULT CHARSET=utf8 COMMENT='User preferences about each notification';

--
-- Dumping data for table `gc_dat_user_notification_pref`
--

INSERT INTO `gc_dat_user_notification_pref` (`notification_id`, `user_id`, `send_email`, `send_sms`, `create_at`, `created_by`, `update_at`, `updated_by`) VALUES
(1, 298, 1, 1, '2014-05-22 10:50:22', NULL, NULL, NULL),
(1, 299, 0, 1, '2014-05-21 10:48:28', 1, NULL, NULL),
(2, 298, 1, 1, '2014-05-22 10:50:22', NULL, NULL, NULL),
(2, 299, 1, 1, '2014-05-21 10:49:26', 1, NULL, NULL),
(3, 298, 1, 1, '2014-05-22 10:50:22', NULL, NULL, NULL),
(3, 299, 1, 1, '2014-05-21 10:49:51', 1, NULL, NULL),
(4, 298, 1, 1, '2014-05-22 10:50:22', NULL, NULL, NULL),
(4, 299, 1, 1, '2014-05-21 10:50:08', 1, NULL, NULL),
(5, 298, 1, 1, '2014-05-22 10:50:23', NULL, NULL, NULL),
(5, 299, 1, 0, '2014-05-21 10:50:23', 1, NULL, NULL),
(6, 298, 1, 1, '2014-05-22 10:50:23', NULL, NULL, NULL),
(6, 299, 0, 0, '2014-05-21 10:50:38', 1, NULL, NULL),
(7, 298, 1, 1, '2014-05-22 10:50:23', NULL, NULL, NULL),
(7, 299, 1, 0, '2014-05-21 10:50:50', 1, NULL, NULL),
(8, 298, 1, 1, '2014-05-22 10:50:23', NULL, NULL, NULL),
(8, 299, 1, 0, '2014-05-21 10:51:01', 1, NULL, NULL),
(9, 298, 1, 1, '2014-05-22 10:50:23', NULL, NULL, NULL),
(9, 299, 1, 1, '2014-05-21 10:51:12', 1, NULL, NULL),
(10, 298, 1, 1, '2014-05-22 10:50:23', NULL, NULL, NULL),
(10, 299, 0, 1, '2014-05-21 10:51:22', 1, NULL, NULL),
(11, 298, 1, 1, '2014-05-22 10:50:23', NULL, NULL, NULL),
(11, 299, 1, 1, '2014-05-21 10:51:34', 1, NULL, NULL),
(12, 298, 1, 1, '2014-05-22 10:50:23', NULL, NULL, NULL),
(12, 299, 0, 1, '2014-05-21 10:51:44', 1, NULL, NULL),
(13, 1, 1, 1, '2014-05-21 10:51:57', 1, NULL, NULL),
(13, 298, 1, 1, '2014-05-22 10:50:24', NULL, NULL, NULL),
(13, 299, 1, 1, '2014-05-21 10:51:57', 1, NULL, NULL);

-- --------------------------------------------------------

--
-- Table structure for table `gc_dat_user_notification_pref_catg`
--

CREATE TABLE IF NOT EXISTS `gc_dat_user_notification_pref_catg` (
  `notification_id` int(11) NOT NULL,
  `category_id` int(11) NOT NULL COMMENT 'Preferred category under that if any task is posted then notify. In case user selects top category only then all sub category items are added in this table',
  `user_id` bigint(20) NOT NULL COMMENT 'Notification preference',
  `create_at` timestamp NOT NULL DEFAULT CURRENT_TIMESTAMP,
  `created_by` bigint(20) DEFAULT NULL,
  `update_at` timestamp NULL DEFAULT NULL,
  `updated_by` bigint(20) DEFAULT NULL,
  PRIMARY KEY (`notification_id`,`category_id`,`user_id`),
  KEY `gc_dat_user_notification_pref_catg_idx1` (`user_id`,`notification_id`,`category_id`)
) ENGINE=InnoDB DEFAULT CHARSET=utf8 COMMENT='User preferences about each task category level preference';

-- --------------------------------------------------------

--
-- Table structure for table `gc_dat_user_notification_pref_skill`
--

CREATE TABLE IF NOT EXISTS `gc_dat_user_notification_pref_skill` (
  `notification_id` int(11) NOT NULL,
  `skill_id` int(11) NOT NULL COMMENT 'Preferred skill under that if any task is posted then notify',
  `user_id` bigint(20) NOT NULL COMMENT 'Notification preference',
  `create_at` timestamp NOT NULL DEFAULT CURRENT_TIMESTAMP,
  `created_by` bigint(20) DEFAULT NULL,
  `update_at` timestamp NULL DEFAULT NULL,
  `updated_by` bigint(20) DEFAULT NULL,
  PRIMARY KEY (`notification_id`,`skill_id`,`user_id`),
  KEY `gc_dat_user_notification_pref_skill_idx1` (`user_id`,`notification_id`,`skill_id`)
) ENGINE=InnoDB DEFAULT CHARSET=utf8 COMMENT='User preferences about each task category level preference';

-- --------------------------------------------------------

--
-- Table structure for table `gc_dta_inbox`
--

CREATE TABLE IF NOT EXISTS `gc_dta_inbox` (
  `msg_id` bigint(20) NOT NULL AUTO_INCREMENT,
  `msg_type` varchar(30) DEFAULT NULL COMMENT 'key for message classification such as proposal, payment, terms, feedback etc., if required',
  `task_id` bigint(20) DEFAULT NULL COMMENT 'Task for which this message is?',
  `from_user_id` bigint(20) DEFAULT NULL COMMENT 'inbox of which user?',
  `to_user_ids` varchar(2000) DEFAULT NULL COMMENT 'Who all users should receive it? comma separated',
  `subject` varchar(200) DEFAULT NULL COMMENT 'Message short desc',
  `body` text COMMENT 'Message details',
  `attachments` varchar(200) DEFAULT NULL COMMENT 'comma separated list of upload files.',
  `created_at` timestamp NOT NULL DEFAULT CURRENT_TIMESTAMP,
  `created_by` bigint(20) NOT NULL,
  `updated_at` datetime DEFAULT NULL,
  `updated_by` bigint(20) DEFAULT NULL,
  `source_app` varchar(10) DEFAULT NULL,
  `status` char(1) DEFAULT 'a' COMMENT ' a= sent, s= saved as draft, d= means deleted, r= archived',
  PRIMARY KEY (`msg_id`),
  KEY `gc_dta_inbox_from_user_id_idx1` (`from_user_id`,`task_id`,`status`),
  KEY `gc_dta_inbox_task_id_idx1` (`task_id`,`status`)
) ENGINE=InnoDB DEFAULT CHARSET=utf8 COMMENT='This table holds task related messages exchanged between tasker and poster' AUTO_INCREMENT=1 ;

-- --------------------------------------------------------

--
-- Table structure for table `gc_dta_inbox_user`
--

CREATE TABLE IF NOT EXISTS `gc_dta_inbox_user` (
  `user_id` bigint(20) NOT NULL DEFAULT '0' COMMENT 'inbox of which user?',
  `msg_flow` char(1) NOT NULL COMMENT 's= means sent r= means received',
  `msg_id` bigint(20) NOT NULL DEFAULT '0' COMMENT 'reference to gc_dta_inbox.msg_id',
  `is_read` tinyint(4) DEFAULT '0' COMMENT 'Is message read by the user. Set default value 1 for msg_flow=s',
  PRIMARY KEY (`user_id`,`msg_flow`,`msg_id`),
  KEY `gc_dta_inbox_user_msg_id_idx1` (`msg_id`,`user_id`,`msg_flow`)
) ENGINE=InnoDB DEFAULT CHARSET=utf8 COMMENT='This table holds sent and received messages related to a msg_id';

-- --------------------------------------------------------

--
-- Table structure for table `gc_dta_task`
--

CREATE TABLE IF NOT EXISTS `gc_dta_task` (
  `task_id` bigint(20) NOT NULL AUTO_INCREMENT COMMENT 'Task ID',
  `creator_user_id` bigint(20) NOT NULL COMMENT 'task is created by which user. In case of external task. User wants to add task posted or completed out side the Green Comet',
  `creator_role` char(1) NOT NULL DEFAULT 't' COMMENT 't = tasker, p = poster',
  `is_external` tinyint(1) NOT NULL DEFAULT '0' COMMENT 'true means Task is done out side Green Comet',
  `language_code` varchar(5) NOT NULL COMMENT 'language of the task, One task will be posted in one language only by the poster',
  `title` varchar(40) NOT NULL,
  `description` varchar(4000) NOT NULL,
  `state` varchar(2) DEFAULT 'o' COMMENT 'o = open for bid, c = cancelled, a = assigned to tasker, f = finished, d = under dispute, s = suspended',
  `price` decimal(12,2) DEFAULT NULL,
  `min_price` decimal(12,2) DEFAULT NULL,
  `max_price` decimal(12,2) DEFAULT NULL COMMENT 'upper limit of task price',
  `price_currency` varchar(3) DEFAULT 'USD',
  `is_public` tinyint(1) DEFAULT '1',
  `tasker_user_id` bigint(20) DEFAULT NULL COMMENT 'can be same as creator_user_id',
  `tasker_id_source` varchar(10) DEFAULT NULL,
  `task_finished_on` date DEFAULT NULL,
  `task_tasker_id` bigint(20) DEFAULT NULL COMMENT 'to reduce join with task_tasker_id',
  `task_assigned_on` datetime DEFAULT NULL COMMENT 'to reduce join with task_tasker_id',
  `task_eta` datetime DEFAULT NULL COMMENT 'expected estimated date',
  `rank` int(2) DEFAULT NULL,
  `attachments` varchar(2000) DEFAULT NULL COMMENT 'ARRAY of JSON objects [{"type":"<attachment_type>", "file":"<filename>","upload_on":"<date of upload>"}], type can be ''p''- pdf, ''w'' - word, ''a''- audio, ''v''-video, ''i'' - image',
  `created_at` timestamp NOT NULL DEFAULT CURRENT_TIMESTAMP,
  `created_by` bigint(20) NOT NULL,
  `updated_at` timestamp NULL DEFAULT NULL,
  `updated_by` bigint(20) DEFAULT NULL,
  `status` char(1) DEFAULT 'a',
  `ref_pending` tinyint(1) DEFAULT '0',
  `ref_done_on` datetime DEFAULT NULL,
  `ref_done_by_name` varchar(50) DEFAULT NULL,
  `ref_done_by_phone` varchar(100) DEFAULT NULL,
  `ref_done_by_email` varchar(100) DEFAULT NULL,
  `ref_done_by_user_id` bigint(20) DEFAULT NULL,
  `ref_verification_status` char(1) DEFAULT 'p',
  `ref_notify_on` datetime DEFAULT NULL,
  `ref_notify_cnt` int(11) DEFAULT NULL,
  `ref_remarks` varchar(500) DEFAULT NULL,
  `task_kind` char(1) DEFAULT NULL COMMENT 'v - virtual, p - in person, i = instant',
  `tasker_in_range` int(4) DEFAULT NULL,
  `start_date` date DEFAULT NULL,
  `start_time` char(5) DEFAULT NULL,
  `end_date` date DEFAULT NULL,
  `end_time` char(5) DEFAULT NULL,
  `payment_mode` char(1) DEFAULT NULL,
  `cash_required` decimal(12,2) DEFAULT NULL,
  `preferred_location` char(1) DEFAULT NULL,
  `valid_from_dt` datetime DEFAULT NULL,
  `valid_from_time` varchar(4) DEFAULT '2359',
  `valid_to_dt` datetime DEFAULT NULL,
  `valid_to_time` varchar(4) DEFAULT NULL,
  `work_hrs` varchar(500) DEFAULT NULL,
  `bid_duration` varchar(10) DEFAULT NULL COMMENT '`1 day`, `1 week`, `15 days`, `1 month` or null',
  `bid_start_dt` datetime DEFAULT NULL,
  `bid_close_dt` datetime DEFAULT NULL,
  `invited_cnt` int(11) DEFAULT '0' COMMENT 'Number of taskers inivited by the poster',
  `proposals_cnt` int(11) DEFAULT '0' COMMENT 'Number of proposal reveived for this task',
  `proposals_accpt_cnt` int(11) unsigned NOT NULL DEFAULT '0',
  `proposals_avg_rating` decimal(3,2) DEFAULT NULL,
  `proposals_avg_price` decimal(12,2) NOT NULL DEFAULT '0.00',
  `task_cancel_reason` varchar(2000) DEFAULT NULL,
  `is_highlighted` tinyint(1) NOT NULL DEFAULT '0',
  `is_premium` tinyint(1) NOT NULL DEFAULT '0',
  `source_app` varchar(10) DEFAULT NULL,
  PRIMARY KEY (`task_id`),
  KEY `fk_gc_dta_task_created_by` (`created_by`),
  KEY `fk_gc_dta_task_updated_by` (`updated_by`),
  KEY `idx1_gc_dta_task_language_code` (`language_code`,`state`),
  KEY `idx2_gc_dta_task_creator_user_id` (`creator_user_id`,`state`,`tasker_user_id`),
  KEY `idx2_gc_dta_task_tasker_user_id` (`tasker_user_id`,`state`,`creator_user_id`),
  KEY `idx1_gc_dta_task_ref_pending` (`ref_pending`),
  KEY `fk_task_ref_done_by_user_id` (`ref_done_by_user_id`),
  KEY `ref_pending` (`ref_pending`)
) ENGINE=InnoDB  DEFAULT CHARSET=utf8 AUTO_INCREMENT=712 ;

--
-- Dumping data for table `gc_dta_task`
--

INSERT INTO `gc_dta_task` (`task_id`, `creator_user_id`, `creator_role`, `is_external`, `language_code`, `title`, `description`, `state`, `price`, `min_price`, `max_price`, `price_currency`, `is_public`, `tasker_user_id`, `tasker_id_source`, `task_finished_on`, `task_tasker_id`, `task_assigned_on`, `task_eta`, `rank`, `attachments`, `created_at`, `created_by`, `updated_at`, `updated_by`, `status`, `ref_pending`, `ref_done_on`, `ref_done_by_name`, `ref_done_by_phone`, `ref_done_by_email`, `ref_done_by_user_id`, `ref_verification_status`, `ref_notify_on`, `ref_notify_cnt`, `ref_remarks`, `task_kind`, `tasker_in_range`, `start_date`, `start_time`, `end_date`, `end_time`, `payment_mode`, `cash_required`, `preferred_location`, `valid_from_dt`, `valid_from_time`, `valid_to_dt`, `valid_to_time`, `work_hrs`, `bid_duration`, `bid_start_dt`, `bid_close_dt`, `invited_cnt`, `proposals_cnt`, `proposals_accpt_cnt`, `proposals_avg_rating`, `proposals_avg_price`, `task_cancel_reason`, `is_highlighted`, `is_premium`, `source_app`) VALUES
(611, 303, 'p', 0, 'en_us', 'Wordpress Site Building advice needed', 'Hi there I am completing my WP site, having taught myself basic CSS and HTML and using Dreamweaver to do it, and I have a few questions about how to tighten my CSS up. I don''t claim to know much about it all, but I have managed to craft something not so crude! My site already has WP installed and previously customised. I am relaying HTML and CSS over current scripts, thus reinventing the homepage. I am looking for someone to log in and work with me as I ask questions. I am only looking for someone to help correct my code as they see it. We can talk via Skype and use programs like Team Viewer to see my code together. There we can talk it all through... You need to have a good basis in WP, CSS and HTML, with knowledge of hooking the site up to Paypal (which it kinda is at the moment), info about making it mobile-friendly and recommended use of excellent plug-ins. It will also help if your English is clearly understood, so we don''t spend needless time trying to understand each other', 'o', '20.00', NULL, NULL, 'USD', 1, NULL, NULL, NULL, NULL, NULL, NULL, NULL, NULL, '2014-05-03 08:14:41', 303, '2014-05-03 08:14:51', 303, 'a', 0, NULL, NULL, NULL, NULL, NULL, 'p', NULL, NULL, NULL, 'v', NULL, '2014-05-03', NULL, '2014-05-31', NULL, 'b', NULL, NULL, '2014-05-03 00:00:00', '2359', NULL, NULL, '45', '15 days', '2014-05-03 00:00:00', '2014-05-18 00:00:00', 0, 1, 0, '0.00', '25.00', NULL, 0, 0, 'web'),
(612, 303, 'p', 0, 'en_us', 'TYPO3 Multishop website', 'Hi TYPO3 developers, Please ONLY respond if you have experience building other TYPO3 Multishop websites. Multishop has a high learning curve and I''m only after experienced TYPO3 / Multishop developers. I am looking for someone or a company to build a simple TYPO3 Multishop website, however bound to a very high quality standard. The end result should look exactly like the designs I will provide (more or less down to the pixel), and should be fully responsive (optimized for desktop, tablets and smartphones) utilizing a bootstrap 3 layout. The website should be HTML5 compatible with good fall-back for older browsers. Please see the attached PDF for the design, and please see   [obscured]   for the initial work that has already been done. You can continue work on this version or you can start off on your own / from scratch. The already existing version works fine however and is a good base to continue work on, it''s just that I have too little time to complete it myself.', 'o', '45.00', NULL, NULL, 'USD', 0, NULL, NULL, NULL, NULL, NULL, NULL, NULL, NULL, '2014-05-03 08:26:28', 303, NULL, NULL, 'a', 0, NULL, NULL, NULL, NULL, NULL, 'p', NULL, NULL, NULL, 'v', NULL, '2014-05-04', NULL, '2014-05-23', NULL, 'b', NULL, NULL, '2014-05-03 00:00:00', '2359', NULL, NULL, '45', '1 week', '2014-05-03 00:00:00', '2014-05-10 00:00:00', 0, 0, 0, NULL, '0.00', NULL, 0, 0, 'web'),
(614, 303, 'p', 0, 'en_us', 'Build An E-Commmerce Clothing Website', 'I am looking for a provider that can build a website similar to this one:   [obscured]  /1rOgbLZ. Bidders with examples of similar projects will receive priority. I already have exact details about the final website and I will provide them to the providers I select as qualified', 'o', '34.00', NULL, NULL, 'USD', 1, NULL, NULL, NULL, NULL, NULL, NULL, NULL, NULL, '2014-05-03 08:28:45', 303, '2014-05-09 05:35:53', 316, 'a', 0, NULL, NULL, NULL, NULL, NULL, 'p', NULL, NULL, NULL, 'v', NULL, '2014-05-06', NULL, '2014-05-23', NULL, 'b', NULL, NULL, '2014-05-03 00:00:00', '2359', NULL, NULL, '34', '15 days', '2014-05-03 00:00:00', '2014-05-18 00:00:00', 0, 1, 0, '3.00', '45.00', NULL, 0, 0, 'web'),
(615, 303, 'p', 0, 'en_us', 'Web design', 'We are looking for someone who can build for us two different websites in a same web hosting. And our web hosting is ipage.com.', 'o', '0.00', NULL, NULL, 'USD', 1, NULL, NULL, NULL, NULL, NULL, NULL, NULL, NULL, '2014-05-03 08:29:53', 303, '2014-05-03 08:29:59', 303, 'a', 0, NULL, NULL, NULL, NULL, NULL, 'p', NULL, NULL, NULL, 'v', NULL, '2014-05-05', NULL, '2014-05-30', NULL, 'b', NULL, NULL, '2014-05-03 00:00:00', '2359', NULL, NULL, '100', '15 days', '2014-05-03 00:00:00', '2014-05-18 00:00:00', 0, 0, 0, NULL, '0.00', NULL, 0, 0, 'web'),
(616, 304, 'p', 0, 'en_us', 'Lifestyle Article writer', 'I am looking for writer on lifestyle and travel niche. It is all bout reviewing a number of US Cities in terms of populations, economy and such like. I need each article to be 1000 word and i expect 5-6 within 12-24hrs of being given instructions. I need nothing sort of high quality so you must write like a Native writer. I need this job get started right away. More details to follow Regards', 'o', '0.00', NULL, NULL, 'USD', 1, NULL, NULL, NULL, NULL, NULL, NULL, NULL, NULL, '2014-05-03 08:42:34', 304, NULL, NULL, 'a', 0, NULL, NULL, NULL, NULL, NULL, 'p', NULL, NULL, NULL, 'v', NULL, '2014-05-13', NULL, '2014-05-31', NULL, 'b', NULL, NULL, '2014-05-03 00:00:00', '2359', NULL, NULL, '15', '15 days', '2014-05-03 00:00:00', '2014-05-18 00:00:00', 0, 0, 0, NULL, '0.00', NULL, 0, 0, 'web'),
(617, 304, 'p', 0, 'en_us', 'Website Content Writing', 'We want the content easiness in language & content structure (advantage, challenges, etc) like   [obscured]   Make sure all the contents are 100% copy free and should not match anything to any website as we want to do a high level SEO on our website. There are two files attached; 1) Site map of the company with the content counts and 2) List of pages that are repeated (this is to avoid double counting the work). We are an IT Solutions Provider and once you are selected we will provide you with the company''s website link to understand our business', 'o', '34.00', NULL, NULL, 'USD', 1, NULL, NULL, NULL, NULL, NULL, NULL, NULL, NULL, '2014-05-03 08:43:43', 304, '2014-05-05 09:11:21', 317, 'a', 0, NULL, NULL, NULL, NULL, NULL, 'p', NULL, NULL, NULL, 'v', NULL, '2014-05-03', NULL, '2014-06-28', NULL, 'b', NULL, NULL, '2014-05-03 00:00:00', '2359', NULL, NULL, '34', '1 month', '2014-05-03 00:00:00', '2014-06-03 00:00:00', 0, 1, 0, '0.00', '24.00', NULL, 0, 0, 'web'),
(619, 304, 'p', 0, 'en_us', 'aricle writer', 'good grammar Job Description: We''re looking for an Article Writer to generate high-quality written content for our business. Your responsibilities: - Develop content themes based on the direction and creative brief provided by our team - Write original, high-quality, SEO-friendly articles that communicate our messaging to a wide variety of audiences - Publish written articles on a variety of content websites, content management systems or media outlets - Take on ad-hoc writing projects as they arise - Contribute ideas on improving existing messaging and content Your qualifications: - Excellent writing, grammar, spelling and formatting - Strong communication skills - An exceptional portfolio that demonstrates an ability to create compelling copy for a wide variety of brands, audiences and industries - A complete Elance profile - References or an established reputation on Elance preferred', 'o', '23.00', NULL, NULL, 'USD', 1, NULL, NULL, NULL, NULL, NULL, NULL, NULL, NULL, '2014-05-03 08:45:03', 304, '2014-05-05 09:10:41', 317, 'a', 0, NULL, NULL, NULL, NULL, NULL, 'p', NULL, NULL, NULL, 'v', NULL, '2014-05-03', NULL, '2014-05-29', NULL, 'b', NULL, NULL, '2014-05-03 00:00:00', '2359', NULL, NULL, '56', '15 days', '2014-05-03 00:00:00', '2014-05-18 00:00:00', 0, 1, 0, '0.00', '50.00', NULL, 0, 0, 'web'),
(620, 312, 't', 1, 'en_us', 'hiring of graduates', 'need of graduates', 'f', '100.00', NULL, NULL, 'USD', 1, NULL, NULL, '2014-05-20', NULL, NULL, NULL, NULL, '[{"type":"image","file":"9979\\/312_1399107122_task_uploaded.jpg","upload_on":"2014-05-03 14:22:25"},{"type":"video","file":"9979\\/","upload_on":"2014-05-03 14:22:25"}]', '2014-05-03 08:52:25', 312, NULL, NULL, 'a', 0, NULL, 'vidya', '1123456', 'vidya@gmail.com', NULL, 'p', NULL, NULL, NULL, NULL, NULL, NULL, NULL, NULL, NULL, NULL, NULL, NULL, NULL, '2359', NULL, NULL, '30', NULL, NULL, NULL, 0, 0, 0, NULL, '0.00', NULL, 0, 0, 'web'),
(621, 312, 't', 1, 'en_us', 'portfollio', 'hiring of graduates', 'f', '100.00', NULL, NULL, 'USD', 1, NULL, NULL, '2014-05-20', NULL, NULL, NULL, NULL, '[{"type":"image","file":"9979\\/312_1399107234_task_uploaded.jpg","upload_on":"2014-05-03 14:24:11"},{"type":"video","file":"9979\\/","upload_on":"2014-05-03 14:24:11"}]', '2014-05-03 08:54:11', 312, NULL, NULL, 'a', 0, NULL, 'vidya', '1123456', 'vidya@gmail.com', NULL, 'p', NULL, NULL, NULL, NULL, NULL, NULL, NULL, NULL, NULL, NULL, NULL, NULL, NULL, '2359', NULL, NULL, '50', NULL, NULL, NULL, 0, 0, 0, NULL, '0.00', NULL, 0, 0, 'web'),
(622, 304, 'p', 0, 'en_us', 'Translate a market research ', 'Translate a market research survey into German.\nMedical content.\nAimed at a Medical Professional audience thus formal language required.\nDue tomorrow\n\nQuite a simple job but I require them done this weekend if possible. Selected candidates may be given a simple drawing to do first to see if they are up for the job.\n\nI have attached the 2 pages showing the water cooler step-by-step process with the images in place. Also examples of the style of drawing required.\n\nThank you', 'o', '25.00', NULL, NULL, 'USD', 1, NULL, 'auto', NULL, NULL, NULL, NULL, NULL, NULL, '2014-05-03 09:04:10', 304, NULL, NULL, 'a', 0, NULL, NULL, NULL, NULL, NULL, 'p', NULL, NULL, NULL, 'i', 20, NULL, NULL, '2014-05-05', '1430', 'f', NULL, NULL, '2014-05-03 00:00:00', '2359', NULL, NULL, NULL, NULL, NULL, NULL, 1, 0, 0, NULL, '0.00', NULL, 0, 0, 'web'),
(623, 304, 'p', 0, 'en_us', '25 simple illustrations required in line', 'I require 25 line drawings created in Adobe illustrator for an instruction manual for a water cooler. I will supply the images, you just need to trace over them to create the illustration. You must be accurate and good at drawing hands.\r\n\r\nQuite a simple job but I require them done this weekend if possible. Selected candidates may be given a simple drawing to do first to see if they are up for the job.\r\n\r\nI have attached the 2 pages showing the water cooler step-by-step process with the images in place. Also examples of the style of drawing required.\r\n\r\nThank you', 'o', '25.00', NULL, NULL, 'USD', 1, NULL, 'auto', NULL, NULL, NULL, NULL, NULL, NULL, '2014-05-03 09:06:43', 304, '2014-05-03 09:06:50', 304, 'a', 0, NULL, NULL, NULL, NULL, NULL, 'p', NULL, NULL, NULL, 'i', 20, NULL, NULL, '2014-05-05', '1430', 'f', NULL, NULL, '2014-05-03 00:00:00', '2359', NULL, NULL, NULL, NULL, NULL, NULL, 1, 0, 0, NULL, '0.00', NULL, 0, 0, 'web'),
(624, 305, 'p', 0, 'en_us', 'I need PowerPoint presentation', 'New to PPH? Here''s a guide to build an amazing freelance portfolio!\r\nI need PowerPoint presentation for professional services\r\nURGENT\r\n\r\n    Posted: 14 hours ago\r\n    Remote\r\n    #477404\r\n\r\n    Ends in\r\n    (days):\r\n    29\r\n    Willing to spend:\r\n    £15/hr\r\n    (approx. $25/hr)\r\n\r\nDan H.Vicarius S.Guss M.Amit S.JustCreative D. + 12 others have already sent a proposal. Get ahead of them with a Featured Proposal »\r\n\r\n    6\r\n    0\r\n    inShare\r\n\r\nDescription\r\n\r\nEstimated duration: Ongoing\r\nInformation for the business: Professional services\r\nIndustry: Business\r\nKind of design: Full presentation\r\nTarget audience: Professional services\r\nNumber of slides needed: 6\r\nData and special elements to include: Design, traffic lights, flow chart.\r\nIdeas for the visual style: Professional\r\nExtra notes: PowerPoint presentation and word presentation for professional services. Candidate must have experience of working recently for large accountancy or law firms.', 'o', '456.00', NULL, NULL, 'USD', 1, NULL, 'auto', '2014-05-30', NULL, NULL, NULL, NULL, NULL, '2014-05-03 09:25:36', 305, '2014-05-03 09:25:42', 305, 'a', 0, NULL, NULL, NULL, NULL, NULL, 'p', NULL, NULL, NULL, 'p', 20, NULL, NULL, NULL, NULL, 'b', NULL, NULL, '2014-05-03 00:00:00', '2359', NULL, NULL, '', NULL, NULL, NULL, 1, 0, 0, NULL, '0.00', NULL, 0, 0, 'web'),
(625, 306, 'p', 0, 'en_us', 'Animal care worker', 'If you love the idea of working with animals, this could be just what you are looking for. As an animal care worker you will look after animals in kennels. You may also look after them in rescue centres or sanctuaries.\r\n\r\nYou do not always need formal qualifications for animal care jobs, although some employers may ask for qualifications such as GCSEs. Experience of working with animals does help. Once you are employed as an animal care worker, you will receive training on the job.', 'o', '0.00', NULL, NULL, 'USD', 1, NULL, 'user', '2014-05-31', NULL, NULL, NULL, NULL, NULL, '2014-05-03 09:29:30', 306, NULL, NULL, 'a', 0, NULL, NULL, NULL, NULL, NULL, 'p', NULL, NULL, NULL, 'p', 5, NULL, NULL, NULL, NULL, 'b', NULL, NULL, '2014-05-03 00:00:00', '2359', NULL, NULL, '30', NULL, NULL, NULL, 1, 0, 0, NULL, '0.00', NULL, 0, 0, 'web'),
(626, 306, 'p', 0, 'en_us', 'Huxtaburgers and fries delivered to your', 'Peckish for a taste of Huxtaburger goodness? Use Airtasker for food pick up & delivery tasks or finding local services in minutes - online or via mobile.', 'o', '25.00', NULL, NULL, 'USD', 1, NULL, 'auto', '2014-05-30', NULL, NULL, NULL, NULL, NULL, '2014-05-03 09:33:03', 306, NULL, NULL, 'a', 0, NULL, NULL, NULL, NULL, NULL, 'p', NULL, NULL, NULL, 'p', 5, NULL, NULL, NULL, NULL, 'b', NULL, NULL, '2014-05-03 00:00:00', '2359', NULL, NULL, '23', NULL, NULL, NULL, 2, 0, 0, NULL, '0.00', NULL, 0, 0, 'web'),
(627, 306, 'p', 0, 'en_us', 'Moving furniture in the same building', 'Need two strong men to move the following from L3 to L10 (lifts available):\r\n- one chest of drawer\r\n- two queen beds, need assembling\r\n- two bookcases\r\n- one 42" TV\r\n- one 3 seater lounge\r\n- one writing desk\r\n- a dozen carton boxes\r\n- one 4.2L fridge\r\n- one 7L washing machine\r\n- move items from one storage cage to another\r\n- disassembled one queen bed for disposal in garbage room in same building\r\n- some garbage removal to garbage room\r\n- no trucks required', 'o', '215.00', NULL, NULL, 'USD', 1, NULL, 'auto', NULL, NULL, NULL, NULL, NULL, NULL, '2014-05-03 09:41:33', 306, '2014-05-03 09:41:39', 306, 'a', 0, NULL, NULL, NULL, NULL, NULL, 'p', NULL, NULL, NULL, 'i', 5, NULL, NULL, '2014-05-05', '1510', 'f', NULL, NULL, '2014-05-03 00:00:00', '2359', NULL, NULL, NULL, NULL, NULL, NULL, 2, 0, 0, NULL, '0.00', NULL, 0, 0, 'web'),
(628, 306, 'p', 0, 'en_us', 'Need someone to complete financial model', 'Accounting software: Excel\r\nDescription of support work: I have a financial model built for a client. It’s quite complex, including an assumptions system and a full financial forecast including P&L, Balance Sheet, Cash Flow, Capex, and a Summarized Yearly Report....\r\n\r\nAll of the sheets are built, but some of the information is linked incorrectly.... I need the model reviewed, completed and designed so that the final user can easily edit it (Using a questionnaire that is built in the beginning), so that it is numerically correct and so that it is designed clean and professionally.\r\nExtra notes: ThinkLions.com, we write and provide business plans for final customers.\r\n\r\nPlease contact me to view the current model.', 'o', '0.00', NULL, NULL, 'USD', 1, NULL, 'auto', '2014-05-29', NULL, NULL, NULL, NULL, NULL, '2014-05-03 09:50:45', 306, NULL, NULL, 'a', 0, NULL, NULL, NULL, NULL, NULL, 'p', NULL, NULL, NULL, 'p', 5, NULL, NULL, NULL, NULL, 'b', NULL, NULL, '2014-05-03 00:00:00', '2359', NULL, NULL, '', NULL, NULL, NULL, 2, 0, 0, NULL, '0.00', NULL, 0, 0, 'web'),
(629, 306, 'p', 0, 'en_us', 'Yard Work walks, and walls.', 'Care for established lawns by mulching, aerating, weeding, grubbing and removing thatch, and trimming and edging around flower beds, walks, and walls. Plant seeds, bulbs, foliage, flowering plants, grass, ground covers, trees, and shrubs, and apply mulch for protection, using gardening tools. Attach wires from planted trees to support stakes. Mow and edge lawns, using power mowers and edgers. Mix and spray or spread fertilizers, herbicides, or insecticides onto grass, shrubs, and trees, using hand or automatic sprayers or spreaders.', 'o', '25.00', NULL, NULL, 'USD', 1, NULL, 'user', '2014-05-30', NULL, NULL, NULL, NULL, NULL, '2014-05-03 10:10:18', 306, NULL, NULL, 'a', 0, NULL, NULL, NULL, NULL, NULL, 'p', NULL, NULL, NULL, 'p', 5, NULL, NULL, NULL, NULL, 'b', NULL, NULL, '2014-05-03 00:00:00', '2359', NULL, NULL, '34', NULL, NULL, NULL, 0, 0, 0, NULL, '0.00', NULL, 0, 0, 'web'),
(630, 306, 'p', 0, 'en_us', 'Yard Work-Care for established lawns', 'Care for established lawns by mulching, aerating, weeding, grubbing and removing thatch, and trimming and edging around flower beds, walks, and walls. Plant seeds, bulbs, foliage, flowering plants, grass, ground covers, trees, and shrubs, and apply mulch for protection, using gardening tools. Attach wires from planted trees to support stakes. Mow and edge lawns, using power mowers and edgers. Mix and spray or spread fertilizers, herbicides, or insecticides onto grass, shrubs, and trees, using hand or automatic sprayers or spreaders.', 'o', '25.00', NULL, NULL, 'USD', 1, NULL, 'auto', '2014-05-29', NULL, NULL, NULL, NULL, NULL, '2014-05-03 10:13:10', 306, NULL, NULL, 'a', 0, NULL, NULL, NULL, NULL, NULL, 'p', NULL, NULL, NULL, 'p', 5, NULL, NULL, NULL, NULL, 'b', NULL, NULL, '2014-05-03 00:00:00', '2359', NULL, NULL, '', NULL, NULL, NULL, 2, 0, 0, NULL, '0.00', NULL, 0, 0, 'web'),
(631, 306, 'p', 0, 'en_us', 'Snow Removal', 'Vast working experience with snow removal equipment Profound knowledge of mechanical and electrical maintenance Proficient with safety rules Ability to travel to different client sites with limited advance notice Ability to work with minimal supervision Maintain the work area and equipment in a clean and orderly condition', 'o', '0.00', NULL, NULL, 'USD', 1, NULL, 'auto', '2014-05-23', NULL, NULL, NULL, NULL, NULL, '2014-05-03 10:14:23', 306, NULL, NULL, 'a', 0, NULL, NULL, NULL, NULL, NULL, 'p', NULL, NULL, NULL, 'p', 5, NULL, NULL, NULL, NULL, 'b', NULL, NULL, '2014-05-03 00:00:00', '2359', NULL, NULL, '', NULL, NULL, NULL, 2, 0, 0, NULL, '0.00', NULL, 0, 0, 'web'),
(632, 307, 'p', 0, 'en_us', 'Need a landscaping worker', 'We need a hard working landscaping worker. The area willl be around 203 square metres .', 'o', '25.00', NULL, NULL, 'USD', 1, NULL, 'auto', NULL, NULL, NULL, NULL, NULL, NULL, '2014-05-03 10:17:40', 307, '2014-05-05 06:08:23', 317, 'a', 0, NULL, NULL, NULL, NULL, NULL, 'p', NULL, NULL, NULL, 'i', 5, NULL, NULL, '2014-05-03', '2359', 'f', NULL, NULL, '2014-05-03 00:00:00', '2359', NULL, NULL, NULL, NULL, NULL, NULL, 3, 2, 0, '0.00', '71.50', NULL, 0, 0, 'web'),
(633, 307, 'p', 0, 'en_us', 'Cab for a whole day', 'A cab needed for a whole day in newyork.', 'a', '0.00', NULL, NULL, 'USD', 1, NULL, 'auto', NULL, NULL, NULL, NULL, NULL, NULL, '2014-05-03 10:18:58', 307, '2014-05-05 05:27:54', 317, 'a', 0, NULL, NULL, NULL, NULL, NULL, 'p', NULL, NULL, NULL, 'i', 5, NULL, NULL, '2014-05-03', '2348', 'f', NULL, NULL, '2014-05-03 00:00:00', '2359', NULL, NULL, NULL, NULL, NULL, NULL, 3, 8, 4, '0.00', '35.13', NULL, 0, 0, 'web'),
(634, 307, 'p', 0, 'en_us', 'Pizza delivery man needed', 'A pizza delivery man needed who knows english very well.', 'a', '34.00', NULL, NULL, 'USD', 1, NULL, 'auto', NULL, NULL, NULL, NULL, NULL, NULL, '2014-05-03 10:23:05', 307, '2014-05-05 04:41:18', 317, 'a', 0, NULL, NULL, NULL, NULL, NULL, 'p', NULL, NULL, NULL, 'i', 5, NULL, NULL, '2014-05-03', '2352', 'f', NULL, NULL, '2014-05-03 00:00:00', '2359', NULL, NULL, NULL, NULL, NULL, NULL, 3, 6, 3, '0.00', '36.33', NULL, 0, 0, 'web'),
(635, 317, 'p', 0, 'en_us', 'IT & Programming', 'Computer hardware skills such as are needed to keep several servers (production, backup, development) running smoothly.\r\nThe person must be able to work independently and in a team setting. Must be able to communicate with all levels of audience, the person will need to show confidence and initiative and have a solid commitment to quality solutions.', 'a', '300.00', NULL, NULL, 'USD', 1, NULL, NULL, NULL, NULL, NULL, NULL, 3, '[{"type":"image","file":"3536\\/317_1399264189_uploaded.jpg","upload_on":1399264194}]', '2014-05-05 04:29:13', 317, '2014-05-05 04:30:24', 317, 'a', 0, NULL, NULL, NULL, NULL, NULL, 'p', NULL, NULL, NULL, 'v', NULL, '2014-05-05', NULL, '2014-07-24', NULL, 'b', NULL, NULL, '2014-05-05 00:00:00', '2359', NULL, NULL, '300', '15 days', '2014-05-05 00:00:00', '2014-05-20 00:00:00', 0, 3, 2, '1.00', '22.33', NULL, 0, 0, 'web'),
(636, 317, 'p', 0, 'en_us', 'Yard Work is work full', 'Care for established lawns by mulching, aerating, weeding, grubbing and removing thatch, and trimming and edging around flower beds, walks, and walls.\r\nPlant seeds, bulbs, foliage, flowering plants, grass, ground covers, trees, and shrubs, and apply mulch for protection, using gardening tools.\r\nAttach wires from planted trees to support stakes.\r\nMow and edge lawns, using power mowers and edgers.\r\nMix and spray or spread fertilizers, herbicides, or insecticides onto grass, shrubs, and trees, using hand or automatic sprayers or spreaders.', 'o', '200.00', NULL, NULL, 'USD', 1, NULL, 'auto', '2014-08-08', NULL, NULL, NULL, 4, '[{"type":"image","file":"3536\\/317_1399272165_uploaded.jpg","upload_on":1399978685},{"type":"image","file":"3536\\/317_1399272168_uploaded.jpg","upload_on":1399978685}]', '2014-05-05 06:46:10', 1, '2014-05-05 06:46:18', 317, 'a', 0, NULL, NULL, NULL, NULL, NULL, 'p', NULL, NULL, NULL, 'p', 5, NULL, NULL, NULL, NULL, 'b', NULL, NULL, '2014-05-05 00:00:00', '2359', NULL, NULL, '200', NULL, NULL, NULL, 3, 0, 0, '3.00', '0.00', NULL, 0, 0, 'web'),
(637, 317, 'p', 0, 'en_us', 'Restaurant Delivery', 'Care for established lawns by mulching, aerating, weeding, grubbing and removing thatch, and trimming and edging around flower beds, walks, and walls. Plant seeds, bulbs, foliage, flowering plants, grass, Care for established lawns by mulching, aerating, weeding, grubbing and removing thatch, and trimming and edging around flower beds, walks, and walls. Plant seeds, bulbs, foliage, flowering plants, grass,', 'o', '300.00', NULL, NULL, 'USD', 1, NULL, 'auto', NULL, NULL, NULL, NULL, 4, '[{"type":"image","file":"3536\\/317_1399272507_uploaded.jpg","upload_on":1399272565}]', '2014-05-05 06:49:25', 317, '2014-05-05 06:49:29', 317, 'a', 0, NULL, NULL, NULL, NULL, NULL, 'p', NULL, NULL, NULL, 'i', 5, NULL, NULL, '2014-05-05', '1217', 'f', NULL, NULL, '2014-05-05 00:00:00', '2359', NULL, NULL, NULL, NULL, NULL, NULL, 4, 0, 0, '3.00', '0.00', NULL, 0, 0, 'web'),
(638, 317, 'p', 0, 'en_us', 'Wordpress Site Building advice needed', 'I am relaying HTML and CSS over current scripts, thus reinventing the homepage. I am looking for someone to log in and work with me as I ask questions. I am only looking for someone to help correct my code as they see it. We can talk via Skype and use programs like Team Viewer to see my code together. There we can talk it all through... You need to have a good basis in WP, CSS and HTML, with knowledge of hooking the site up to Paypal (which it kinda is at the moment), info about making it mobile-friendly and recommended use of excellent plug-ins. It will also help if your English is clearly understood, so we don''t spend needless time trying to understand each other', 'o', '25.00', NULL, NULL, 'USD', NULL, NULL, 'auto', NULL, NULL, NULL, NULL, 5, NULL, '2014-05-05 06:58:57', 317, '2014-05-05 06:59:05', 317, 'a', 0, NULL, NULL, NULL, NULL, NULL, 'p', NULL, NULL, NULL, 'i', 5, NULL, NULL, '2014-05-06', '1227', '', NULL, NULL, '2014-05-05 00:00:00', '2359', NULL, NULL, NULL, NULL, NULL, NULL, 0, 0, 0, '4.00', '0.00', NULL, 0, 0, 'web'),
(639, 307, 'p', 0, 'en_us', 'Yard Work for new tasker', 'Care for established lawns by mulching, aerating, weeding, grubbing and removing thatch, and trimming and edging around flower beds, walks, and walls.\r\nPlant seeds, bulbs, foliage, flowering plants, grass, ground covers, trees, and shrubs, and apply mulch for protection, using gardening tools.\r\nAttach wires from planted trees to support stakes.\r\nMow and edge lawns, using power mowers and edgers.\r\nMix and spray or spread fertilizers, herbicides, or insecticides onto grass, shrubs, and trees, using hand or automatic sprayers or spreaders.', 'o', '300.00', NULL, NULL, 'USD', 1, NULL, 'auto', '2014-05-05', NULL, NULL, NULL, NULL, NULL, '2014-05-05 09:17:55', 307, '2014-05-05 09:17:58', 307, 'a', 0, NULL, NULL, NULL, NULL, NULL, 'p', NULL, NULL, NULL, 'p', 5, NULL, NULL, NULL, NULL, 'b', NULL, NULL, '2014-05-05 00:00:00', '2359', NULL, NULL, '300', NULL, NULL, NULL, 3, 0, 0, NULL, '0.00', NULL, 0, 0, 'web'),
(640, 317, 'p', 0, 'en_us', 'This is the IT & Programming', 'Computer hardware skills such as are needed to keep several servers (production, backup, development) running smoothly.\r\nThe person must be able to work independently and in a team setting. Must be able to communicate with all levels of audience, the person will need to show confidence and initiative and have a solid commitment to quality solutions.', 'c', '350.00', NULL, NULL, 'USD', 1, NULL, NULL, NULL, NULL, NULL, NULL, NULL, NULL, '2014-05-05 09:21:27', 317, '2014-05-05 09:22:25', 307, 'a', 0, NULL, NULL, NULL, NULL, NULL, 'p', NULL, NULL, NULL, 'v', NULL, '2014-05-05', NULL, '2014-08-26', NULL, 'b', NULL, NULL, '2014-05-05 00:00:00', '2359', NULL, NULL, '300', '1 month', '2014-05-05 00:00:00', '2014-06-05 00:00:00', 0, 2, 0, '2.00', '165.00', NULL, 0, 0, 'web'),
(641, 298, 'p', 0, 'en_us', 'IT & Programming task', 'Computer hardware skills such as are needed to keep several servers (production, backup, development) running smoothly.\r\nThe person must be able to work independently and in a team setting. Must be able to communicate with all levels of audience, the person will need to show confidence and initiative and have a solid commitment to quality solutions.', 'o', '0.00', NULL, NULL, 'USD', 1, NULL, NULL, NULL, NULL, NULL, NULL, NULL, NULL, '2014-05-05 09:27:04', 298, NULL, NULL, 'a', 0, NULL, NULL, NULL, NULL, NULL, 'p', NULL, NULL, NULL, 'v', NULL, '2014-05-05', NULL, '2014-07-22', NULL, 'b', NULL, NULL, '2014-05-05 00:00:00', '2359', NULL, NULL, '200', '1 month', '2014-05-05 00:00:00', '2014-06-06 00:00:00', 0, 0, 0, NULL, '0.00', NULL, 0, 0, 'web'),
(642, 298, 'p', 0, 'en_us', 'Restaurant Delivery', 'trees, and shrubs, and apply mulch for protection, using gardening tools. Attach wires from planted trees to support stakes. Mow and edge lawns, using power mowers and edgers. Mix and spray or spread fertilizers, herbicides, or insecticides onto grass, shrubs, and trees, using hand or automatic sprayers or spreaders. trees, and shrubs, and apply mulch for protection, using gardening tools. Attach wires from planted trees to support stakes. Mow and edge lawns, using power mowers and edgers. Mix and spray or spread fertilizers, herbicides, or insecticides onto grass, shrubs, and trees, using hand or automatic sprayers or spreaders. ', 'o', '898.00', NULL, NULL, 'USD', 1, NULL, 'auto', '2014-08-05', NULL, NULL, NULL, NULL, NULL, '2014-05-05 09:29:11', 298, NULL, NULL, 'a', 0, NULL, NULL, NULL, NULL, NULL, 'p', NULL, NULL, NULL, 'p', 5, NULL, NULL, NULL, NULL, 'b', NULL, NULL, '2014-05-05 00:00:00', '2359', NULL, NULL, '250', NULL, NULL, NULL, 0, 0, 0, NULL, '0.00', NULL, 0, 0, 'web'),
(643, 298, 'p', 0, 'en_us', 'Yard Work-Care for established lawns', 'edging around flower beds, walks, and walls. Plant seeds, bulbs, foliage, flowering plants, grass, ground covers, trees, and shrubs, and apply mulch for protection, using gardening tools. Attach wires from planted trees to support stakes. Mow and edge lawns, using power mowers and edgers. Mix and spray or spread fertilizers, herbicides, or insecticides onto grass, shrubs, and trees, using hand or automatic sprayers or spreaders. 123', 'o', '25.00', NULL, NULL, 'USD', 1, NULL, 'auto', NULL, NULL, NULL, NULL, NULL, '[{"type":"image","file":"6069\\/298_1399359022_uploaded.png","upload_on":1399359026}]', '2014-05-05 11:26:35', 298, NULL, NULL, 'a', 0, NULL, NULL, NULL, NULL, NULL, 'p', NULL, NULL, NULL, 'i', 5, NULL, NULL, '2014-05-07', '1655', 'f', NULL, NULL, '2014-05-05 00:00:00', '2359', NULL, NULL, NULL, NULL, NULL, NULL, 4, 0, 0, NULL, '0.00', NULL, 0, 0, 'web'),
(644, 299, 'p', 0, 'en_us', 'This is IT & Programming', 'Computer hardware skills such as are needed to keep several servers (production, backup, development) running smoothly.\r\nThe person must be able to work independently and in a team setting. Must be able to communicate with all levels of audience, the person will need to show confidence and initiative and have a solid commitment to quality solutions.', 'c', '500.00', NULL, NULL, 'USD', 1, NULL, NULL, NULL, NULL, NULL, NULL, NULL, NULL, '2014-05-05 11:49:57', 299, '2014-05-05 12:02:33', 298, 'a', 0, NULL, NULL, NULL, NULL, NULL, 'p', NULL, NULL, NULL, 'v', NULL, '2014-05-05', NULL, '2014-06-30', NULL, 'b', NULL, NULL, '2014-05-05 00:00:00', '2359', NULL, NULL, '', '1 month', '2014-05-05 00:00:00', '2014-06-05 00:00:00', 0, 5, 0, '1.20', '354.00', 'new task posted', 0, 0, 'web'),
(645, 299, 'p', 0, 'en_us', 'This is Website Design', 'Plans site design by clarifying goals; designing functionality. Develops site navigation by categorizing content; funneling traffic through content. Develops site content and graphics by coordinating with copywriters and graphic artists; designing images, icons, banners, audio enhancements, etc.\r\nPrepares site by installing and configuring server software; installing programming language using authoring and formatting tools; ensuring cross-platform compatibility; establishing links.\r\nEstablishes locatability by registering with search engines. Upgrades site by updating content and graphics; monitoring performance and results; identifying and evaluating improvement options; introducing new technology; maintaining links.\r\nProtects site by designing and installing security precautions.\r\nMaintains site appearance by developing and enforcing content and display standards; editing submissions.', 'c', '200.00', NULL, NULL, 'USD', 1, NULL, NULL, NULL, NULL, NULL, NULL, NULL, NULL, '2014-05-05 11:50:55', 299, '2014-05-05 12:00:05', 298, 'a', 0, NULL, NULL, NULL, NULL, NULL, 'p', NULL, NULL, NULL, 'v', NULL, '2014-05-05', NULL, '2014-07-31', NULL, 'b', NULL, NULL, '2014-05-05 00:00:00', '2359', NULL, NULL, '', '1 month', '2014-05-05 00:00:00', '2014-06-05 00:00:00', 0, 5, 0, '1.20', '150.00', 'dont like it', 0, 0, 'web'),
(646, 299, 'p', 0, 'en_us', 'Template add for my add', 'Care for established lawns by mulching, aerating, weeding, grubbing and removing thatch, and trimming and edging around flower beds, walks, and walls. Plant seeds, bulbs, foliage, flowering plants, grass, Care for established lawns by mulching, aerating, weeding, grubbing and removing thatch, and trimming and edging around flower beds, walks, and walls. Plant seeds, bulbs, foliage, flowering plants, grass,', 'c', '230.00', NULL, NULL, 'USD', 1, NULL, 'auto', '2014-05-14', NULL, NULL, NULL, NULL, NULL, '2014-05-05 11:52:25', 299, NULL, NULL, 'a', 0, NULL, NULL, NULL, NULL, NULL, 'p', NULL, NULL, NULL, 'p', 5, NULL, NULL, NULL, NULL, 'b', NULL, NULL, '2014-05-05 00:00:00', '2359', NULL, NULL, '500', NULL, NULL, NULL, 4, 0, 0, NULL, '0.00', NULL, 0, 0, 'web'),
(647, 299, 'p', 0, 'en_us', 'Shipping for anyone', 'Acquire contact information of each account on your delivery route. This goes beyond the physical address. By having the current name and telephone number of your point of contact, you can directly address the proper source with any questions, concerns or updates.\r\n\r\nWork in clusters, grouping the stops along your delivery route that are close in proximity to each other.', 'o', '200.00', NULL, NULL, 'USD', 1, NULL, 'auto', NULL, NULL, NULL, NULL, NULL, NULL, '2014-05-05 11:53:55', 299, NULL, NULL, 'a', 0, NULL, NULL, NULL, NULL, NULL, 'p', NULL, NULL, NULL, 'i', 5, NULL, NULL, '2014-05-07', '1722', 'f', NULL, NULL, '2014-05-05 00:00:00', '2359', NULL, NULL, NULL, NULL, NULL, NULL, 4, 0, 0, NULL, '0.00', 'new task', 0, 0, 'web'),
(648, 299, 'p', 0, 'en_us', 'Task on code php', 'Care for established lawns by mulching, aerating, weeding, grubbing and removing thatch, and trimming and edging around flower beds, walks, and walls. Plant seeds, bulbs, foliage, flowering plants, grass, ground covers, trees, and shrubs, and apply mulch for protection, using gardening tools. Attach wires from planted trees to support stakes. Mow and edge lawns, using power mowers and edgers. Mix and spray or spread fertilizers, herbicides, or insecticides onto grass, shrubs, and trees, using hand or automatic sprayers or spreaders.', 'c', '200.00', NULL, NULL, 'USD', 1, NULL, NULL, NULL, NULL, NULL, NULL, NULL, NULL, '2014-05-05 11:55:13', 299, '2014-05-05 11:56:33', 298, 'a', 0, NULL, NULL, NULL, NULL, NULL, 'p', NULL, NULL, NULL, 'v', NULL, '2014-05-05', NULL, '2014-07-31', NULL, 'b', NULL, NULL, '2014-05-05 00:00:00', '2359', NULL, NULL, '', '1 month', '2014-05-05 00:00:00', '2014-06-05 00:00:00', 0, 5, 0, '1.20', '121.60', 'want to post new task', 0, 0, 'web'),
(649, 299, 'p', 0, 'en_us', 'This is the Dot Net Project', 'Care for established lawns by mulching, aerating, weeding, grubbing and removing thatch, and trimming and edging around flower beds, walks, and walls. Plant seeds, bulbs, foliage, flowering plants, grass, Care for established lawns by mulching, aerating, weeding, grubbing and removing thatch, and trimming and edging around flower beds, walks, and walls. Plant seeds, bulbs, foliage, flowering plants, grass', 'c', '230.00', NULL, NULL, 'USD', 1, NULL, NULL, NULL, NULL, NULL, NULL, NULL, NULL, '2014-05-05 12:05:32', 299, '2014-05-05 12:11:34', 298, 'a', 0, NULL, NULL, NULL, NULL, NULL, 'p', NULL, NULL, NULL, 'v', NULL, '2014-05-05', NULL, '2014-07-09', NULL, 'b', NULL, NULL, '2014-05-05 00:00:00', '2359', NULL, NULL, '', '1 month', '2014-05-05 00:00:00', '2014-06-05 00:00:00', 0, 5, 0, '1.20', '170.00', 'some requirement changes ', 0, 0, 'web'),
(650, 299, 'p', 0, 'en_us', 'Logo Design for my site', 'Acquire contact information of each account on your delivery route. This goes beyond the physical address. By having the current name and telephone number of your point of contact, you can directly address the proper source with any questions, concerns or updates. Work in clusters, grouping the stops along your delivery route that are close in proximity to each other.', 'c', '240.00', NULL, NULL, 'USD', 1, NULL, NULL, NULL, NULL, NULL, NULL, NULL, '[{"type":"image","file":"3633\\/299_1399291618_uploaded.jpg","upload_on":1399368317}]', '2014-05-05 12:07:13', 299, '2014-05-05 12:11:14', 298, 'a', 0, NULL, NULL, NULL, NULL, NULL, 'p', NULL, NULL, NULL, 'v', NULL, '2014-05-05', NULL, '2014-07-30', NULL, 'b', NULL, NULL, '2014-05-05 00:00:00', '2359', NULL, NULL, '', '15 days', '2014-05-05 00:00:00', '2014-05-21 00:00:00', 0, 5, 0, '1.20', '174.00', NULL, 0, 0, 'web'),
(651, 299, 'p', 0, 'en_us', 'Graphic Design for Animation', 'Acquire contact information of each account on your delivery route. This goes beyond the physical address. By having the current name and telephone number of your point of contact, you can directly address the proper source with any questions, concerns or updates. Work in clusters, grouping the stops along your delivery route that are close in proximity to each other.', 'c', '260.00', NULL, NULL, 'USD', 1, NULL, NULL, NULL, NULL, NULL, NULL, NULL, NULL, '2014-05-05 12:08:42', 299, '2014-05-05 12:10:15', 298, 'a', 0, NULL, NULL, NULL, NULL, NULL, 'p', NULL, NULL, NULL, 'v', NULL, '2014-05-05', NULL, '2014-06-03', NULL, 'b', NULL, NULL, '2014-05-05 00:00:00', '2359', NULL, NULL, '', '15 days', '2014-05-05 00:00:00', '2014-05-21 00:00:00', 0, 5, 0, '1.20', '172.00', 'for some changes', 0, 0, 'web'),
(653, 312, 't', 1, 'en_us', 'education', 'we need to train a group in particular domain', 'f', '600.00', NULL, NULL, 'USD', 1, NULL, NULL, '2014-05-20', NULL, NULL, NULL, NULL, '[{"type":"image","file":"9979\\/312_1399350556_task_uploaded.jpg","upload_on":"2014-05-06 10:00:08"},{"type":"video","file":"9979\\/","upload_on":"2014-05-06 10:00:08"}]', '2014-05-06 04:30:08', 312, NULL, NULL, 'a', 0, NULL, 'john', '823006', 'john@gmail.com', NULL, 'p', NULL, NULL, NULL, NULL, NULL, NULL, NULL, NULL, NULL, NULL, NULL, NULL, NULL, '2359', NULL, NULL, '100', NULL, NULL, NULL, 0, 0, 0, NULL, '0.00', NULL, 0, 0, 'web'),
(654, 299, 't', 1, 'en_us', 'Cuban Cigars', 'a magrnto multi site application to sell premium cigars', 'f', '254.00', NULL, NULL, 'USD', 1, NULL, NULL, '2014-05-04', NULL, NULL, NULL, NULL, '[{"type":"video","file":"3633\\/","upload_on":"2014-05-06 10:13:53"}]', '2014-05-06 04:32:59', 299, NULL, NULL, 'a', 0, NULL, 'virendra', '9856325412', 'virendra@gmail.com', NULL, 'p', NULL, NULL, NULL, NULL, NULL, NULL, NULL, NULL, NULL, NULL, NULL, NULL, NULL, '2359', NULL, NULL, '45', NULL, NULL, NULL, 0, 0, 0, NULL, '0.00', NULL, 0, 0, 'web'),
(655, 312, 'p', 0, 'en_us', 'hiring of graduates', 'IT & Programming\r\n\r\nComputer hardware skills such as are needed to keep several servers (production, backup, development) running smoothly. The person must be able to work independently and in a team setting. Must be able to communicate with all levels of audience, the person will need to show confidence and initiative and have a solid commitment to quality solutions.', 'o', '500.00', NULL, NULL, 'USD', 1, NULL, NULL, NULL, NULL, NULL, NULL, NULL, '[{"type":"image","file":"9979\\/312_1399350942_uploaded.jpg","upload_on":1399351235}]', '2014-05-06 04:38:56', 312, '2014-05-06 04:40:13', 312, 'a', 0, NULL, NULL, NULL, NULL, NULL, 'p', NULL, NULL, NULL, 'v', NULL, '2014-05-20', NULL, '2014-05-30', NULL, 'b', NULL, NULL, '2014-05-06 00:00:00', '2359', NULL, NULL, '100', '15 days', '2014-05-06 00:00:00', '2014-05-21 00:00:00', 0, 0, 0, NULL, '0.00', NULL, 0, 0, 'web'),
(656, 312, 'p', 0, 'en_us', 'pizza delivery boys', 'several location in Texas need pizza delivery boy for day shift', 'o', '500.00', NULL, NULL, 'USD', 1, NULL, 'auto', '2014-05-30', NULL, NULL, NULL, NULL, '[{"type":"image","file":"9979\\/312_1399351605_uploaded.jpeg","upload_on":1399351655}]', '2014-05-06 04:47:36', 312, '2014-05-06 04:47:48', 312, 'a', 0, NULL, NULL, NULL, NULL, NULL, 'p', NULL, NULL, NULL, 'p', 10, NULL, NULL, NULL, NULL, 'b', NULL, NULL, '2014-05-06 00:00:00', '2359', NULL, NULL, '100', NULL, NULL, NULL, 0, 0, 0, NULL, '0.00', NULL, 0, 0, 'web'),
(657, 312, 'p', 0, 'en_us', 'shipping of goods on time', 'Acquire contact information of each account on your delivery route. This goes beyond the physical address. By having the current name and telephone number of your point of contact, you can directly address the proper source with any questions, concerns or updates. Work in clusters, grouping the stops along your delivery route that are close in proximity to each other.', 'o', '50.00', NULL, NULL, 'USD', 1, NULL, 'auto', NULL, NULL, NULL, NULL, NULL, '[{"type":"image","file":"9979\\/312_1399352006_uploaded.jpg","upload_on":1399352043}]', '2014-05-06 04:54:03', 312, '2014-05-06 04:54:25', 312, 'a', 0, NULL, NULL, NULL, NULL, NULL, 'p', NULL, NULL, NULL, 'i', 20, NULL, NULL, '2014-05-08', '1020', 'f', NULL, NULL, '2014-05-06 00:00:00', '2359', NULL, NULL, NULL, NULL, NULL, NULL, 0, 0, 0, NULL, '0.00', NULL, 0, 0, 'web'),
(658, 301, 't', 1, 'en_us', 'php designer', 'to make website in easy and within less time duration it can be a good choice', 'f', '50.00', NULL, NULL, 'USD', 1, NULL, NULL, '2014-05-10', NULL, NULL, NULL, NULL, '[{"type":"image","file":"6968\\/301_1399352603_task_uploaded.jpg","upload_on":"2014-05-06 10:34:23"},{"type":"video","file":"6968\\/","upload_on":"2014-05-06 10:34:23"}]', '2014-05-06 05:04:23', 301, NULL, NULL, 'a', 0, NULL, 'roland', '157038700', 'roland@gmail.com', NULL, 'p', NULL, NULL, NULL, NULL, NULL, NULL, NULL, NULL, NULL, NULL, NULL, NULL, NULL, '2359', NULL, NULL, '100', NULL, NULL, NULL, 0, 0, 0, NULL, '0.00', NULL, 0, 0, 'web'),
(659, 301, 'p', 0, 'en_us', 'php designer', 'It can be a better choice to take this technology for most of the software development', 'o', '300.00', NULL, NULL, 'USD', 1, NULL, NULL, NULL, NULL, NULL, NULL, NULL, '[{"type":"image","file":"6968\\/301_1399352786_uploaded.jpg","upload_on":1399352813}]', '2014-05-06 05:06:53', 301, '2014-05-06 05:07:05', 301, 'a', 0, NULL, NULL, NULL, NULL, NULL, 'p', NULL, NULL, NULL, 'v', NULL, '2014-05-10', NULL, '2014-05-30', NULL, 'b', NULL, NULL, '2014-05-06 00:00:00', '2359', NULL, NULL, '200', '15 days', '2014-05-06 00:00:00', '2014-05-21 00:00:00', 0, 0, 0, NULL, '0.00', NULL, 0, 0, 'web'),
(660, 301, 'p', 0, 'en_us', 'php tutorial class', 'we need to launch  php tutorial classes by experts', 'o', '50.00', NULL, NULL, 'USD', 1, NULL, 'auto', '2014-05-30', NULL, NULL, NULL, NULL, '[{"type":"image","file":"6968\\/301_1399352968_uploaded.jpg","upload_on":1399353029}]', '2014-05-06 05:09:56', 301, '2014-05-06 05:10:19', 301, 'a', 0, NULL, NULL, NULL, NULL, NULL, 'p', NULL, NULL, NULL, 'p', 5, NULL, NULL, NULL, NULL, 'b', NULL, NULL, '2014-05-06 00:00:00', '2359', NULL, NULL, '200', NULL, NULL, NULL, 0, 0, 0, NULL, '0.00', NULL, 0, 0, 'web'),
(661, 304, 'p', 0, 'en_us', 'graphic designer', 'urgently require few graphic designer', 'o', '550.00', NULL, NULL, 'USD', 1, NULL, NULL, NULL, NULL, NULL, NULL, NULL, '[{"type":"image","file":"8706\\/304_1399353290_uploaded.jpg","upload_on":1399353311}]', '2014-05-06 05:15:11', 304, '2014-05-06 05:15:15', 304, 'a', 0, NULL, NULL, NULL, NULL, NULL, 'p', NULL, NULL, NULL, 'v', NULL, '2014-05-10', NULL, '2014-05-30', NULL, 'b', NULL, NULL, '2014-05-06 00:00:00', '2359', NULL, NULL, '200', '15 days', '2014-05-06 00:00:00', '2014-05-21 00:00:00', 0, 0, 0, NULL, '0.00', NULL, 0, 0, 'web'),
(662, 304, 'p', 0, 'en_us', 'Snow Removal', 'Vast working experience with snow removal equipment \r\nProfound knowledge of mechanical and electrical maintenance \r\nProficient with safety rules \r\nAbility to travel to different client sites with limited advance notice \r\nAbility to work with minimal supervision \r\nMaintain the work area and equipment in a clean and orderly condition', 'o', '25.00', NULL, NULL, 'USD', 1, NULL, 'auto', NULL, NULL, NULL, NULL, NULL, '[{"type":"image","file":"8706\\/304_1399353505_uploaded.jpg","upload_on":1399353524}]', '2014-05-06 05:18:44', 304, '2014-05-06 05:18:51', 304, 'a', 0, NULL, NULL, NULL, NULL, NULL, 'p', NULL, NULL, NULL, 'i', 20, NULL, NULL, '2014-05-08', '1046', 'f', NULL, NULL, '2014-05-06 00:00:00', '2359', NULL, NULL, NULL, NULL, NULL, NULL, 0, 0, 0, NULL, '0.00', NULL, 0, 0, 'web'),
(663, 313, 't', 1, 'en_us', 'restaurant', 'we can serve the best', 'f', '100.00', NULL, NULL, 'USD', 1, NULL, NULL, '2014-05-30', NULL, NULL, NULL, NULL, '[{"type":"image","file":"7181\\/313_1399354073_task_uploaded.jpg","upload_on":"2014-05-06 10:58:43"},{"type":"video","file":"7181\\/","upload_on":"2014-05-06 10:58:43"}]', '2014-05-06 05:28:43', 313, NULL, NULL, 'a', 0, NULL, 'maryzen', '1570387000', 'mary@gmail.com', NULL, 'p', NULL, NULL, NULL, NULL, NULL, NULL, NULL, NULL, NULL, NULL, NULL, NULL, NULL, '2359', NULL, NULL, '50', NULL, NULL, NULL, 0, 0, 0, NULL, '0.00', NULL, 0, 0, 'web'),
(664, 313, 'p', 0, 'en_us', 'restaurant services', 'we can provide one of the best services in nominal charges as compared to others', 'o', '600.00', NULL, NULL, 'USD', 1, NULL, 'auto', '2014-05-30', NULL, NULL, NULL, NULL, '[{"type":"image","file":"7181\\/313_1399354231_uploaded.jpg","upload_on":1399354266}]', '2014-05-06 05:31:07', 313, '2014-05-06 05:31:10', 313, 'a', 0, NULL, NULL, NULL, NULL, NULL, 'p', NULL, NULL, NULL, 'p', 20, NULL, NULL, NULL, NULL, 'b', NULL, NULL, '2014-05-06 00:00:00', '2359', NULL, NULL, '55', NULL, NULL, NULL, 0, 0, 0, NULL, '0.00', NULL, 0, 0, 'web'),
(665, 316, 'p', 0, 'en_us', 'emails and newsletter', 'Good emails and newsletter reflects company standards and quality of work', 'o', '600.00', NULL, NULL, 'USD', 1, NULL, NULL, NULL, NULL, NULL, NULL, NULL, '[{"type":"image","file":"9294\\/316_1399354617_uploaded.jpg","upload_on":1399354647}]', '2014-05-06 05:37:27', 316, '2014-05-06 05:37:31', 316, 'a', 0, NULL, NULL, NULL, NULL, NULL, 'p', NULL, NULL, NULL, 'v', NULL, '2014-05-10', NULL, '2014-05-25', NULL, 'b', NULL, NULL, '2014-05-06 00:00:00', '2359', NULL, NULL, '60', '15 days', '2014-05-06 00:00:00', '2014-05-21 00:00:00', 0, 0, 0, NULL, '0.00', NULL, 0, 0, 'web'),
(666, 316, 'p', 0, 'en_us', 'yoga trainer', 'we urgently require yoga trainer at several location', 'o', '300.00', NULL, NULL, 'USD', 1, NULL, 'auto', '2014-05-20', NULL, NULL, NULL, NULL, '[{"type":"image","file":"9294\\/316_1399354909_uploaded.jpg","upload_on":1399978402}]', '2014-05-06 05:42:13', 1, '2014-05-06 05:42:16', 316, 'a', 0, NULL, NULL, NULL, NULL, NULL, 'p', NULL, NULL, NULL, 'p', 10, NULL, NULL, NULL, NULL, 'b', NULL, NULL, '2014-05-06 00:00:00', '2359', NULL, NULL, '100', NULL, NULL, NULL, 0, 0, 0, NULL, '0.00', NULL, 0, 0, 'web'),
(667, 316, 'p', 0, 'en_us', 'pet care center', 'this center provide full pet care possibilities', 'o', '30.00', NULL, NULL, 'USD', 1, NULL, 'auto', NULL, NULL, NULL, NULL, NULL, '[{"type":"image","file":"9294\\/316_1399355106_uploaded.jpg","upload_on":1399355131}]', '2014-05-06 05:45:31', 316, '2014-05-06 05:45:33', 316, 'a', 0, NULL, NULL, NULL, NULL, NULL, 'p', NULL, NULL, NULL, 'i', 5, NULL, NULL, '2014-05-08', '0648', 'f', NULL, NULL, '2014-05-06 00:00:00', '2359', NULL, NULL, NULL, NULL, NULL, NULL, 0, 0, 0, NULL, '0.00', NULL, 0, 0, 'web'),
(668, 317, 'p', 0, 'en_us', 'Animation Job', 'Vast working experience with snow removal equipment Profound knowledge of mechanical and electrical maintenance Proficient with safety rules Ability to travel to different client sites with limited advance notice Ability to work with minimal supervision Maintain the work area and equipment in a clean and orderly condition', 'o', '200.00', NULL, NULL, 'USD', 1, NULL, NULL, NULL, NULL, NULL, NULL, NULL, NULL, '2014-05-06 06:40:30', 317, '2014-05-06 06:44:40', 317, 'a', 0, NULL, NULL, NULL, NULL, NULL, 'p', NULL, NULL, NULL, 'v', NULL, '2014-05-06', NULL, '2014-07-24', NULL, 'b', NULL, NULL, '2014-05-06 00:00:00', '2359', NULL, NULL, '300', '1 month', '2014-05-06 00:00:00', '2014-06-06 00:00:00', 0, 0, 0, NULL, '0.00', NULL, 0, 0, 'web'),
(669, 314, 't', 1, 'en_us', 'gardening', 'gardening can be made as an hobby as it gives complete health relaxation during work', 'f', '200.00', NULL, NULL, 'USD', 1, NULL, NULL, '2014-05-30', NULL, NULL, NULL, NULL, '[{"type":"image","file":"7852\\/314_1399360432_task_uploaded.jpg","upload_on":"2014-05-06 12:44:28"},{"type":"video","file":"7852\\/","upload_on":"2014-05-06 12:44:28"}]', '2014-05-06 07:14:28', 314, NULL, NULL, 'a', 0, NULL, 'roland', '1123456', 'roland@gmail.com', NULL, 'p', NULL, NULL, NULL, NULL, NULL, NULL, NULL, NULL, NULL, NULL, NULL, NULL, NULL, '2359', NULL, NULL, '100', NULL, NULL, NULL, 0, 0, 0, NULL, '0.00', NULL, 0, 0, 'web'),
(670, 314, 'p', 0, 'en_us', 'gardening and plantation', 'it requires plantation, irrigation and proper caring of plants during its nursery period after that it can be planted at different place as per the availability of space in garden.', 'o', '500.00', NULL, NULL, 'USD', 1, NULL, 'auto', '2014-05-30', NULL, NULL, NULL, NULL, '[{"type":"image","file":"7852\\/314_1399360807_uploaded.jpg","upload_on":1399360809}]', '2014-05-06 07:18:08', 314, '2014-05-06 07:19:26', 314, 'a', 0, NULL, NULL, NULL, NULL, NULL, 'p', NULL, NULL, NULL, 'p', 20, NULL, NULL, NULL, NULL, 'b', NULL, NULL, '2014-05-06 00:00:00', '2359', NULL, NULL, '', NULL, NULL, NULL, 1, 0, 0, NULL, '0.00', NULL, 0, 0, 'web'),
(671, 316, 'p', 0, 'en_us', 'This is the IT & Programming', 'I am looking for a provider that can build a website similar to this one: [obscured] /1rOgbLZ. Bidders with examples of similar projects will receive priority. I already have exact details about the final website and I will provide them to the providers I select as qualified', 'o', '200.00', NULL, NULL, 'USD', 1, NULL, 'auto', '2014-05-30', NULL, NULL, NULL, NULL, NULL, '2014-05-06 10:58:04', 1, '2014-05-06 10:58:10', 316, 'a', 0, NULL, NULL, NULL, NULL, NULL, 'p', NULL, NULL, NULL, 'p', 5, NULL, NULL, NULL, NULL, 'b', NULL, NULL, '2014-05-06 00:00:00', '2359', NULL, NULL, '20', NULL, NULL, NULL, 10, 0, 0, NULL, '0.00', NULL, 0, 0, 'web');
INSERT INTO `gc_dta_task` (`task_id`, `creator_user_id`, `creator_role`, `is_external`, `language_code`, `title`, `description`, `state`, `price`, `min_price`, `max_price`, `price_currency`, `is_public`, `tasker_user_id`, `tasker_id_source`, `task_finished_on`, `task_tasker_id`, `task_assigned_on`, `task_eta`, `rank`, `attachments`, `created_at`, `created_by`, `updated_at`, `updated_by`, `status`, `ref_pending`, `ref_done_on`, `ref_done_by_name`, `ref_done_by_phone`, `ref_done_by_email`, `ref_done_by_user_id`, `ref_verification_status`, `ref_notify_on`, `ref_notify_cnt`, `ref_remarks`, `task_kind`, `tasker_in_range`, `start_date`, `start_time`, `end_date`, `end_time`, `payment_mode`, `cash_required`, `preferred_location`, `valid_from_dt`, `valid_from_time`, `valid_to_dt`, `valid_to_time`, `work_hrs`, `bid_duration`, `bid_start_dt`, `bid_close_dt`, `invited_cnt`, `proposals_cnt`, `proposals_accpt_cnt`, `proposals_avg_rating`, `proposals_avg_price`, `task_cancel_reason`, `is_highlighted`, `is_premium`, `source_app`) VALUES
(672, 316, 'p', 0, 'en_us', 'Delivery IT & Programming', 'I am looking for a provider that can build a website similar to this one: [obscured] /1rOgbLZ. Bidders with examples of similar projects will receive priority. I already have exact details about the final website and I will provide them to the providers I select as qualified', 'o', '0.00', NULL, NULL, 'USD', NULL, NULL, 'auto', NULL, NULL, NULL, NULL, NULL, NULL, '2014-05-06 11:55:27', 316, '2014-05-06 11:55:33', 316, 'a', 0, NULL, NULL, NULL, NULL, NULL, 'p', NULL, NULL, NULL, 'i', 5, NULL, NULL, '2014-05-08', '1724', '', NULL, NULL, '2014-05-06 00:00:00', '2359', NULL, NULL, NULL, NULL, NULL, NULL, 10, 0, 0, NULL, '0.00', NULL, 0, 0, 'web'),
(673, 316, 'p', 0, 'en_us', 'Yard Work is work full', 'Yard Work is work fullYard Work is work fullYard Work is work fullYard Work is work fullYard Work is work fullYard Work is work fullYard Work is work full', 'o', '70.00', '20.00', '20.00', 'USD', 1, NULL, NULL, NULL, NULL, NULL, NULL, NULL, NULL, '2014-05-17 10:10:54', 316, NULL, 316, 'a', 0, NULL, NULL, NULL, NULL, NULL, 'p', NULL, NULL, NULL, 'v', NULL, NULL, NULL, '2014-05-22', '12:0', 'h', '50.00', NULL, NULL, '2359', NULL, NULL, '', NULL, NULL, NULL, 0, 0, 0, NULL, '0.00', NULL, 0, 0, 'web'),
(674, 316, 'p', 0, 'en_us', 'Yard Work is work full', 'Yard Work is work fullYard Work is work fullYard Work is work fullYard Work is work fullYard Work is work fullYard Work is work fullYard Work is work fullYard Work is work fullYard Work is work fullYard Work is work fullYard Work is work fullYard Work is work fullYard Work is work fullYard Work is work fullYard Work is work fullYard Work is work fullYard Work is work fullYard Work is work fullYard Work is work full', 'o', '90.00', '45.00', '45.00', 'USD', 0, NULL, NULL, NULL, NULL, NULL, NULL, NULL, NULL, '2014-05-17 10:20:46', 316, NULL, 316, 'a', 0, NULL, NULL, NULL, NULL, NULL, 'p', NULL, NULL, NULL, 'v', NULL, NULL, NULL, '2014-05-30', '19:45', 'h', '45.00', NULL, NULL, '2359', NULL, NULL, '5', NULL, NULL, NULL, 0, 0, 0, NULL, '0.00', NULL, 0, 0, 'web'),
(675, 316, 'p', 0, 'en_us', 'Yard Work is work full', 'Yard Work is work fullYard Work is work fullYard Work is work fullYard Work is work fullYard Work is work fullYard Work is work fullYard Work is work fullYard Work is work fullYard Work is work fullYard Work is work fullYard Work is work fullYard Work is work fullYard Work is work fullYard Work is work fullYard Work is work fullYard Work is work fullYard Work is work fullYard Work is work fullYard Work is work full', 'o', '90.00', '45.00', '45.00', 'USD', 0, NULL, NULL, NULL, NULL, NULL, NULL, NULL, NULL, '2014-05-17 10:23:44', 316, NULL, 316, 'a', 0, NULL, NULL, NULL, NULL, NULL, 'p', NULL, NULL, NULL, 'v', NULL, NULL, NULL, '2014-05-30', '19:45', 'h', '45.00', NULL, NULL, '2359', NULL, NULL, '5', NULL, NULL, NULL, 0, 0, 0, NULL, '0.00', NULL, 1, 1, 'web'),
(676, 316, 'p', 0, 'en_us', 'Yard Work is work full', 'Yard Work is work fullYard Work is work fullYard Work is work fullYard Work is work fullYard Work is work fullYard Work is work fullYard Work is work fullYard Work is work fullYard Work is work fullYard Work is work fullYard Work is work fullYard Work is work fullYard Work is work fullYard Work is work fullYard Work is work fullYard Work is work fullYard Work is work fullYard Work is work fullYard Work is work full', 'o', '90.00', '45.00', '45.00', 'USD', 0, NULL, NULL, NULL, NULL, NULL, NULL, NULL, NULL, '2014-05-17 10:26:59', 316, NULL, 316, 'a', 0, NULL, NULL, NULL, NULL, NULL, 'p', NULL, NULL, NULL, 'v', NULL, NULL, NULL, '2014-05-30', '19:45', 'h', '45.00', NULL, NULL, '2359', NULL, NULL, '5', NULL, NULL, NULL, 0, 0, 0, NULL, '0.00', NULL, 1, 1, 'web'),
(677, 316, 'p', 0, 'en_us', 'Yard Work is work full', 'Yard Work is work fullYard Work is work fullYard Work is work fullYard Work is work fullYard Work is work fullYard Work is work fullYard Work is work fullYard Work is work fullYard Work is work fullYard Work is work fullYard Work is work fullYard Work is work fullYard Work is work fullYard Work is work fullYard Work is work fullYard Work is work fullYard Work is work fullYard Work is work fullYard Work is work full', 'o', '90.00', '45.00', '45.00', 'USD', 0, NULL, NULL, NULL, NULL, NULL, NULL, NULL, NULL, '2014-05-17 10:28:39', 316, NULL, 316, 'a', 0, NULL, NULL, NULL, NULL, NULL, 'p', NULL, NULL, NULL, 'v', NULL, NULL, NULL, '2014-05-30', '19:45', 'h', '45.00', NULL, NULL, '2359', NULL, NULL, '5', NULL, NULL, NULL, 0, 0, 0, NULL, '0.00', NULL, 1, 1, 'web'),
(678, 316, 'p', 0, 'en_us', 'emails and newsletter', 'Vast working experience with snow removal equipment Profound knowledge of mechanical and electrical maintenance Proficient with safety rules Ability to travel to different client sites with limited advance notice Ability to work with minimal supervision Maintain the work area and equipment in a clean and orderly condition', 'o', '49.00', '45.00', '45.00', 'USD', 0, NULL, NULL, NULL, NULL, NULL, NULL, NULL, NULL, '2014-05-17 10:29:59', 316, NULL, 316, 'a', 0, NULL, NULL, NULL, NULL, NULL, 'p', NULL, NULL, NULL, 'v', NULL, NULL, NULL, '2014-05-29', '12:00', 'h', '4.00', NULL, NULL, '2359', NULL, NULL, '4', NULL, NULL, NULL, 0, 0, 0, NULL, '0.00', NULL, 1, 1, 'web'),
(679, 316, 'p', 0, 'en_us', 'Delivery IT & Programming', 'Good emails and newsletter reflects company standards and quality of work', 'o', '49.00', '45.00', '45.00', 'USD', 0, NULL, NULL, NULL, NULL, NULL, NULL, NULL, NULL, '2014-05-17 10:30:21', 316, NULL, 316, 'a', 0, NULL, NULL, NULL, NULL, NULL, 'p', NULL, NULL, NULL, 'v', NULL, NULL, NULL, '2014-05-29', '12:00', 'h', '4.00', NULL, NULL, '2359', NULL, NULL, '4', NULL, NULL, NULL, 0, 0, 0, NULL, '0.00', NULL, 1, 0, 'web'),
(680, 316, 'p', 0, 'en_us', 'This is the IT & Programming', 'I am looking for a provider that can build a website similar to this one: [obscured] /1rOgbLZ. Bidders with examples of similar projects will receive priority. I already have exact details about the final website and I will provide them to the providers I select as qualified', 'o', '49.00', '45.00', '45.00', 'USD', 1, NULL, NULL, NULL, NULL, NULL, NULL, NULL, NULL, '2014-05-17 10:36:58', 316, NULL, 316, 'a', 0, NULL, NULL, NULL, NULL, NULL, 'p', NULL, NULL, NULL, 'v', NULL, NULL, NULL, '2014-05-29', '12:00', 'f', '4.00', NULL, NULL, '2359', NULL, NULL, '4', NULL, NULL, NULL, 0, 0, 0, NULL, '0.00', NULL, 0, 0, 'web'),
(681, 316, 'p', 0, 'en_us', 'Yard Work is work full', 'gardening can be made as an hobby as it gives complete health relaxation during work', 'o', '49.00', '45.00', '45.00', 'USD', 1, NULL, NULL, NULL, NULL, NULL, NULL, NULL, NULL, '2014-05-17 10:47:14', 316, NULL, 316, 'a', 0, NULL, NULL, NULL, NULL, NULL, 'p', NULL, NULL, NULL, 'v', NULL, NULL, NULL, '2014-05-29', '12:00', 'h', '4.00', NULL, NULL, '2359', NULL, NULL, '4', NULL, NULL, NULL, 0, 0, 0, NULL, '0.00', NULL, 1, 0, 'web'),
(682, 298, 'p', 0, 'en_us', 'Yard Work is work fullasd', 'Yard Work is work fullasdYard Work is work fullasdYard Work is work fullasdYard Work is work fullasdYard Work is work fullasdYard Work is work fullasdYard Work is work fullasdYard Work is work fullasd', 'o', '42.00', '40.00', '45.00', 'USD', 1, NULL, NULL, NULL, NULL, NULL, NULL, NULL, NULL, '2014-05-19 13:04:05', 298, NULL, 298, 'a', 0, NULL, NULL, NULL, NULL, NULL, 'p', NULL, NULL, NULL, 'v', NULL, NULL, NULL, '2014-05-29', '12:00', 'h', '0.00', NULL, NULL, '2359', NULL, NULL, '', NULL, NULL, NULL, 0, 0, 0, NULL, '0.00', NULL, 0, 0, 'web'),
(683, 298, 'p', 0, 'en_us', 'Yard Work is work fullasd', 'Yard Work is work fullasdYard Work is work fullasdYard Work is work fullasdYard Work is work fullasdYard Work is work fullasdYard Work is work fullasdYard Work is work fullasdYard Work is work fullasd', 'o', '42.00', '40.00', '45.00', 'USD', 1, NULL, NULL, NULL, NULL, NULL, NULL, NULL, NULL, '2014-05-19 13:05:11', 298, NULL, 298, 'a', 0, NULL, NULL, NULL, NULL, NULL, 'p', NULL, NULL, NULL, 'v', NULL, NULL, NULL, '2014-05-29', '12:00', 'h', '0.00', NULL, NULL, '2359', NULL, NULL, '', NULL, NULL, NULL, 0, 0, 0, NULL, '0.00', NULL, 0, 0, 'web'),
(684, 298, 'p', 0, 'en_us', 'Yard Work is work fullasd', 'Yard Work is work fullasdYard Work is work fullasdYard Work is work fullasdYard Work is work fullasdYard Work is work fullasdYard Work is work fullasdYard Work is work fullasdYard Work is work fullasd', 'o', '42.00', '40.00', '45.00', 'USD', 1, NULL, NULL, NULL, NULL, NULL, NULL, NULL, NULL, '2014-05-19 13:05:29', 298, NULL, 298, 'a', 0, NULL, NULL, NULL, NULL, NULL, 'p', NULL, NULL, NULL, 'v', NULL, NULL, NULL, '2014-05-29', '12:00', 'h', '0.00', NULL, NULL, '2359', NULL, NULL, '', NULL, NULL, NULL, 0, 0, 0, NULL, '0.00', NULL, 0, 0, 'web'),
(685, 298, 'p', 0, 'en_us', 'Yard Work is work fullasd', 'Yard Work is work fullasdYard Work is work fullasdYard Work is work fullasdYard Work is work fullasdYard Work is work fullasdYard Work is work fullasdYard Work is work fullasdYard Work is work fullasd', 'o', '42.00', '40.00', '45.00', 'USD', 1, NULL, NULL, NULL, NULL, NULL, NULL, NULL, NULL, '2014-05-19 13:07:48', 298, NULL, 298, 'a', 0, NULL, NULL, NULL, NULL, NULL, 'p', NULL, NULL, NULL, 'v', NULL, NULL, NULL, '2014-05-29', '12:00', 'h', '0.00', NULL, NULL, '2359', NULL, NULL, '', NULL, NULL, NULL, 0, 0, 0, NULL, '0.00', NULL, 0, 0, 'web'),
(686, 298, 'p', 0, 'en_us', 'Yard Work is work fullasd', 'Yard Work is work fullasdYard Work is work fullasdYard Work is work fullasdYard Work is work fullasdYard Work is work fullasdYard Work is work fullasdYard Work is work fullasdYard Work is work fullasd', 'o', '42.00', '40.00', '45.00', 'USD', 1, NULL, NULL, NULL, NULL, NULL, NULL, NULL, NULL, '2014-05-19 13:08:29', 298, NULL, 298, 'a', 0, NULL, NULL, NULL, NULL, NULL, 'p', NULL, NULL, NULL, 'v', NULL, NULL, NULL, '2014-05-29', '12:00', 'h', '0.00', NULL, NULL, '2359', NULL, NULL, '', NULL, NULL, NULL, 0, 0, 0, NULL, '0.00', NULL, 0, 0, 'web'),
(687, 298, 'p', 0, 'en_us', 'Yard Work is work fullasd', 'Yard Work is work fullasdYard Work is work fullasdYard Work is work fullasdYard Work is work fullasdYard Work is work fullasdYard Work is work fullasdYard Work is work fullasdYard Work is work fullasd', 'o', '42.00', '40.00', '45.00', 'USD', 1, NULL, NULL, NULL, NULL, NULL, NULL, NULL, NULL, '2014-05-19 13:17:57', 298, NULL, 298, 'a', 0, NULL, NULL, NULL, NULL, NULL, 'p', NULL, NULL, NULL, 'v', NULL, NULL, NULL, '2014-05-29', '12:00', 'h', '0.00', NULL, NULL, '2359', NULL, NULL, '', NULL, NULL, NULL, 0, 0, 0, NULL, '0.00', NULL, 0, 0, 'web'),
(688, 298, 'p', 0, 'en_us', 'Yard Work is work fullasd', 'Yard Work is work fullasdYard Work is work fullasdYard Work is work fullasdYard Work is work fullasdYard Work is work fullasdYard Work is work fullasdYard Work is work fullasdYard Work is work fullasd', 'o', '42.00', '40.00', '45.00', 'USD', 1, NULL, NULL, NULL, NULL, NULL, NULL, NULL, NULL, '2014-05-19 13:49:41', 298, NULL, 298, 'a', 0, NULL, NULL, NULL, NULL, NULL, 'p', NULL, NULL, NULL, 'v', NULL, NULL, NULL, '2014-05-29', '12:00', 'h', '0.00', NULL, NULL, '2359', NULL, NULL, '', NULL, NULL, NULL, 0, 0, 0, NULL, '0.00', NULL, 0, 0, 'web'),
(689, 298, 'p', 0, 'en_us', 'Yard Work is work fullasd', 'Yard Work is work fullasdYard Work is work fullasdYard Work is work fullasdYard Work is work fullasdYard Work is work fullasdYard Work is work fullasdYard Work is work fullasdYard Work is work fullasd', 'o', '42.00', '40.00', '45.00', 'USD', 1, NULL, NULL, NULL, NULL, NULL, NULL, NULL, NULL, '2014-05-19 13:50:50', 298, NULL, 298, 'a', 0, NULL, NULL, NULL, NULL, NULL, 'p', NULL, NULL, NULL, 'v', NULL, NULL, NULL, '2014-05-29', '12:00', 'h', '0.00', NULL, NULL, '2359', NULL, NULL, '', NULL, NULL, NULL, 4, 0, 0, NULL, '0.00', NULL, 0, 0, 'web'),
(690, 298, 'p', 0, 'en_us', 'Yard Work is work fullasd', 'Yard Work is work fullasdYard Work is work fullasdYard Work is work fullasdYard Work is work fullasdYard Work is work fullasdYard Work is work fullasdYard Work is work fullasdYard Work is work fullasd', 'o', '42.00', '40.00', '45.00', 'USD', 1, NULL, NULL, NULL, NULL, NULL, NULL, NULL, NULL, '2014-05-19 13:54:15', 298, NULL, 298, 'a', 0, NULL, NULL, NULL, NULL, NULL, 'p', NULL, NULL, NULL, 'v', NULL, NULL, NULL, '2014-05-29', '12:00', 'h', '0.00', NULL, NULL, '2359', NULL, NULL, '', NULL, NULL, NULL, 4, 0, 0, NULL, '0.00', NULL, 0, 0, 'web'),
(691, 298, 'p', 0, 'en_us', 'fdgdfasdasdasdasdas', 'gdfgdfgdfg', 'o', '0.00', '0.00', '0.00', 'USD', 1, NULL, NULL, NULL, NULL, NULL, NULL, NULL, NULL, '2014-05-19 13:58:16', 298, NULL, 298, 'a', 0, NULL, NULL, NULL, NULL, NULL, 'p', NULL, NULL, NULL, 'v', NULL, NULL, NULL, '2014-05-28', '12:00', 'h', '0.00', NULL, NULL, '2359', NULL, NULL, '', NULL, NULL, NULL, 0, 0, 0, NULL, '0.00', NULL, 0, 0, 'web'),
(692, 298, 'p', 0, 'en_us', 'dsfsdfsdfasdasdasd', 'sdfsdfsdfsdfsdfsd', 'o', '0.00', '0.00', '0.00', 'USD', 1, NULL, NULL, NULL, NULL, NULL, NULL, NULL, NULL, '2014-05-19 13:59:56', 298, NULL, 298, 'a', 0, NULL, NULL, NULL, NULL, NULL, 'p', NULL, NULL, NULL, 'v', NULL, NULL, NULL, '2014-05-30', '12:00', 'h', '0.00', NULL, NULL, '2359', NULL, NULL, '', NULL, NULL, NULL, 0, 0, 0, NULL, '0.00', NULL, 0, 0, 'web'),
(693, 316, 'p', 0, 'en_us', 'This is the IT & Programming', 'I am looking for a provider that can build a website similar to this one: [obscured] /1rOgbLZ. Bidders with examples of similar projects will receive priority. I already have exact details about the final website and I will provide them to the providers I select as qualified', 'o', '49.00', '45.00', '45.00', 'USD', 1, NULL, NULL, NULL, NULL, NULL, NULL, NULL, NULL, '2014-05-20 04:17:31', 316, NULL, 316, 'a', 0, NULL, NULL, NULL, NULL, NULL, 'p', NULL, NULL, NULL, 'v', NULL, NULL, NULL, '2014-05-24', '12:00', 'f', '0.00', NULL, NULL, '2359', NULL, NULL, '4', NULL, NULL, NULL, 5, 0, 0, NULL, '0.00', NULL, 0, 0, 'web'),
(694, 316, 'p', 0, 'en_us', 'Niche programmers for c++', 'Need programmers for c++ for our critical app', 'o', '3000.00', '1000.00', '5000.00', 'USD', 1, NULL, NULL, NULL, NULL, NULL, NULL, NULL, NULL, '2014-05-20 10:31:17', 316, NULL, 316, 'a', 0, NULL, NULL, NULL, NULL, NULL, 'p', NULL, NULL, NULL, 'v', NULL, NULL, NULL, '2014-08-31', '18:45', 'h', '0.00', NULL, NULL, '2359', NULL, NULL, '50', NULL, NULL, NULL, 7, 0, 0, NULL, '0.00', NULL, 1, 1, 'web'),
(695, 316, 'p', 0, 'en_us', 'Niche programmers for c++', 'Need programmers for c++ for our critical app', 'o', '3000.00', '1000.00', '5000.00', 'USD', 1, NULL, NULL, NULL, NULL, NULL, NULL, NULL, NULL, '2014-05-20 10:31:22', 316, NULL, 316, 'a', 0, NULL, NULL, NULL, NULL, NULL, 'p', NULL, NULL, NULL, 'v', NULL, NULL, NULL, '2014-08-31', '18:45', 'h', '0.00', NULL, NULL, '2359', NULL, NULL, '50', NULL, NULL, NULL, 7, 0, 0, NULL, '0.00', NULL, 1, 1, 'web'),
(696, 316, 'p', 0, 'en_us', 'This is the IT & Programming', 'I am looking for a provider that can build a website similar to this one: [obscured] /1rOgbLZ. Bidders with examples of similar projects will receive priority. I already have exact details about the final website and I will provide them to the providers I select as qualified', 'o', '49.00', '45.00', '45.00', 'USD', 1, NULL, NULL, NULL, NULL, NULL, NULL, NULL, NULL, '2014-05-20 11:41:21', 316, NULL, 316, 'a', 0, NULL, NULL, NULL, NULL, NULL, 'p', NULL, NULL, NULL, 'v', NULL, NULL, NULL, '2014-05-30', '12:00', 'f', '0.00', NULL, NULL, '2359', NULL, NULL, '4', NULL, NULL, NULL, 4, 0, 0, NULL, '0.00', NULL, 0, 0, 'web'),
(697, 316, 'p', 0, 'en_us', 'This is the IT & Programming', 'I am looking for a provider that can build a website similar to this one: [obscured] /1rOgbLZ. Bidders with examples of similar projects will receive priority. I already have exact details about the final website and I will provide them to the providers I select as qualified', 'o', '49.00', '45.00', '45.00', 'USD', 1, NULL, NULL, NULL, NULL, NULL, NULL, NULL, NULL, '2014-05-20 11:42:34', 316, NULL, 316, 'a', 0, NULL, NULL, NULL, NULL, NULL, 'p', NULL, NULL, NULL, 'v', NULL, NULL, NULL, '2014-05-29', '12:00', 'f', '0.00', NULL, NULL, '2359', NULL, NULL, '4', NULL, NULL, NULL, 4, 0, 0, NULL, '0.00', NULL, 0, 0, 'web'),
(698, 316, 'p', 0, 'en_us', 'Yard Work is work full sdggeg', 'gardening can be made as an hobby as it gives complete health relaxation during work', 'o', '49.00', '45.00', '45.00', 'USD', 1, NULL, NULL, NULL, NULL, NULL, NULL, NULL, NULL, '2014-05-20 11:44:58', 316, NULL, 316, 'a', 0, NULL, NULL, NULL, NULL, NULL, 'p', NULL, NULL, NULL, 'v', NULL, NULL, NULL, '2014-05-29', '12:00', 'h', '0.00', NULL, NULL, '2359', NULL, NULL, '4', NULL, NULL, NULL, 2, 0, 0, NULL, '0.00', NULL, 0, 0, 'web'),
(699, 316, 'p', 0, 'en_us', 'Yard Work is work full sdggeg', 'gardening can be made as an hobby as it gives complete health relaxation during work', 'o', '49.00', '45.00', '45.00', 'USD', 1, NULL, NULL, NULL, NULL, NULL, NULL, NULL, NULL, '2014-05-20 12:03:44', 316, NULL, 316, 'a', 0, NULL, NULL, NULL, NULL, NULL, 'p', NULL, NULL, NULL, 'v', NULL, NULL, NULL, '2014-05-29', '12:00', 'h', '0.00', NULL, NULL, '2359', NULL, NULL, '4', NULL, NULL, NULL, 2, 0, 0, NULL, '0.00', NULL, 0, 0, 'web'),
(700, 316, 'p', 0, 'en_us', 'update project testing', 'i am testing of project update', 'o', '130.00', '20.00', '30.00', 'USD', 1, NULL, NULL, NULL, NULL, NULL, NULL, NULL, NULL, '2014-05-21 07:19:37', 316, NULL, 316, 'a', 0, NULL, NULL, NULL, NULL, NULL, 'p', NULL, NULL, NULL, 'v', NULL, '2014-05-29', NULL, '2014-05-31', NULL, 'p', '5.00', NULL, '2014-05-21 00:00:00', '2359', NULL, NULL, '5', NULL, '2014-05-21 00:00:00', '2014-05-30 00:00:00', 40, 0, 0, NULL, '0.00', NULL, 0, 1, 'web'),
(701, 316, 'p', 0, 'en_us', 'deliver a home soffa', 'deliver a home soffa  and some furniture to my home', 'o', '43.00', '20.00', '25.00', 'USD', 1, NULL, NULL, NULL, NULL, NULL, NULL, NULL, NULL, '2014-05-21 07:22:04', 316, NULL, 316, 'a', 0, NULL, NULL, NULL, NULL, NULL, 'p', NULL, NULL, NULL, 'p', NULL, NULL, NULL, '2014-05-30', '12:00', 'f', '20.00', NULL, '2014-05-21 00:00:00', '2359', NULL, NULL, '1', NULL, '2014-05-21 00:00:00', NULL, 6, 0, 0, NULL, '0.00', NULL, 0, 1, 'web'),
(702, 316, 'p', 0, 'en_us', 'deliver a home soffa', 'deliver a home soffa  and some furniture to my home', 'o', '23.00', '20.00', '25.00', 'USD', 1, NULL, NULL, NULL, NULL, NULL, NULL, NULL, NULL, '2014-05-21 08:33:38', 316, NULL, 316, 'a', 0, NULL, NULL, NULL, NULL, NULL, 'p', NULL, NULL, NULL, 'p', NULL, NULL, NULL, '2014-05-29', '12:00', 'f', '0.00', NULL, '2014-05-21 00:00:00', '2359', NULL, NULL, '1', NULL, '2014-05-21 00:00:00', NULL, 6, 0, 0, NULL, '0.00', NULL, 0, 1, 'web'),
(703, 299, 'p', 0, 'en_us', 'Super Task', 'This is the task description', 'o', '60.00', '15.00', '25.00', 'USD', 1, NULL, NULL, NULL, NULL, NULL, NULL, NULL, NULL, '2014-05-21 16:52:24', 299, NULL, 299, 'a', 0, NULL, NULL, NULL, NULL, NULL, 'p', NULL, NULL, NULL, 'v', NULL, '2014-05-21', NULL, '2014-05-22', NULL, 'f', '40.00', NULL, '2014-05-21 00:00:00', '2359', NULL, NULL, '1', NULL, '2014-05-21 00:00:00', NULL, 3, 0, 0, NULL, '0.00', NULL, 0, 0, 'web'),
(704, 316, 'p', 0, 'en_us', 'hiring of website designer', 'Plans site design by clarifying goals; designing functionality. Develops site navigation by categorizing content; funneling traffic through content. Develops site content and graphics by coordinating with copywriters and graphic artists; designing images, icons, banners, audio enhancements, etc.\r\nPrepares site by installing and configuring server software; installing programming language using authoring and formatting tools; ensuring cross-platform compatibility; establishing links.\r\nEstablishes locatability by registering with search engines. Upgrades site by updating content and graphics; monitoring performance and results; identifying and evaluating improvement options; introducing new technology; maintaining links.\r\nProtects site by designing and installing security precautions.\r\nMaintains site appearance by developing and enforcing content and display standards; editing submissions.', 'o', '230.00', '10.00', '250.00', 'USD', 1, NULL, NULL, NULL, NULL, NULL, NULL, NULL, NULL, '2014-05-23 07:27:39', 316, NULL, 316, 'a', 0, NULL, NULL, NULL, NULL, NULL, 'p', NULL, NULL, NULL, 'v', NULL, '2014-05-30', NULL, '2014-05-31', NULL, 'f', '100.00', NULL, '2014-05-23 00:00:00', '2359', NULL, NULL, '1', NULL, '2014-05-23 00:00:00', '2014-05-30 00:00:00', 1, 0, 0, NULL, '0.00', NULL, 0, 0, 'web'),
(705, 317, 'p', 0, 'en_us', 'hiring of website designer', 'Plans site design by clarifying goals; designing functionality. Develops site navigation by categorizing content; funneling traffic through content. Develops site content and graphics by coordinating with copywriters and graphic artists; designing images, icons, banners, audio enhancements, etc.\r\nPrepares site by installing and configuring server software; installing programming language using authoring and formatting tools; ensuring cross-platform compatibility; establishing links.\r\nEstablishes locatability by registering with search engines. Upgrades site by updating content and graphics; monitoring performance and results; identifying and evaluating improvement options; introducing new technology; maintaining links.\r\nProtects site by designing and installing security precautions.\r\nMaintains site appearance by developing and enforcing content and display standards; editing submissions.', 'o', '230.00', '10.00', '250.00', 'USD', 1, NULL, NULL, NULL, NULL, NULL, NULL, NULL, NULL, '2014-05-23 07:27:42', 327, NULL, 316, 'a', 0, NULL, NULL, NULL, NULL, NULL, 'p', NULL, NULL, NULL, 'v', NULL, '2014-05-30', NULL, '2014-05-31', NULL, 'p', '100.00', NULL, '2014-05-23 00:00:00', '2359', NULL, NULL, '1', NULL, '2014-05-23 00:00:00', '2014-05-30 00:00:00', 4, 0, 0, NULL, '0.00', NULL, 0, 1, 'web'),
(706, 316, 'p', 0, 'en_us', 'hiring of website designer', 'Plans site design by clarifying goals; designing functionality. Develops site navigation by categorizing content; funneling traffic through content. Develops site content and graphics by coordinating with copywriters and graphic artists; designing images, icons, banners, audio enhancements, etc.\r\nPrepares site by installing and configuring server software; installing programming language using authoring and formatting tools; ensuring cross-platform compatibility; establishing links.\r\nEstablishes locatability by registering with search engines. Upgrades site by updating content and graphics; monitoring performance and results; identifying and evaluating improvement options; introducing new technology; maintaining links.\r\nProtects site by designing and installing security precautions.\r\nMaintains site appearance by developing and enforcing content and display standards; editing submissions.', 'o', '230.00', '10.00', '250.00', 'USD', 1, NULL, NULL, NULL, NULL, NULL, NULL, NULL, NULL, '2014-05-23 07:27:52', 316, NULL, 316, 'a', 0, NULL, NULL, NULL, NULL, NULL, 'p', NULL, NULL, NULL, 'v', NULL, '2014-05-30', NULL, '2014-05-31', NULL, 'f', '100.00', NULL, '2014-05-23 00:00:00', '2359', NULL, NULL, '1', NULL, '2014-05-23 00:00:00', '2014-05-28 00:00:00', 1, 0, 0, NULL, '0.00', NULL, 0, 0, 'web'),
(707, 316, 'p', 0, 'en_us', 'hiring of website designer', 'Plans site design by clarifying goals; designing functionality. Develops site navigation by categorizing content; funneling traffic through content. Develops site content and graphics by coordinating with copywriters and graphic artists; designing images, icons, banners, audio enhancements, etc.\r\nPrepares site by installing and configuring server software; installing programming language using authoring and formatting tools; ensuring cross-platform compatibility; establishing links.\r\nEstablishes locatability by registering with search engines. Upgrades site by updating content and graphics; monitoring performance and results; identifying and evaluating improvement options; introducing new technology; maintaining links.\r\nProtects site by designing and installing security precautions.\r\nMaintains site appearance by developing and enforcing content and display standards; editing submissions.', 'o', '230.00', '10.00', '250.00', 'USD', 1, NULL, NULL, NULL, NULL, NULL, NULL, NULL, NULL, '2014-05-23 08:26:29', 316, NULL, 316, 'a', 0, NULL, NULL, NULL, NULL, NULL, 'p', NULL, NULL, NULL, 'v', NULL, '2014-05-30', NULL, '2014-06-05', NULL, 'f', '100.00', NULL, '2014-05-23 00:00:00', '2359', NULL, NULL, '1', NULL, '2014-05-23 00:00:00', '2014-05-28 00:00:00', 1, 0, 0, NULL, '0.00', NULL, 0, 0, 'web'),
(708, 317, 'p', 0, 'en_us', 'Project for translation', 'Project for translationProject for translationProject for translationProject for translation', 'o', '105.00', '20.00', '50.00', 'USD', 1, NULL, NULL, NULL, NULL, NULL, NULL, NULL, NULL, '2014-05-23 11:43:18', 327, NULL, 327, 'a', 0, NULL, NULL, NULL, NULL, NULL, 'p', NULL, NULL, NULL, 'v', NULL, '2014-05-30', NULL, '2014-05-31', NULL, 'p', '0.00', NULL, '2014-05-23 00:00:00', '2359', NULL, NULL, '3', NULL, '2014-05-23 00:00:00', '2014-05-28 00:00:00', 0, 0, 0, NULL, '0.00', NULL, 1, 1, 'web'),
(709, 317, 'p', 0, 'en_us', 'Project for translation', 'Project for translationProject for translationProject for translationProject for translation', 'o', '105.00', '20.00', '50.00', 'USD', 1, NULL, NULL, NULL, NULL, NULL, NULL, NULL, NULL, '2014-05-23 11:43:55', 327, NULL, 327, 'a', 0, NULL, NULL, NULL, NULL, NULL, 'p', NULL, NULL, NULL, 'v', NULL, '2014-05-30', NULL, '2014-05-31', NULL, 'p', '0.00', NULL, '2014-05-23 00:00:00', '2359', NULL, NULL, '3', NULL, '2014-05-23 00:00:00', '2014-05-28 00:00:00', 6, 0, 0, NULL, '0.00', NULL, 1, 1, 'web'),
(710, 317, 'p', 0, 'en_us', 'Project for translation', 'Project for translationProject for translationProject for translationProject for translation', 'o', '105.00', '20.00', '50.00', 'USD', 1, NULL, NULL, NULL, NULL, NULL, NULL, NULL, NULL, '2014-05-23 11:44:14', 327, NULL, 327, 'a', 0, NULL, NULL, NULL, NULL, NULL, 'p', NULL, NULL, NULL, 'v', NULL, '2014-05-30', NULL, '2014-05-31', NULL, 'p', '0.00', NULL, '2014-05-23 00:00:00', '2359', NULL, NULL, '3', NULL, '2014-05-23 00:00:00', '2014-05-28 00:00:00', 6, 0, 0, NULL, '0.00', NULL, 1, 1, 'web'),
(711, 317, 'p', 0, 'en_us', 'Project for translation english to hindi', 'Project for translation english to hindi', 'o', '105.00', '20.00', '50.00', 'USD', 1, NULL, NULL, NULL, NULL, NULL, NULL, NULL, NULL, '2014-05-23 11:46:10', 327, NULL, 327, 'a', 0, NULL, NULL, NULL, NULL, NULL, 'p', NULL, NULL, NULL, 'v', NULL, '2014-05-30', NULL, '2014-06-26', NULL, 'p', '0.00', NULL, '2014-05-23 00:00:00', '2359', NULL, NULL, '3', NULL, '2014-05-23 00:00:00', '2014-06-19 00:00:00', 4, 0, 0, NULL, '0.00', NULL, 0, 1, 'web');

-- --------------------------------------------------------

--
-- Table structure for table `gc_dta_task_activity`
--

CREATE TABLE IF NOT EXISTS `gc_dta_task_activity` (
  `activity_id` bigint(20) NOT NULL AUTO_INCREMENT,
  `task_id` bigint(20) NOT NULL,
  `by_user_id` bigint(20) NOT NULL,
  `activity_type` varchar(20) NOT NULL COMMENT 'can be post, del, publish, etc',
  `activity_subtype` varchar(100) NOT NULL COMMENT 'used to hold activity sepecific data such as task category',
  `comments` varchar(1000) NOT NULL COMMENT 'used to hold any activity related details, if required. E.g any error reason',
  `from_ip` varchar(30) DEFAULT NULL,
  `created_at` timestamp NOT NULL DEFAULT CURRENT_TIMESTAMP,
  `source_app` varchar(10) DEFAULT NULL,
  PRIMARY KEY (`activity_id`),
  KEY `gc_dta_task_activity_idx1` (`created_at`,`task_id`,`activity_type`),
  KEY `gc_dta_task_activity_idx2` (`task_id`,`activity_type`,`created_at`),
  KEY `gc_dta_task_activity_idx3` (`by_user_id`,`activity_type`,`created_at`)
) ENGINE=MyISAM  DEFAULT CHARSET=utf8 AUTO_INCREMENT=293 ;

--
-- Dumping data for table `gc_dta_task_activity`
--

INSERT INTO `gc_dta_task_activity` (`activity_id`, `task_id`, `by_user_id`, `activity_type`, `activity_subtype`, `comments`, `from_ip`, `created_at`, `source_app`) VALUES
(1, 611, 303, 'task_create', 'virtual', '', NULL, '2014-05-03 08:14:45', 'web'),
(2, 611, 303, 'task_publish', 'virtual', '', NULL, '2014-05-03 08:14:52', 'web'),
(3, 612, 303, 'task_create', 'virtual', '', NULL, '2014-05-03 08:26:34', 'web'),
(4, 614, 303, 'task_create', 'virtual', '', NULL, '2014-05-03 08:28:49', 'web'),
(5, 615, 303, 'task_create', 'virtual', '', NULL, '2014-05-03 08:29:56', 'web'),
(6, 615, 303, 'task_publish', 'virtual', '', NULL, '2014-05-03 08:29:59', 'web'),
(7, 616, 304, 'task_create', 'virtual', '', NULL, '2014-05-03 08:42:35', 'web'),
(8, 617, 304, 'task_create', 'virtual', '', NULL, '2014-05-03 08:43:47', 'web'),
(9, 619, 304, 'task_create', 'virtual', '', NULL, '2014-05-03 08:45:05', 'web'),
(10, 622, 304, 'task_create', 'instant', '', NULL, '2014-05-03 09:04:14', 'web'),
(11, 623, 304, 'task_create', 'instant', '', NULL, '2014-05-03 09:06:44', 'web'),
(12, 623, 304, 'task_publish', 'instant', '', NULL, '2014-05-03 09:06:50', 'web'),
(13, 624, 305, 'task_create', 'inperson', '', NULL, '2014-05-03 09:25:40', 'web'),
(14, 624, 305, 'task_publish', 'inperson', '', NULL, '2014-05-03 09:25:42', 'web'),
(15, 624, 305, 'task_update', 'inperson', '', NULL, '2014-05-03 09:26:16', 'web'),
(16, 625, 306, 'task_create', 'inperson', '', NULL, '2014-05-03 09:29:32', 'web'),
(17, 626, 306, 'task_create', 'inperson', '', NULL, '2014-05-03 09:33:06', 'web'),
(18, 627, 306, 'task_create', 'instant', '', NULL, '2014-05-03 09:41:34', 'web'),
(19, 627, 306, 'task_publish', 'instant', '', NULL, '2014-05-03 09:41:39', 'web'),
(20, 628, 306, 'task_create', 'inperson', '', NULL, '2014-05-03 09:50:49', 'web'),
(21, 629, 306, 'task_create', 'inperson', '', NULL, '2014-05-03 10:10:18', 'web'),
(22, 630, 306, 'task_create', 'inperson', '', NULL, '2014-05-03 10:13:10', 'web'),
(23, 631, 306, 'task_create', 'inperson', '', NULL, '2014-05-03 10:14:25', 'web'),
(24, 632, 307, 'task_create', 'instant', '', NULL, '2014-05-03 10:17:42', 'web'),
(25, 633, 307, 'task_create', 'instant', '', NULL, '2014-05-03 10:18:58', 'web'),
(26, 634, 307, 'task_create', 'instant', '', NULL, '2014-05-03 10:23:05', 'web'),
(27, 611, 298, 'proposal_create', 'bid', '', NULL, '2014-05-03 10:54:07', 'web'),
(28, 635, 317, 'task_create', 'virtual', '', NULL, '2014-05-05 04:29:14', 'web'),
(29, 635, 317, 'task_update', 'virtual', '', NULL, '2014-05-05 04:29:54', 'web'),
(30, 635, 317, 'task_publish', 'virtual', '', NULL, '2014-05-05 04:30:24', 'web'),
(31, 634, 317, 'bookmark', 'bookmark_task', '', NULL, '2014-05-05 04:33:15', 'web'),
(32, 634, 317, 'proposal_create', 'bid', '', NULL, '2014-05-05 04:41:19', 'web'),
(33, 634, 317, 'proposal_create', 'bid', '', NULL, '2014-05-05 04:41:33', 'web'),
(34, 634, 317, 'proposal_create', 'bid', '', NULL, '2014-05-05 05:07:10', 'web'),
(35, 633, 317, 'proposal_create', 'bid', '', NULL, '2014-05-05 05:27:56', 'web'),
(36, 633, 317, 'proposal_create', 'bid', '', NULL, '2014-05-05 05:52:43', 'web'),
(37, 633, 317, 'proposal_create', 'bid', '', NULL, '2014-05-05 05:53:13', 'web'),
(38, 633, 317, 'proposal_create', 'bid', '', NULL, '2014-05-05 06:02:08', 'web'),
(39, 633, 317, 'proposal_publish', 'bid', '', NULL, '2014-05-05 06:02:19', 'web'),
(40, 633, 317, 'proposal_create', 'bid', '', NULL, '2014-05-05 06:05:25', 'web'),
(41, 633, 317, 'proposal_publish', 'bid', '', NULL, '2014-05-05 06:05:39', 'web'),
(42, 632, 317, 'proposal_create', 'bid', '', NULL, '2014-05-05 06:08:23', 'web'),
(43, 632, 317, 'proposal_publish', 'bid', '', NULL, '2014-05-05 06:08:32', 'web'),
(44, 635, 298, 'proposal_create', 'bid', '', NULL, '2014-05-05 06:12:18', 'web'),
(45, 635, 298, 'proposal_publish', 'bid', '', NULL, '2014-05-05 06:12:22', 'web'),
(46, 634, 298, 'proposal_create', 'bid', '', NULL, '2014-05-05 06:13:41', 'web'),
(47, 634, 298, 'proposal_publish', 'bid', '', NULL, '2014-05-05 06:13:44', 'web'),
(48, 633, 298, 'proposal_create', 'bid', '', NULL, '2014-05-05 06:14:31', 'web'),
(49, 633, 298, 'proposal_publish', 'bid', '', NULL, '2014-05-05 06:14:35', 'web'),
(50, 635, 299, 'proposal_create', 'bid', '', NULL, '2014-05-05 06:22:29', 'web'),
(51, 635, 299, 'proposal_publish', 'bid', '', NULL, '2014-05-05 06:22:34', 'web'),
(52, 634, 299, 'proposal_create', 'bid', '', NULL, '2014-05-05 06:23:39', 'web'),
(53, 634, 299, 'proposal_publish', 'bid', '', NULL, '2014-05-05 06:23:44', 'web'),
(54, 633, 299, 'proposal_create', 'bid', '', NULL, '2014-05-05 06:24:57', 'web'),
(55, 633, 299, 'proposal_publish', 'bid', '', NULL, '2014-05-05 06:25:01', 'web'),
(56, 632, 299, 'proposal_create', 'bid', '', NULL, '2014-05-05 06:26:12', 'web'),
(57, 632, 299, 'proposal_publish', 'bid', '', NULL, '2014-05-05 06:26:15', 'web'),
(58, 635, 301, 'proposal_create', 'bid', '', NULL, '2014-05-05 06:29:07', 'web'),
(59, 635, 301, 'proposal_publish', 'bid', '', NULL, '2014-05-05 06:29:14', 'web'),
(60, 634, 301, 'proposal_create', 'bid', '', NULL, '2014-05-05 06:30:48', 'web'),
(61, 634, 301, 'proposal_publish', 'bid', '', NULL, '2014-05-05 06:30:52', 'web'),
(62, 633, 301, 'proposal_create', 'bid', '', NULL, '2014-05-05 06:32:45', 'web'),
(63, 633, 301, 'proposal_publish', 'bid', '', NULL, '2014-05-05 06:32:48', 'web'),
(64, 316, 317, 'bookmark', 'bookmark_task', '', NULL, '2014-05-05 06:41:15', 'web'),
(65, 314, 317, 'bookmark', 'bookmark_task', '', NULL, '2014-05-05 06:41:28', 'web'),
(66, 307, 317, 'bookmark', 'bookmark_task', '', NULL, '2014-05-05 06:41:41', 'web'),
(67, 302, 317, 'bookmark', 'bookmark_task', '', NULL, '2014-05-05 06:42:04', 'web'),
(68, 636, 317, 'task_create', 'inperson', '', NULL, '2014-05-05 06:46:12', 'web'),
(69, 636, 317, 'task_publish', 'inperson', '', NULL, '2014-05-05 06:46:18', 'web'),
(70, 635, 317, 'proposal_accept', 'bid', '', NULL, '2014-05-05 06:46:59', 'web'),
(71, 635, 317, 'proposal_accept', 'bid', '', NULL, '2014-05-05 06:47:01', 'web'),
(72, 637, 317, 'task_create', 'instant', '', NULL, '2014-05-05 06:49:25', 'web'),
(73, 637, 317, 'task_publish', 'instant', '', NULL, '2014-05-05 06:49:29', 'web'),
(74, 638, 317, 'task_create', 'instant', '', NULL, '2014-05-05 06:59:00', 'web'),
(75, 638, 317, 'task_publish', 'instant', '', NULL, '2014-05-05 06:59:05', 'web'),
(76, 638, 317, 'task_cancel', 'instant', '', NULL, '2014-05-05 07:00:00', 'web'),
(77, 638, 298, 'bookmark', 'bookmark_task', '', NULL, '2014-05-05 07:19:02', 'web'),
(78, 614, 298, 'bookmark', 'bookmark_task', '', NULL, '2014-05-05 07:24:30', 'web'),
(79, 309, 298, 'bookmark', 'bookmark_task', '', NULL, '2014-05-05 08:20:16', 'web'),
(80, 619, 317, 'proposal_create', 'bid', '', NULL, '2014-05-05 09:10:41', 'web'),
(81, 619, 317, 'proposal_publish', 'bid', '', NULL, '2014-05-05 09:10:44', 'web'),
(82, 617, 317, 'proposal_create', 'bid', '', NULL, '2014-05-05 09:11:21', 'web'),
(83, 617, 317, 'proposal_publish', 'bid', '', NULL, '2014-05-05 09:11:25', 'web'),
(84, 634, 307, 'proposal_accept', 'bid', '', NULL, '2014-05-05 09:14:18', 'web'),
(85, 634, 307, 'proposal_accept', 'bid', '', NULL, '2014-05-05 09:14:22', 'web'),
(86, 634, 307, 'proposal_accept', 'bid', '', NULL, '2014-05-05 09:15:29', 'web'),
(87, 633, 307, 'proposal_accept', 'bid', '', NULL, '2014-05-05 09:15:40', 'web'),
(88, 633, 307, 'proposal_accept', 'bid', '', NULL, '2014-05-05 09:15:42', 'web'),
(89, 633, 307, 'proposal_accept', 'bid', '', NULL, '2014-05-05 09:15:42', 'web'),
(90, 633, 307, 'proposal_accept', 'bid', '', NULL, '2014-05-05 09:15:56', 'web'),
(91, 639, 307, 'task_create', 'inperson', '', NULL, '2014-05-05 09:17:56', 'web'),
(92, 639, 307, 'task_publish', 'inperson', '', NULL, '2014-05-05 09:17:58', 'web'),
(93, 640, 317, 'task_create', 'virtual', '', NULL, '2014-05-05 09:21:28', 'web'),
(94, 640, 307, 'proposal_create', 'bid', '', NULL, '2014-05-05 09:22:28', 'web'),
(95, 640, 307, 'proposal_publish', 'bid', '', NULL, '2014-05-05 09:22:31', 'web'),
(96, 640, 317, 'task_cancel', 'virtual', '', NULL, '2014-05-05 09:22:59', 'web'),
(97, 641, 298, 'task_create', 'virtual', '', NULL, '2014-05-05 09:27:04', 'web'),
(98, 642, 298, 'task_create', 'inperson', '', NULL, '2014-05-05 09:29:14', 'web'),
(99, 640, 298, 'proposal_create', 'bid', '', NULL, '2014-05-05 09:30:01', 'web'),
(100, 640, 298, 'proposal_publish', 'bid', '', NULL, '2014-05-05 09:30:04', 'web'),
(101, 643, 298, 'task_create', 'instant', '', NULL, '2014-05-05 11:26:35', 'web'),
(102, 644, 299, 'task_create', 'virtual', '', NULL, '2014-05-05 11:49:59', 'web'),
(103, 645, 299, 'task_create', 'virtual', '', NULL, '2014-05-05 11:50:55', 'web'),
(104, 646, 299, 'task_create', 'inperson', '', NULL, '2014-05-05 11:52:26', 'web'),
(105, 647, 299, 'task_create', 'instant', '', NULL, '2014-05-05 11:53:57', 'web'),
(106, 648, 299, 'task_create', 'virtual', '', NULL, '2014-05-05 11:55:14', 'web'),
(107, 648, 298, 'proposal_create', 'bid', '', NULL, '2014-05-05 11:56:36', 'web'),
(108, 648, 298, 'proposal_publish', 'bid', '', NULL, '2014-05-05 11:56:39', 'web'),
(109, 645, 298, 'proposal_create', 'bid', '', NULL, '2014-05-05 12:00:07', 'web'),
(110, 645, 298, 'proposal_publish', 'bid', '', NULL, '2014-05-05 12:00:12', 'web'),
(111, 644, 298, 'proposal_create', 'bid', '', NULL, '2014-05-05 12:02:34', 'web'),
(112, 644, 298, 'proposal_publish', 'bid', '', NULL, '2014-05-05 12:02:38', 'web'),
(113, 646, 299, 'task_cancel', 'inperson', '', NULL, '2014-05-05 12:03:21', 'web'),
(114, 647, 299, 'task_cancel', 'instant', '', NULL, '2014-05-05 12:03:25', 'web'),
(115, 649, 299, 'task_create', 'virtual', '', NULL, '2014-05-05 12:05:35', 'web'),
(116, 650, 299, 'task_create', 'virtual', '', NULL, '2014-05-05 12:07:15', 'web'),
(117, 651, 299, 'task_create', 'virtual', '', NULL, '2014-05-05 12:08:42', 'web'),
(118, 651, 298, 'proposal_create', 'bid', '', NULL, '2014-05-05 12:10:15', 'web'),
(119, 651, 298, 'proposal_publish', 'bid', '', NULL, '2014-05-05 12:10:18', 'web'),
(120, 650, 298, 'proposal_create', 'bid', '', NULL, '2014-05-05 12:11:14', 'web'),
(121, 650, 298, 'proposal_publish', 'bid', '', NULL, '2014-05-05 12:11:17', 'web'),
(122, 649, 298, 'proposal_create', 'bid', '', NULL, '2014-05-05 12:11:35', 'web'),
(123, 649, 298, 'proposal_publish', 'bid', '', NULL, '2014-05-05 12:11:39', 'web'),
(124, 651, 301, 'proposal_create', 'bid', '', NULL, '2014-05-05 12:14:07', 'web'),
(125, 651, 301, 'proposal_publish', 'bid', '', NULL, '2014-05-05 12:14:10', 'web'),
(126, 650, 301, 'proposal_create', 'bid', '', NULL, '2014-05-05 12:14:26', 'web'),
(127, 650, 301, 'proposal_publish', 'bid', '', NULL, '2014-05-05 12:14:28', 'web'),
(128, 649, 301, 'proposal_create', 'bid', '', NULL, '2014-05-05 12:14:41', 'web'),
(129, 649, 301, 'proposal_publish', 'bid', '', NULL, '2014-05-05 12:14:44', 'web'),
(130, 648, 301, 'proposal_create', 'bid', '', NULL, '2014-05-05 12:15:13', 'web'),
(131, 648, 301, 'proposal_publish', 'bid', '', NULL, '2014-05-05 12:15:16', 'web'),
(132, 645, 301, 'proposal_create', 'bid', '', NULL, '2014-05-05 12:15:56', 'web'),
(133, 645, 301, 'proposal_publish', 'bid', '', NULL, '2014-05-05 12:15:58', 'web'),
(134, 644, 301, 'proposal_create', 'bid', '', NULL, '2014-05-05 12:16:12', 'web'),
(135, 644, 301, 'proposal_publish', 'bid', '', NULL, '2014-05-05 12:16:15', 'web'),
(136, 651, 302, 'proposal_create', 'bid', '', NULL, '2014-05-05 12:19:11', 'web'),
(137, 651, 302, 'proposal_publish', 'bid', '', NULL, '2014-05-05 12:19:16', 'web'),
(138, 650, 302, 'proposal_create', 'bid', '', NULL, '2014-05-05 12:19:33', 'web'),
(139, 650, 302, 'proposal_publish', 'bid', '', NULL, '2014-05-05 12:19:35', 'web'),
(140, 649, 302, 'proposal_create', 'bid', '', NULL, '2014-05-05 12:19:49', 'web'),
(141, 649, 302, 'proposal_publish', 'bid', '', NULL, '2014-05-05 12:19:52', 'web'),
(142, 648, 302, 'proposal_create', 'bid', '', NULL, '2014-05-05 12:20:05', 'web'),
(143, 648, 302, 'proposal_publish', 'bid', '', NULL, '2014-05-05 12:20:17', 'web'),
(144, 645, 302, 'proposal_create', 'bid', '', NULL, '2014-05-05 12:20:29', 'web'),
(145, 645, 302, 'proposal_publish', 'bid', '', NULL, '2014-05-05 12:20:32', 'web'),
(146, 644, 302, 'proposal_create', 'bid', '', NULL, '2014-05-05 12:20:43', 'web'),
(147, 644, 302, 'proposal_publish', 'bid', '', NULL, '2014-05-05 12:20:47', 'web'),
(148, 651, 300, 'proposal_create', 'bid', '', NULL, '2014-05-05 12:22:24', 'web'),
(149, 651, 300, 'proposal_publish', 'bid', '', NULL, '2014-05-05 12:22:28', 'web'),
(150, 650, 300, 'proposal_create', 'bid', '', NULL, '2014-05-05 12:22:38', 'web'),
(151, 650, 300, 'proposal_publish', 'bid', '', NULL, '2014-05-05 12:22:41', 'web'),
(152, 649, 300, 'proposal_create', 'bid', '', NULL, '2014-05-05 12:22:50', 'web'),
(153, 649, 300, 'proposal_publish', 'bid', '', NULL, '2014-05-05 12:22:55', 'web'),
(154, 648, 300, 'proposal_create', 'bid', '', NULL, '2014-05-05 12:23:08', 'web'),
(155, 648, 300, 'proposal_publish', 'bid', '', NULL, '2014-05-05 12:23:10', 'web'),
(156, 645, 300, 'proposal_create', 'bid', '', NULL, '2014-05-05 12:23:20', 'web'),
(157, 645, 300, 'proposal_publish', 'bid', '', NULL, '2014-05-05 12:23:23', 'web'),
(158, 644, 300, 'proposal_create', 'bid', '', NULL, '2014-05-05 12:23:40', 'web'),
(159, 644, 300, 'proposal_publish', 'bid', '', NULL, '2014-05-05 12:23:43', 'web'),
(160, 651, 303, 'proposal_create', 'bid', '', NULL, '2014-05-05 12:44:26', 'web'),
(161, 651, 303, 'proposal_publish', 'bid', '', NULL, '2014-05-05 12:44:30', 'web'),
(162, 650, 303, 'proposal_create', 'bid', '', NULL, '2014-05-05 12:44:43', 'web'),
(163, 650, 303, 'proposal_publish', 'bid', '', NULL, '2014-05-05 12:44:59', 'web'),
(164, 649, 303, 'proposal_create', 'bid', '', NULL, '2014-05-05 12:45:10', 'web'),
(165, 649, 303, 'proposal_publish', 'bid', '', NULL, '2014-05-05 12:45:12', 'web'),
(166, 648, 303, 'proposal_create', 'bid', '', NULL, '2014-05-05 12:45:22', 'web'),
(167, 648, 303, 'proposal_publish', 'bid', '', NULL, '2014-05-05 12:45:24', 'web'),
(168, 645, 303, 'proposal_create', 'bid', '', NULL, '2014-05-05 12:45:35', 'web'),
(169, 645, 303, 'proposal_publish', 'bid', '', NULL, '2014-05-05 12:45:41', 'web'),
(170, 644, 303, 'proposal_create', 'bid', '', NULL, '2014-05-05 12:46:05', 'web'),
(171, 644, 303, 'proposal_publish', 'bid', '', NULL, '2014-05-05 12:46:08', 'web'),
(172, 635, 317, 'proposal_accept', 'bid', '', NULL, '2014-05-06 04:36:52', 'web'),
(173, 633, 317, 'proposal_reject', 'bid', '', NULL, '2014-05-06 04:37:22', 'web'),
(174, 655, 312, 'task_create', 'virtual', '', NULL, '2014-05-06 04:39:00', 'web'),
(175, 655, 312, 'task_update', 'virtual', '', NULL, '2014-05-06 04:40:10', 'web'),
(176, 655, 312, 'task_publish', 'virtual', '', NULL, '2014-05-06 04:40:13', 'web'),
(177, 655, 312, 'task_update', 'virtual', '', NULL, '2014-05-06 04:40:35', 'web'),
(178, 656, 312, 'task_create', 'inperson', '', NULL, '2014-05-06 04:47:36', 'web'),
(179, 656, 312, 'task_publish', 'inperson', '', NULL, '2014-05-06 04:47:49', 'web'),
(180, 657, 312, 'task_create', 'instant', '', NULL, '2014-05-06 04:54:04', 'web'),
(181, 657, 312, 'task_publish', 'instant', '', NULL, '2014-05-06 04:54:25', 'web'),
(182, 659, 301, 'task_create', 'virtual', '', NULL, '2014-05-06 05:06:54', 'web'),
(183, 659, 301, 'task_publish', 'virtual', '', NULL, '2014-05-06 05:07:05', 'web'),
(184, 660, 301, 'task_create', 'inperson', '', NULL, '2014-05-06 05:09:56', 'web'),
(185, 660, 301, 'task_update', 'inperson', '', NULL, '2014-05-06 05:10:16', 'web'),
(186, 660, 301, 'task_publish', 'inperson', '', NULL, '2014-05-06 05:10:19', 'web'),
(187, 660, 301, 'task_update', 'inperson', '', NULL, '2014-05-06 05:10:30', 'web'),
(188, 661, 304, 'task_create', 'virtual', '', NULL, '2014-05-06 05:15:11', 'web'),
(189, 661, 304, 'task_publish', 'virtual', '', NULL, '2014-05-06 05:15:15', 'web'),
(190, 661, 304, 'task_publish', 'virtual', '', NULL, '2014-05-06 05:15:19', 'web'),
(191, 662, 304, 'task_create', 'instant', '', NULL, '2014-05-06 05:18:47', 'web'),
(192, 662, 304, 'task_publish', 'instant', '', NULL, '2014-05-06 05:18:51', 'web'),
(193, 664, 313, 'task_create', 'inperson', '', NULL, '2014-05-06 05:31:07', 'web'),
(194, 664, 313, 'task_publish', 'inperson', '', NULL, '2014-05-06 05:31:10', 'web'),
(195, 312, 317, 'bookmark', 'bookmark_task', '', NULL, '2014-05-06 05:31:59', 'web'),
(196, 665, 316, 'task_create', 'virtual', '', NULL, '2014-05-06 05:37:27', 'web'),
(197, 665, 316, 'task_publish', 'virtual', '', NULL, '2014-05-06 05:37:31', 'web'),
(198, 666, 316, 'task_create', 'inperson', '', NULL, '2014-05-06 05:42:13', 'web'),
(199, 666, 316, 'task_publish', 'inperson', '', NULL, '2014-05-06 05:42:16', 'web'),
(200, 667, 316, 'task_create', 'instant', '', NULL, '2014-05-06 05:45:31', 'web'),
(201, 667, 316, 'task_publish', 'instant', '', NULL, '2014-05-06 05:45:34', 'web'),
(202, 323, 317, 'bookmark', 'bookmark_task', '', NULL, '2014-05-06 06:02:28', 'web'),
(203, 668, 317, 'task_create', 'virtual', '', NULL, '2014-05-06 06:40:30', 'web'),
(204, 668, 317, 'task_publish', 'virtual', '', NULL, '2014-05-06 06:44:40', 'web'),
(205, 638, 317, 'task_update', 'instant', '', NULL, '2014-05-06 06:45:53', 'web'),
(206, 643, 298, 'task_update', 'instant', '', NULL, '2014-05-06 06:48:47', 'web'),
(207, 643, 298, 'task_update', 'instant', '', NULL, '2014-05-06 06:49:17', 'web'),
(208, 643, 298, 'task_update', 'instant', '', NULL, '2014-05-06 06:50:27', 'web'),
(209, 661, 317, 'bookmark', 'bookmark_task', '', NULL, '2014-05-06 06:50:56', 'web'),
(210, 661, 317, 'bookmark', 'bookmark_task', '', NULL, '2014-05-06 06:51:00', 'web'),
(211, 642, 298, 'task_update', 'inperson', '', NULL, '2014-05-06 07:06:17', 'web'),
(212, 670, 314, 'task_create', 'inperson', '', NULL, '2014-05-06 07:18:08', 'web'),
(213, 670, 314, 'task_publish', 'inperson', '', NULL, '2014-05-06 07:19:26', 'web'),
(214, 670, 314, 'task_update', 'inperson', '', NULL, '2014-05-06 07:20:09', 'web'),
(215, 641, 298, 'task_update', 'virtual', '', NULL, '2014-05-06 09:23:14', 'web'),
(216, 651, 299, 'task_update', 'virtual', '', NULL, '2014-05-06 09:24:42', 'web'),
(217, 650, 299, 'task_update', 'virtual', '', NULL, '2014-05-06 09:25:19', 'web'),
(218, 671, 316, 'task_create', 'inperson', '', NULL, '2014-05-06 10:58:07', 'web'),
(219, 671, 316, 'task_publish', 'inperson', '', NULL, '2014-05-06 10:58:10', 'web'),
(220, 672, 316, 'task_create', 'instant', '', NULL, '2014-05-06 11:55:29', 'web'),
(221, 672, 316, 'task_publish', 'instant', '', NULL, '2014-05-06 11:55:33', 'web'),
(222, 672, 316, 'task_update', 'instant', '', NULL, '2014-05-06 12:21:05', 'web'),
(223, 650, 299, 'task_cancel', 'virtual', '', NULL, '2014-05-06 14:18:59', 'web'),
(224, 651, 299, 'task_cancel', 'virtual', '', NULL, '2014-05-06 14:25:31', 'web'),
(225, 649, 299, 'task_cancel', 'virtual', '', NULL, '2014-05-06 14:26:05', 'web'),
(226, 648, 299, 'task_cancel', 'virtual', '', NULL, '2014-05-06 14:27:38', 'web'),
(227, 647, 299, 'task_cancel', 'instant', '', NULL, '2014-05-06 14:27:56', 'web'),
(228, 645, 299, 'task_cancel', 'virtual', '', NULL, '2014-05-06 14:31:35', 'web'),
(229, 644, 299, 'task_cancel', 'virtual', '', NULL, '2014-05-06 14:33:55', 'web'),
(230, 649, 299, 'task_cancel', 'virtual', '', NULL, '2014-05-06 14:38:00', 'web'),
(231, 648, 299, 'task_cancel', 'virtual', '', NULL, '2014-05-06 14:50:10', 'web'),
(232, 647, 299, 'task_cancel', 'instant', '', NULL, '2014-05-06 14:52:45', 'web'),
(233, 649, 299, 'task_cancel', 'virtual', '', NULL, '2014-05-06 14:54:20', 'web'),
(234, 648, 299, 'task_cancel', 'virtual', '', NULL, '2014-05-06 14:56:09', 'web'),
(235, 649, 299, 'task_cancel', 'virtual', '', NULL, '2014-05-06 14:57:03', 'web'),
(236, 648, 299, 'task_cancel', 'virtual', '', NULL, '2014-05-06 14:57:41', 'web'),
(237, 614, 316, 'proposal_create', 'bid', '', NULL, '2014-05-09 05:35:54', 'web'),
(238, 614, 316, 'proposal_publish', 'bid', '', NULL, '2014-05-09 05:35:57', 'web'),
(239, 615, 316, 'bookmark', 'bookmark_task', '', NULL, '2014-05-13 04:42:47', 'web'),
(240, 615, 316, 'bookmark', 'bookmark_task', '', NULL, '2014-05-13 04:42:50', 'web'),
(241, 614, 316, 'bookmark', 'bookmark_task', '', NULL, '2014-05-13 04:42:51', 'web'),
(242, 671, 316, 'task_update', 'inperson', '', NULL, '2014-05-13 10:47:47', 'web'),
(243, 666, 316, 'task_update', 'inperson', '', NULL, '2014-05-13 10:53:22', 'web'),
(244, 636, 317, 'task_update', 'inperson', '', NULL, '2014-05-13 10:56:30', 'web'),
(245, 636, 317, 'task_update', 'inperson', '', NULL, '2014-05-13 10:58:05', 'web'),
(246, 673, 316, 'task_create', 'virtual', '', NULL, '2014-05-17 10:10:54', 'web'),
(247, 674, 316, 'task_create', 'virtual', '', NULL, '2014-05-17 10:20:47', 'web'),
(248, 675, 316, 'task_create', 'virtual', '', NULL, '2014-05-17 10:23:44', 'web'),
(249, 676, 316, 'task_create', 'virtual', '', NULL, '2014-05-17 10:26:59', 'web'),
(250, 677, 316, 'task_create', 'virtual', '', NULL, '2014-05-17 10:28:39', 'web'),
(251, 678, 316, 'task_create', 'virtual', '', NULL, '2014-05-17 10:29:59', 'web'),
(252, 679, 316, 'task_create', 'virtual', '', NULL, '2014-05-17 10:30:23', 'web'),
(253, 680, 316, 'task_create', 'virtual', '', NULL, '2014-05-17 10:36:59', 'web'),
(254, 681, 316, 'task_create', 'virtual', '', NULL, '2014-05-17 10:47:17', 'web'),
(255, 685, 298, 'task_create', 'virtual', '', NULL, '2014-05-19 13:07:48', 'web'),
(256, 687, 298, 'task_create', 'virtual', '', NULL, '2014-05-19 13:18:00', 'web'),
(257, 689, 298, 'task_create', 'virtual', '', NULL, '2014-05-19 13:50:51', 'web'),
(258, 690, 298, 'task_create', 'virtual', '', NULL, '2014-05-19 13:54:19', 'web'),
(259, 691, 298, 'task_create', 'virtual', '', NULL, '2014-05-19 13:58:16', 'web'),
(260, 692, 298, 'task_create', 'virtual', '', NULL, '2014-05-19 13:59:56', 'web'),
(261, 693, 316, 'task_create', 'virtual', '', NULL, '2014-05-20 04:17:34', 'web'),
(262, 694, 316, 'task_create', 'virtual', '', NULL, '2014-05-20 10:31:18', 'web'),
(263, 695, 316, 'task_create', 'virtual', '', NULL, '2014-05-20 10:31:23', 'web'),
(264, 696, 316, 'task_create', 'virtual', '', NULL, '2014-05-20 11:41:26', 'web'),
(265, 697, 316, 'task_create', 'virtual', '', NULL, '2014-05-20 11:42:35', 'web'),
(266, 698, 316, 'task_create', 'virtual', '', NULL, '2014-05-20 11:44:58', 'web'),
(267, 699, 316, 'task_create', 'virtual', '', NULL, '2014-05-20 12:03:45', 'web'),
(268, 700, 316, 'task_create', 'virtual', '', NULL, '2014-05-21 07:19:40', 'web'),
(269, 701, 316, 'task_create', 'virtual', '', NULL, '2014-05-21 07:22:06', 'web'),
(270, 702, 316, 'task_create', 'virtual', '', NULL, '2014-05-21 08:33:40', 'web'),
(271, 700, 316, 'task_update', 'virtual', '', NULL, '2014-05-21 13:44:13', 'web'),
(272, 700, 316, 'task_update', 'virtual', '', NULL, '2014-05-21 13:44:32', 'web'),
(273, 700, 316, 'task_update', 'virtual', '', NULL, '2014-05-21 13:45:08', 'web'),
(274, 700, 316, 'task_update', 'virtual', '', NULL, '2014-05-21 13:51:18', 'web'),
(275, 700, 316, 'task_update', 'virtual', '', NULL, '2014-05-21 13:52:19', 'web'),
(276, 700, 316, 'task_update', 'virtual', '', NULL, '2014-05-21 13:52:49', 'web'),
(277, 700, 316, 'task_update', 'virtual', '', NULL, '2014-05-21 13:56:17', 'web'),
(278, 700, 316, 'task_update', 'virtual', '', NULL, '2014-05-21 13:57:02', 'web'),
(279, 700, 316, 'task_update', 'virtual', '', NULL, '2014-05-21 13:58:10', 'web'),
(280, 700, 316, 'task_update', 'virtual', '', NULL, '2014-05-21 13:58:31', 'web'),
(281, 703, 299, 'task_create', 'virtual', '', NULL, '2014-05-21 16:52:25', 'web'),
(282, 700, 316, 'task_update', 'virtual', '', NULL, '2014-05-22 04:54:26', 'web'),
(283, 704, 316, 'task_create', 'virtual', '', NULL, '2014-05-23 07:27:40', 'web'),
(284, 705, 316, 'task_create', 'virtual', '', NULL, '2014-05-23 07:27:46', 'web'),
(285, 706, 316, 'task_create', 'virtual', '', NULL, '2014-05-23 07:27:55', 'web'),
(286, 707, 316, 'task_create', 'virtual', '', NULL, '2014-05-23 08:26:32', 'web'),
(287, 709, 317, 'task_create', 'virtual', '', NULL, '2014-05-23 11:43:57', 'web'),
(288, 710, 317, 'task_create', 'virtual', '', NULL, '2014-05-23 11:44:15', 'web'),
(289, 711, 317, 'task_create', 'virtual', '', NULL, '2014-05-23 11:46:20', 'web'),
(290, 705, 317, 'task_update', 'virtual', '', NULL, '2014-05-23 11:54:03', 'web'),
(291, 705, 317, 'task_update', 'virtual', '', NULL, '2014-05-23 11:55:51', 'web'),
(292, 705, 317, 'task_update', 'virtual', '', NULL, '2014-05-23 11:59:02', 'web');

-- --------------------------------------------------------

--
-- Table structure for table `gc_dta_task_attrib`
--

CREATE TABLE IF NOT EXISTS `gc_dta_task_attrib` (
  `task_id` bigint(20) NOT NULL DEFAULT '0' COMMENT 'attribute related to which task?',
  `attrib_type` varchar(50) NOT NULL DEFAULT '' COMMENT 'attribute type such as task_question',
  `attrib_subtype` varchar(50) DEFAULT NULL,
  `attrib_desc` varchar(50) NOT NULL DEFAULT '',
  `val_bigint` bigint(20) DEFAULT NULL COMMENT 'Long integer value',
  `val_int` int(11) DEFAULT NULL COMMENT 'Integer value',
  `val_real` decimal(15,2) DEFAULT NULL COMMENT 'real value',
  `val_str` varchar(8000) DEFAULT NULL COMMENT 'string value, for example custom question related data',
  `val_dt` datetime DEFAULT NULL COMMENT 'date value',
  `created_at` timestamp NOT NULL DEFAULT CURRENT_TIMESTAMP,
  `created_by` bigint(20) NOT NULL,
  `updated_at` datetime DEFAULT NULL,
  `updated_by` bigint(20) DEFAULT NULL,
  `source_app` varchar(10) DEFAULT NULL,
  `status` char(1) DEFAULT 'a',
  PRIMARY KEY (`task_id`,`attrib_type`,`attrib_desc`)
) ENGINE=InnoDB DEFAULT CHARSET=utf8 COMMENT='This table holds task attributes which are created on need basis and not always required for each task. for example, custom question etc.';

-- --------------------------------------------------------

--
-- Table structure for table `gc_dta_task_category`
--

CREATE TABLE IF NOT EXISTS `gc_dta_task_category` (
  `task_id` bigint(20) NOT NULL,
  `language_code` varchar(5) NOT NULL COMMENT 'to avoid join with gc_dat_task column, it is maintained in this table also',
  `category_id` int(11) NOT NULL COMMENT 'under which main category the task is posted. A task can be posted under one or more categories',
  `created_at` timestamp NOT NULL DEFAULT CURRENT_TIMESTAMP,
  `created_by` bigint(20) NOT NULL,
  `updated_at` timestamp NOT NULL DEFAULT '0000-00-00 00:00:00',
  `updated_by` bigint(20) DEFAULT NULL,
  `status` char(1) DEFAULT 'o' COMMENT 'o = open for bidding, c = cancelled, p = in progress, f = finished in time, d = under dispute, l = late finished',
  `source_app` varchar(10) DEFAULT NULL,
  PRIMARY KEY (`language_code`,`category_id`,`task_id`),
  KEY `fk_task_category_task_id` (`task_id`),
  KEY `fk_task_category_category_id` (`category_id`),
  KEY `fk_task_category_created_by` (`created_by`),
  KEY `fk_task_category_updated_by` (`updated_by`),
  KEY `idx_gc_dta_task_lang_catg_status` (`language_code`,`category_id`,`status`,`created_at`)
) ENGINE=InnoDB DEFAULT CHARSET=utf8;

--
-- Dumping data for table `gc_dta_task_category`
--

INSERT INTO `gc_dta_task_category` (`task_id`, `language_code`, `category_id`, `created_at`, `created_by`, `updated_at`, `updated_by`, `status`, `source_app`) VALUES
(650, 'en_us', 20, '2014-05-05 12:07:15', 299, '0000-00-00 00:00:00', 299, 'o', 'web'),
(626, 'en_us', 21, '2014-05-03 09:33:06', 306, '0000-00-00 00:00:00', 306, 'o', 'web'),
(634, 'en_us', 21, '2014-05-03 10:23:05', 307, '0000-00-00 00:00:00', 307, 'o', 'web'),
(638, 'en_us', 21, '2014-05-05 06:58:57', 317, '0000-00-00 00:00:00', 317, 'o', 'web'),
(642, 'en_us', 21, '2014-05-05 09:29:11', 298, '0000-00-00 00:00:00', 298, 'o', 'web'),
(643, 'en_us', 21, '2014-05-05 11:26:35', 298, '0000-00-00 00:00:00', 298, 'o', 'web'),
(646, 'en_us', 21, '2014-05-05 11:52:25', 299, '0000-00-00 00:00:00', 299, 'o', 'web'),
(656, 'en_us', 21, '2014-05-06 04:47:36', 312, '0000-00-00 00:00:00', 312, 'o', 'web'),
(664, 'en_us', 21, '2014-05-06 05:31:07', 313, '0000-00-00 00:00:00', 313, 'o', 'web'),
(671, 'en_us', 21, '2014-05-06 10:58:05', 316, '0000-00-00 00:00:00', 316, 'o', 'web'),
(672, 'en_us', 21, '2014-05-06 11:55:29', 316, '0000-00-00 00:00:00', 316, 'o', 'web'),
(647, 'en_us', 22, '2014-05-05 11:53:55', 299, '0000-00-00 00:00:00', 299, 'o', 'web'),
(657, 'en_us', 22, '2014-05-06 04:54:03', 312, '0000-00-00 00:00:00', 312, 'o', 'web'),
(635, 'en_us', 23, '2014-05-05 04:29:13', 317, '0000-00-00 00:00:00', 317, 'o', 'web'),
(640, 'en_us', 23, '2014-05-05 09:21:27', 317, '0000-00-00 00:00:00', 317, 'o', 'web'),
(641, 'en_us', 23, '2014-05-05 09:27:04', 298, '0000-00-00 00:00:00', 298, 'o', 'web'),
(644, 'en_us', 23, '2014-05-05 11:49:59', 299, '0000-00-00 00:00:00', 299, 'o', 'web'),
(655, 'en_us', 23, '2014-05-06 04:38:58', 312, '0000-00-00 00:00:00', 312, 'o', 'web'),
(611, 'en_us', 24, '2014-05-03 08:14:43', 303, '0000-00-00 00:00:00', 303, 'o', 'web'),
(645, 'en_us', 24, '2014-05-05 11:50:55', 299, '0000-00-00 00:00:00', 299, 'o', 'web'),
(704, 'en_us', 24, '2014-05-23 07:27:40', 316, '0000-00-00 00:00:00', 316, 'o', 'web'),
(705, 'en_us', 24, '2014-05-23 07:27:42', 316, '0000-00-00 00:00:00', 316, 'o', 'web'),
(706, 'en_us', 24, '2014-05-23 07:27:52', 316, '0000-00-00 00:00:00', 316, 'o', 'web'),
(707, 'en_us', 24, '2014-05-23 08:26:30', 316, '0000-00-00 00:00:00', 316, 'o', 'web'),
(612, 'en_us', 25, '2014-05-03 08:26:30', 303, '0000-00-00 00:00:00', 303, 'o', 'web'),
(699, 'en_us', 25, '2014-05-20 12:03:44', 316, '0000-00-00 00:00:00', 316, 'o', 'web'),
(629, 'en_us', 27, '2014-05-03 10:10:18', 306, '0000-00-00 00:00:00', 306, 'o', 'web'),
(630, 'en_us', 27, '2014-05-03 10:13:10', 306, '0000-00-00 00:00:00', 306, 'o', 'web'),
(636, 'en_us', 27, '2014-05-05 06:46:10', 317, '0000-00-00 00:00:00', 317, 'o', 'web'),
(639, 'en_us', 27, '2014-05-05 09:17:55', 307, '0000-00-00 00:00:00', 307, 'o', 'web'),
(631, 'en_us', 28, '2014-05-03 10:14:23', 306, '0000-00-00 00:00:00', 306, 'o', 'web'),
(662, 'en_us', 28, '2014-05-06 05:18:45', 304, '0000-00-00 00:00:00', 304, 'o', 'web'),
(632, 'en_us', 30, '2014-05-03 10:17:42', 307, '0000-00-00 00:00:00', 307, 'o', 'web'),
(625, 'en_us', 31, '2014-05-03 09:29:30', 306, '0000-00-00 00:00:00', 306, 'o', 'web'),
(667, 'en_us', 31, '2014-05-06 05:45:31', 316, '0000-00-00 00:00:00', 316, 'o', 'web'),
(622, 'en_us', 34, '2014-05-03 09:04:13', 304, '0000-00-00 00:00:00', 304, 'o', 'web'),
(623, 'en_us', 34, '2014-05-03 09:06:44', 304, '0000-00-00 00:00:00', 304, 'o', 'web'),
(628, 'en_us', 34, '2014-05-03 09:50:47', 306, '0000-00-00 00:00:00', 306, 'o', 'web'),
(637, 'en_us', 34, '2014-05-05 06:49:25', 317, '0000-00-00 00:00:00', 317, 'o', 'web'),
(624, 'en_us', 35, '2014-05-03 09:25:39', 305, '0000-00-00 00:00:00', 305, 'o', 'web'),
(660, 'en_us', 35, '2014-05-06 05:09:56', 301, '0000-00-00 00:00:00', 301, 'o', 'web'),
(666, 'en_us', 36, '2014-05-06 05:42:13', 316, '0000-00-00 00:00:00', 316, 'o', 'web'),
(614, 'en_us', 46, '2014-05-03 08:28:48', 303, '0000-00-00 00:00:00', 303, 'o', 'web'),
(648, 'en_us', 46, '2014-05-05 11:55:14', 299, '0000-00-00 00:00:00', 299, 'o', 'web'),
(659, 'en_us', 46, '2014-05-06 05:06:53', 301, '0000-00-00 00:00:00', 301, 'o', 'web'),
(649, 'en_us', 47, '2014-05-05 12:05:34', 299, '0000-00-00 00:00:00', 299, 'o', 'web'),
(694, 'en_us', 47, '2014-05-20 10:31:17', 316, '0000-00-00 00:00:00', 316, 'o', 'web'),
(695, 'en_us', 47, '2014-05-20 10:31:22', 316, '0000-00-00 00:00:00', 316, 'o', 'web'),
(627, 'en_us', 64, '2014-05-03 09:41:33', 306, '0000-00-00 00:00:00', 306, 'o', 'web'),
(701, 'en_us', 64, '2014-05-21 07:22:04', 316, '0000-00-00 00:00:00', 316, 'o', 'web'),
(702, 'en_us', 64, '2014-05-21 08:33:38', 316, '0000-00-00 00:00:00', 316, 'o', 'web'),
(633, 'en_us', 66, '2014-05-03 10:18:58', 307, '0000-00-00 00:00:00', 307, 'o', 'web'),
(670, 'en_us', 68, '2014-05-06 07:18:08', 314, '0000-00-00 00:00:00', 314, 'o', 'web'),
(673, 'en_us', 70, '2014-05-17 10:10:54', 316, '0000-00-00 00:00:00', 316, 'o', 'web'),
(692, 'en_us', 70, '2014-05-19 13:59:56', 298, '0000-00-00 00:00:00', 298, 'o', 'web'),
(615, 'en_us', 71, '2014-05-03 08:29:53', 303, '0000-00-00 00:00:00', 303, 'o', 'web'),
(651, 'en_us', 71, '2014-05-05 12:08:42', 299, '0000-00-00 00:00:00', 299, 'o', 'web'),
(661, 'en_us', 71, '2014-05-06 05:15:11', 304, '0000-00-00 00:00:00', 304, 'o', 'web'),
(668, 'en_us', 72, '2014-05-06 06:40:30', 317, '0000-00-00 00:00:00', 317, 'o', 'web'),
(703, 'en_us', 72, '2014-05-21 16:52:24', 299, '0000-00-00 00:00:00', 299, 'o', 'web'),
(665, 'en_us', 76, '2014-05-06 05:37:27', 316, '0000-00-00 00:00:00', 316, 'o', 'web'),
(674, 'en_us', 77, '2014-05-17 10:20:47', 316, '0000-00-00 00:00:00', 316, 'o', 'web'),
(675, 'en_us', 77, '2014-05-17 10:23:44', 316, '0000-00-00 00:00:00', 316, 'o', 'web'),
(676, 'en_us', 77, '2014-05-17 10:26:59', 316, '0000-00-00 00:00:00', 316, 'o', 'web'),
(677, 'en_us', 77, '2014-05-17 10:28:39', 316, '0000-00-00 00:00:00', 316, 'o', 'web'),
(682, 'en_us', 77, '2014-05-19 13:04:05', 298, '0000-00-00 00:00:00', 298, 'o', 'web'),
(683, 'en_us', 77, '2014-05-19 13:05:11', 298, '0000-00-00 00:00:00', 298, 'o', 'web'),
(684, 'en_us', 77, '2014-05-19 13:05:29', 298, '0000-00-00 00:00:00', 298, 'o', 'web'),
(685, 'en_us', 77, '2014-05-19 13:07:48', 298, '0000-00-00 00:00:00', 298, 'o', 'web'),
(686, 'en_us', 77, '2014-05-19 13:08:29', 298, '0000-00-00 00:00:00', 298, 'o', 'web'),
(687, 'en_us', 77, '2014-05-19 13:17:57', 298, '0000-00-00 00:00:00', 298, 'o', 'web'),
(688, 'en_us', 77, '2014-05-19 13:49:41', 298, '0000-00-00 00:00:00', 298, 'o', 'web'),
(689, 'en_us', 77, '2014-05-19 13:50:50', 298, '0000-00-00 00:00:00', 298, 'o', 'web'),
(690, 'en_us', 77, '2014-05-19 13:54:18', 298, '0000-00-00 00:00:00', 298, 'o', 'web'),
(691, 'en_us', 77, '2014-05-19 13:58:16', 298, '0000-00-00 00:00:00', 298, 'o', 'web'),
(619, 'en_us', 78, '2014-05-03 08:45:05', 304, '0000-00-00 00:00:00', 304, 'o', 'web'),
(616, 'en_us', 79, '2014-05-03 08:42:35', 304, '0000-00-00 00:00:00', 304, 'o', 'web'),
(617, 'en_us', 79, '2014-05-03 08:43:45', 304, '0000-00-00 00:00:00', 304, 'o', 'web'),
(678, 'en_us', 80, '2014-05-17 10:29:59', 316, '0000-00-00 00:00:00', 316, 'o', 'web'),
(679, 'en_us', 80, '2014-05-17 10:30:21', 316, '0000-00-00 00:00:00', 316, 'o', 'web'),
(680, 'en_us', 80, '2014-05-17 10:36:58', 316, '0000-00-00 00:00:00', 316, 'o', 'web'),
(681, 'en_us', 80, '2014-05-17 10:47:17', 316, '0000-00-00 00:00:00', 316, 'o', 'web'),
(693, 'en_us', 80, '2014-05-20 04:17:31', 316, '0000-00-00 00:00:00', 316, 'o', 'web'),
(696, 'en_us', 80, '2014-05-20 11:41:21', 316, '0000-00-00 00:00:00', 316, 'o', 'web'),
(697, 'en_us', 80, '2014-05-20 11:42:34', 316, '0000-00-00 00:00:00', 316, 'o', 'web'),
(698, 'en_us', 80, '2014-05-20 11:44:58', 316, '0000-00-00 00:00:00', 316, 'o', 'web'),
(700, 'en_us', 80, '2014-05-21 07:19:40', 316, '0000-00-00 00:00:00', 316, 'o', 'web'),
(708, 'en_us', 80, '2014-05-23 11:43:19', 317, '0000-00-00 00:00:00', 317, 'o', 'web'),
(709, 'en_us', 80, '2014-05-23 11:43:55', 317, '0000-00-00 00:00:00', 317, 'o', 'web'),
(710, 'en_us', 80, '2014-05-23 11:44:14', 317, '0000-00-00 00:00:00', 317, 'o', 'web'),
(711, 'en_us', 80, '2014-05-23 11:46:17', 317, '0000-00-00 00:00:00', 317, 'o', 'web');

-- --------------------------------------------------------

--
-- Table structure for table `gc_dta_task_location`
--

CREATE TABLE IF NOT EXISTS `gc_dta_task_location` (
  `id` bigint(20) NOT NULL AUTO_INCREMENT,
  `task_id` bigint(20) NOT NULL,
  `is_location_region` char(1) DEFAULT NULL,
  `region_id` int(11) DEFAULT NULL,
  `country_code` varchar(2) DEFAULT NULL,
  `location_longitude` varchar(30) DEFAULT NULL,
  `location_latitude` varchar(30) DEFAULT NULL,
  `location_geo_area` varchar(100) DEFAULT NULL,
  `source_app` varchar(10) DEFAULT NULL,
  PRIMARY KEY (`id`),
  KEY `fk_task_location_task_id` (`task_id`),
  KEY `idx_gc_dta_task_location_region_id` (`region_id`),
  KEY `idx_gc_dta_task_location_country_code` (`country_code`),
  KEY `idx_gc_dta_task_location_location_latlong` (`location_longitude`,`location_latitude`)
) ENGINE=InnoDB  DEFAULT CHARSET=utf8 AUTO_INCREMENT=89 ;

--
-- Dumping data for table `gc_dta_task_location`
--

INSERT INTO `gc_dta_task_location` (`id`, `task_id`, `is_location_region`, `region_id`, `country_code`, `location_longitude`, `location_latitude`, `location_geo_area`, `source_app`) VALUES
(1, 622, NULL, NULL, NULL, '-73.9780035', '40.7056308', 'New York, NY, USA', 'web'),
(2, 623, NULL, NULL, NULL, '-73.9780035', '40.7056308', 'New York, NY, USA', 'web'),
(3, 624, NULL, NULL, NULL, '-73.94565089999999', '40.655331', 'Downstate Hospital, 450 Clarkson Avenue, Brooklyn, NY 11203, USA', 'web'),
(4, 625, NULL, NULL, NULL, '-73.94565089999999', '40.655331', 'Downstate Hospital, 450 Clarkson Avenue, Brooklyn, NY 11203, USA', NULL),
(5, 626, NULL, NULL, NULL, '-73.94565089999999', '40.655331', 'Downstate Hospital, 450 Clarkson Avenue, Brooklyn, NY 11203, USA', NULL),
(6, 627, NULL, NULL, NULL, '-73.9780035', '40.7056308', 'New York, NY, USA', 'web'),
(7, 628, NULL, NULL, NULL, '-73.94565089999999', '40.655331', 'Downstate Hospital, 450 Clarkson Avenue, Brooklyn, NY 11203, USA', NULL),
(8, 629, NULL, NULL, NULL, '-73.94565089999999', '40.655331', 'Downstate Hospital, 450 Clarkson Avenue, Brooklyn, NY 11203, USA', NULL),
(9, 630, NULL, NULL, NULL, '-73.9780035', '40.7056308', 'New York, NY, USA', NULL),
(10, 631, NULL, NULL, NULL, '-73.9780035', '40.7056308', 'New York, NY, USA', NULL),
(11, 632, NULL, NULL, NULL, '-73.9780035', '40.7056308', 'New York, NY, USA', 'web'),
(12, 633, NULL, NULL, NULL, '-73.9780035', '40.7056308', 'New York, NY, USA', 'web'),
(13, 634, NULL, NULL, NULL, '-73.9780035', '40.7056308', 'New York, NY, USA', 'web'),
(14, 635, 'c', NULL, 'US', NULL, NULL, NULL, 'web'),
(15, 635, 'c', NULL, 'CA', NULL, NULL, NULL, 'web'),
(16, 635, 'c', NULL, 'IN', NULL, NULL, NULL, 'web'),
(17, 636, NULL, NULL, NULL, '-73.9964609', '40.72951339999999', 'New York University, 70 Washington Square South, New York, NY 10012, USA', 'web'),
(18, 637, NULL, NULL, NULL, '-73.9780035', '40.7056308', 'New York, NY, USA', 'web'),
(19, 638, NULL, NULL, NULL, '-73.9780035', '40.7056308', 'New York, NY, USA', 'web'),
(20, 639, NULL, NULL, NULL, '-73.9780035', '40.7056308', 'New York, NY, USA', NULL),
(21, 642, NULL, NULL, NULL, '', '', '', 'web'),
(22, 643, NULL, NULL, NULL, '-73.9780035', '40.7056308', 'New York, NY, USA', 'web'),
(23, 646, NULL, NULL, NULL, '-73.9780035', '40.7056308', 'New York, NY, USA', NULL),
(24, 647, NULL, NULL, NULL, '-73.9780035', '40.7056308', 'New York, NY, USA', 'web'),
(25, 656, NULL, NULL, NULL, '-99.9018131', '31.9685988', 'Texas, USA', NULL),
(26, 657, NULL, NULL, NULL, '-95.712891', '37.09024', 'United States', 'web'),
(27, 660, NULL, NULL, NULL, '-95.712891', '37.09024', 'United States', 'web'),
(28, 662, NULL, NULL, NULL, '-95.712891', '37.09024', 'United States', 'web'),
(29, 664, NULL, NULL, NULL, '-106.346771', '56.130366', 'Canada', NULL),
(30, 666, NULL, NULL, NULL, '78.96288', '20.593684', 'India', 'web'),
(31, 667, NULL, NULL, NULL, '12.0807203', '50.8850706', 'Gera, Germany', 'web'),
(32, 670, NULL, NULL, NULL, '78.96288', '20.593684', 'India', 'web'),
(33, 641, 'c', NULL, 'US', NULL, NULL, NULL, 'web'),
(34, 641, 'c', NULL, 'UK', NULL, NULL, NULL, 'web'),
(35, 641, 'c', NULL, 'CA', NULL, NULL, NULL, 'web'),
(36, 641, 'c', NULL, 'BS', NULL, NULL, NULL, 'web'),
(37, 641, 'c', NULL, 'BT', NULL, NULL, NULL, 'web'),
(38, 651, 'c', NULL, 'US', NULL, NULL, NULL, 'web'),
(39, 651, 'c', NULL, 'UK', NULL, NULL, NULL, 'web'),
(40, 651, 'c', NULL, 'BZ', NULL, NULL, NULL, 'web'),
(41, 651, 'c', NULL, 'CC', NULL, NULL, NULL, 'web'),
(42, 651, 'c', NULL, 'CG', NULL, NULL, NULL, 'web'),
(43, 651, 'c', NULL, 'IN', NULL, NULL, NULL, 'web'),
(44, 650, 'c', NULL, 'US', NULL, NULL, NULL, 'web'),
(45, 650, 'c', NULL, 'UK', NULL, NULL, NULL, 'web'),
(46, 650, 'c', NULL, 'BS', NULL, NULL, NULL, 'web'),
(47, 650, 'c', NULL, 'BT', NULL, NULL, NULL, 'web'),
(48, 650, 'c', NULL, 'BV', NULL, NULL, NULL, 'web'),
(49, 650, 'c', NULL, 'IN', NULL, NULL, NULL, 'web'),
(50, 671, NULL, NULL, NULL, '-73.9780035', '40.7056308', 'New York, NY, USA', 'web'),
(51, 672, NULL, NULL, NULL, '-73.9780035', '40.7056308', 'New York, NY, USA', 'web'),
(52, 679, 'c', NULL, 'US', NULL, NULL, NULL, 'web'),
(53, 679, 'c', NULL, 'UK', NULL, NULL, NULL, 'web'),
(54, 680, 'c', NULL, 'US', '75.8059541', '26.8266513', NULL, 'web'),
(55, 680, 'c', NULL, 'UK', '75.8059541', '26.8266513', NULL, 'web'),
(56, 681, 'c', NULL, 'US', '75.8059541', '26.8266513', NULL, 'web'),
(57, 681, 'c', NULL, 'UK', '75.8059541', '26.8266513', NULL, 'web'),
(78, 703, 'c', NULL, 'UK', '75.8242009', '26.9248305', NULL, 'web'),
(79, 700, 'c', NULL, 'US', '75.8059541', '26.8266513', NULL, 'web'),
(80, 700, 'c', NULL, 'UK', '75.8059541', '26.8266513', NULL, 'web'),
(81, 700, 'c', NULL, 'BS', '75.8059541', '26.8266513', NULL, 'web'),
(82, 704, 'c', NULL, 'UK', '75.8059541', '26.8266513', NULL, 'web'),
(84, 706, 'c', NULL, 'UK', '75.8059541', '26.8266513', NULL, 'web'),
(85, 707, 'c', NULL, 'UK', '75.8059541', '26.8266513', NULL, 'web'),
(88, 705, 'c', NULL, 'UK', '75.7488641', '26.9047751', NULL, 'web');

-- --------------------------------------------------------

--
-- Table structure for table `gc_dta_task_question`
--

CREATE TABLE IF NOT EXISTS `gc_dta_task_question` (
  `task_question_id` bigint(20) NOT NULL AUTO_INCREMENT,
  `task_id` bigint(20) NOT NULL,
  `question_id` bigint(20) DEFAULT NULL,
  `task_question_desc` varchar(2000) DEFAULT NULL,
  `source_app` varchar(10) DEFAULT NULL,
  PRIMARY KEY (`task_question_id`),
  KEY `fk_task_question_question_id` (`question_id`),
  KEY `fk_task_question_task_id` (`task_id`)
) ENGINE=InnoDB  DEFAULT CHARSET=utf8 AUTO_INCREMENT=78 ;

--
-- Dumping data for table `gc_dta_task_question`
--

INSERT INTO `gc_dta_task_question` (`task_question_id`, `task_id`, `question_id`, `task_question_desc`, `source_app`) VALUES
(1, 685, 102, 'affect versus effect', 'web'),
(2, 685, 103, 'accept versus except', 'web'),
(3, 686, 102, 'affect versus effect', 'web'),
(4, 686, 103, 'accept versus except', 'web'),
(6, 687, 102, 'affect versus effect', 'web'),
(7, 687, 103, 'accept versus except', 'web'),
(8, 687, 0, 'retertetrter', 'web'),
(9, 687, 0, 'rtytryrtytrytyrty', 'web'),
(10, 687, 0, 'qwrwerwerwerwerwe', 'web'),
(11, 688, 102, 'affect versus effect', 'web'),
(12, 688, 103, 'accept versus except', 'web'),
(13, 688, 0, 'retertetrter', 'web'),
(14, 688, 0, 'rtytryrtytrytyrty', 'web'),
(15, 688, 0, 'qwrwerwerwerwerwe', 'web'),
(16, 689, 102, 'affect versus effect', 'web'),
(17, 689, 103, 'accept versus except', 'web'),
(18, 689, 0, 'retertetrter', 'web'),
(19, 689, 0, 'rtytryrtytrytyrty', 'web'),
(20, 689, 0, 'qwrwerwerwerwerwe', 'web'),
(21, 690, 102, 'affect versus effect', 'web'),
(22, 690, 103, 'accept versus except', 'web'),
(23, 690, 0, 'retertetrter', 'web'),
(24, 690, 0, 'rtytryrtytrytyrty', 'web'),
(25, 690, 0, 'qwrwerwerwerwerwe', 'web'),
(26, 693, 100, 'What are some of the languages you work in?', 'web'),
(27, 693, 101, ' want a document translated into Chinese, but I''m not sure which dialect I need. Which geographic areas use which dialects?', 'web'),
(28, 694, 53, 'What is the concept of Postback in ASP.NET?', 'web'),
(29, 694, 52, 'How can we identify that the Page is Post Back?', 'web'),
(30, 695, 53, 'What is the concept of Postback in ASP.NET?', 'web'),
(31, 695, 52, 'How can we identify that the Page is Post Back?', 'web'),
(32, 696, 101, ' want a document translated into Chinese, but I''m not sure which dialect I need. Which geographic areas use which dialects?', 'web'),
(33, 696, 0, 'gkltrjgfsdjkgksdgfsdjkgk', 'web'),
(34, 697, 101, ' want a document translated into Chinese, but I''m not sure which dialect I need. Which geographic areas use which dialects?', 'web'),
(35, 698, 100, 'What are some of the languages you work in?', 'web'),
(36, 701, 40, 'How to communicate with costumer if you are late?', 'web'),
(37, 701, 0, 'asdaadadas', 'web'),
(38, 702, 40, 'How to communicate with costumer if you are late?', 'web'),
(50, 703, 0, 'Who is buried in Grant''s tomb', 'web'),
(51, 703, 0, 'What year was the war of 1812?', 'web'),
(52, 700, 101, ' want a document translated into Chinese, but I''m not sure which dialect I need. Which geographic areas use which dialects?', 'web'),
(53, 700, 0, 'asdasdasdasdasdasdasd', 'web'),
(54, 704, 30, 'CSS stands for what?', 'web'),
(55, 704, 43, 'Html code', 'web'),
(56, 704, 25, 'What does 508 refer to in web design?', 'web'),
(60, 706, 30, 'CSS stands for what?', 'web'),
(61, 706, 43, 'Html code', 'web'),
(62, 706, 25, 'What does 508 refer to in web design?', 'web'),
(63, 707, 30, 'CSS stands for what?', 'web'),
(64, 707, 43, 'Html code', 'web'),
(65, 707, 25, 'What does 508 refer to in web design?', 'web'),
(66, 708, 100, 'What are some of the languages you work in?', 'web'),
(67, 709, 100, 'What are some of the languages you work in?', 'web'),
(68, 710, 100, 'What are some of the languages you work in?', 'web'),
(75, 705, 30, 'CSS stands for what?', 'web'),
(76, 705, 43, 'Html code', 'web'),
(77, 705, 25, 'What does 508 refer to in web design?', 'web');

-- --------------------------------------------------------

--
-- Table structure for table `gc_dta_task_question_reply`
--

CREATE TABLE IF NOT EXISTS `gc_dta_task_question_reply` (
  `task_question_id` bigint(20) NOT NULL,
  `task_id` bigint(20) NOT NULL,
  `tasker_id` bigint(20) NOT NULL,
  `reply_desc` varchar(2000) DEFAULT NULL,
  `reply_yesno` char(1) DEFAULT NULL,
  `created_at` timestamp NOT NULL DEFAULT CURRENT_TIMESTAMP,
  `updated_at` timestamp NOT NULL DEFAULT '0000-00-00 00:00:00',
  `source_app` varchar(10) DEFAULT NULL,
  PRIMARY KEY (`task_question_id`),
  KEY `fk_task_question_reply_tasker_id` (`tasker_id`),
  KEY `fk_task_question_reply_task_id` (`task_id`)
) ENGINE=InnoDB DEFAULT CHARSET=utf8;

-- --------------------------------------------------------

--
-- Table structure for table `gc_dta_task_skill`
--

CREATE TABLE IF NOT EXISTS `gc_dta_task_skill` (
  `skill_id` int(11) NOT NULL AUTO_INCREMENT,
  `task_id` bigint(20) NOT NULL,
  `source_app` varchar(10) DEFAULT NULL,
  PRIMARY KEY (`task_id`,`skill_id`),
  KEY `fk_task_skill_skill_id` (`skill_id`)
) ENGINE=InnoDB  DEFAULT CHARSET=utf8 AUTO_INCREMENT=119 ;

--
-- Dumping data for table `gc_dta_task_skill`
--

INSERT INTO `gc_dta_task_skill` (`skill_id`, `task_id`, `source_app`) VALUES
(15, 611, 'web'),
(18, 611, 'web'),
(20, 611, 'web'),
(21, 611, 'web'),
(38, 611, 'web'),
(56, 612, 'web'),
(57, 612, 'web'),
(58, 612, 'web'),
(81, 612, 'web'),
(1, 614, 'web'),
(14, 614, 'web'),
(16, 614, 'web'),
(17, 614, 'web'),
(90, 615, 'web'),
(113, 616, 'web'),
(114, 616, 'web'),
(115, 616, 'web'),
(50, 635, 'web'),
(51, 635, 'web'),
(52, 635, 'web'),
(79, 635, 'web'),
(80, 635, 'web'),
(60, 636, 'web'),
(61, 636, 'web'),
(60, 639, 'web'),
(61, 639, 'web'),
(50, 640, 'web'),
(51, 640, 'web'),
(52, 640, 'web'),
(80, 640, 'web'),
(44, 642, 'web'),
(45, 642, 'web'),
(54, 642, 'web'),
(55, 642, 'web'),
(59, 642, 'web'),
(92, 642, 'web'),
(116, 681, 'web'),
(117, 681, 'web'),
(106, 682, 'web'),
(107, 682, 'web'),
(106, 683, 'web'),
(107, 683, 'web'),
(106, 684, 'web'),
(107, 684, 'web'),
(106, 685, 'web'),
(107, 685, 'web'),
(106, 686, 'web'),
(107, 686, 'web'),
(106, 687, 'web'),
(107, 687, 'web'),
(106, 688, 'web'),
(107, 688, 'web'),
(106, 689, 'web'),
(107, 689, 'web'),
(106, 690, 'web'),
(107, 690, 'web'),
(116, 693, 'web'),
(117, 693, 'web'),
(118, 693, 'web'),
(26, 694, 'web'),
(27, 694, 'web'),
(26, 695, 'web'),
(27, 695, 'web'),
(117, 696, 'web'),
(117, 697, 'web'),
(117, 698, 'web'),
(116, 700, 'web'),
(117, 700, 'web'),
(118, 700, 'web'),
(46, 701, 'web'),
(47, 701, 'web'),
(47, 702, 'web'),
(91, 703, 'web'),
(93, 703, 'web'),
(18, 704, 'web'),
(20, 704, 'web'),
(21, 704, 'web'),
(82, 704, 'web'),
(83, 704, 'web'),
(18, 705, 'web'),
(20, 705, 'web'),
(21, 705, 'web'),
(82, 705, 'web'),
(83, 705, 'web'),
(18, 706, 'web'),
(20, 706, 'web'),
(21, 706, 'web'),
(82, 706, 'web'),
(83, 706, 'web'),
(18, 707, 'web'),
(20, 707, 'web'),
(21, 707, 'web'),
(82, 707, 'web'),
(83, 707, 'web'),
(116, 708, 'web'),
(117, 708, 'web'),
(118, 708, 'web'),
(116, 709, 'web'),
(117, 709, 'web'),
(118, 709, 'web'),
(116, 710, 'web'),
(117, 710, 'web'),
(118, 710, 'web');

-- --------------------------------------------------------

--
-- Table structure for table `gc_dta_task_speciality`
--

CREATE TABLE IF NOT EXISTS `gc_dta_task_speciality` (
  `task_id` bigint(20) NOT NULL,
  `speciality_id` int(11) NOT NULL,
  `is_required` tinyint(1) DEFAULT '1',
  `required_rank` int(2) DEFAULT NULL,
  `created_at` timestamp NOT NULL DEFAULT CURRENT_TIMESTAMP,
  `created_by` bigint(20) NOT NULL,
  `updated_at` timestamp NULL DEFAULT NULL,
  `updated_by` bigint(20) DEFAULT NULL,
  `status` char(1) DEFAULT 'a',
  `source_app` varchar(10) DEFAULT NULL,
  PRIMARY KEY (`task_id`,`speciality_id`),
  KEY `fk_task_speciality_created_by` (`created_by`),
  KEY `fk_task_speciality_updated_by` (`updated_by`),
  KEY `idx1_gc_dta_task_speciality_id` (`speciality_id`,`created_at`)
) ENGINE=InnoDB DEFAULT CHARSET=utf8;

-- --------------------------------------------------------

--
-- Table structure for table `gc_dta_task_tasker`
--

CREATE TABLE IF NOT EXISTS `gc_dta_task_tasker` (
  `task_tasker_id` bigint(20) NOT NULL AUTO_INCREMENT,
  `task_id` bigint(20) NOT NULL,
  `tasker_id` bigint(20) NOT NULL,
  `selection_type` varchar(10) NOT NULL COMMENT 'inv (invited by poster), bid (bidding by poster), auto (auto selected by system), repeat (repeated the tasker)',
  `tasker_location_longitude` varchar(30) DEFAULT NULL,
  `tasker_location_latitude` varchar(30) DEFAULT NULL,
  `tasker_location_geo_area` varchar(100) DEFAULT NULL,
  `tasker_in_range` int(4) DEFAULT NULL,
  `poster_comments` varchar(1000) DEFAULT NULL,
  `tasker_comments` varchar(4000) DEFAULT NULL COMMENT 'tasker comments e.g. proposal',
  `tasker_review_comments` varchar(2000) DEFAULT NULL,
  `poster_review_comments` varchar(2000) DEFAULT NULL,
  `tasker_review_dt` datetime DEFAULT NULL,
  `poster_review_dt` datetime DEFAULT NULL,
  `attachments` varchar(2000) DEFAULT NULL,
  `created_at` timestamp NOT NULL DEFAULT CURRENT_TIMESTAMP,
  `created_by` bigint(20) NOT NULL,
  `updated_at` timestamp NOT NULL DEFAULT '0000-00-00 00:00:00',
  `updated_by` bigint(20) NOT NULL,
  `source_app` varchar(10) DEFAULT NULL COMMENT 'such as web, android, iOs etc. Usefull to know the data input channel',
  `status` char(1) DEFAULT 'a' COMMENT 'a = active, s = selected, r rejected/not interested, d = drafted',
  `proposed_cost` decimal(10,3) DEFAULT NULL COMMENT 'Cost proposed by the tasker',
  `approved_cost` decimal(10,3) DEFAULT '0.000' COMMENT 'Cost approved by the poster',
  `approved_on` datetime DEFAULT NULL COMMENT 'Cost approved by the poster on',
  `is_invited` tinyint(1) NOT NULL DEFAULT '0',
  `invited_at` datetime DEFAULT NULL,
  `not_interested` tinyint(1) NOT NULL DEFAULT '0',
  `not_interested_at` datetime DEFAULT NULL,
  `is_tasker_saved` tinyint(1) NOT NULL DEFAULT '0',
  PRIMARY KEY (`task_tasker_id`),
  KEY `gc_dta_task_tasker_idx1` (`task_id`,`status`),
  KEY `gc_dta_task_tasker_idx2` (`status`,`task_id`),
  KEY `gc_dta_task_tasker_idx3` (`tasker_id`,`status`),
  KEY `fk_gc_dta_task_tasker_created_by` (`created_by`)
) ENGINE=InnoDB  DEFAULT CHARSET=utf8 AUTO_INCREMENT=240 ;

--
-- Dumping data for table `gc_dta_task_tasker`
--

INSERT INTO `gc_dta_task_tasker` (`task_tasker_id`, `task_id`, `tasker_id`, `selection_type`, `tasker_location_longitude`, `tasker_location_latitude`, `tasker_location_geo_area`, `tasker_in_range`, `poster_comments`, `tasker_comments`, `tasker_review_comments`, `poster_review_comments`, `tasker_review_dt`, `poster_review_dt`, `attachments`, `created_at`, `created_by`, `updated_at`, `updated_by`, `source_app`, `status`, `proposed_cost`, `approved_cost`, `approved_on`, `is_invited`, `invited_at`, `not_interested`, `not_interested_at`, `is_tasker_saved`) VALUES
(1, 622, 303, 'inv', '-73.9780035', '40.7056308', NULL, 0, NULL, NULL, NULL, NULL, NULL, NULL, NULL, '2014-05-03 09:04:15', 304, '0000-00-00 00:00:00', 0, NULL, 'a', NULL, '0.000', NULL, 0, NULL, 0, NULL, 0),
(2, 623, 303, 'inv', '-73.9780035', '40.7056308', NULL, 0, NULL, NULL, NULL, NULL, NULL, NULL, NULL, '2014-05-03 09:06:50', 304, '0000-00-00 00:00:00', 0, NULL, 'a', NULL, '0.000', NULL, 0, NULL, 0, NULL, 0),
(3, 624, 303, 'inv', '-73.9780035', '40.7056308', NULL, 3, NULL, NULL, NULL, NULL, NULL, NULL, NULL, '2014-05-03 09:25:43', 305, '0000-00-00 00:00:00', 0, NULL, 'a', NULL, '0.000', NULL, 0, NULL, 0, NULL, 0),
(4, 625, 305, 'inv', '40.6553244', '-73.9457637', NULL, 0, NULL, NULL, NULL, NULL, NULL, NULL, NULL, '2014-05-03 09:29:43', 306, '0000-00-00 00:00:00', 0, NULL, 'a', NULL, '0.000', NULL, 0, NULL, 0, NULL, 0),
(5, 626, 303, 'inv', '-73.9780035', '40.7056308', NULL, 3, NULL, NULL, NULL, NULL, NULL, NULL, NULL, '2014-05-03 09:33:06', 306, '0000-00-00 00:00:00', 0, NULL, 'a', NULL, '0.000', NULL, 0, NULL, 0, NULL, 0),
(6, 626, 305, 'inv', '-73.9457637', '40.6553244', NULL, 0, NULL, NULL, NULL, NULL, NULL, NULL, NULL, '2014-05-03 09:33:07', 306, '0000-00-00 00:00:00', 0, NULL, 'a', NULL, '0.000', NULL, 0, NULL, 0, NULL, 0),
(7, 627, 303, 'inv', '-73.9780035', '40.7056308', NULL, 0, NULL, NULL, NULL, NULL, NULL, NULL, NULL, '2014-05-03 09:41:39', 306, '0000-00-00 00:00:00', 0, NULL, 'a', NULL, '0.000', NULL, 0, NULL, 0, NULL, 0),
(8, 627, 305, 'inv', '-73.9457637', '40.6553244', NULL, 3, NULL, NULL, NULL, NULL, NULL, NULL, NULL, '2014-05-03 09:41:39', 306, '0000-00-00 00:00:00', 0, NULL, 'a', NULL, '0.000', NULL, 0, NULL, 0, NULL, 0),
(9, 628, 303, 'inv', '-73.9780035', '40.7056308', NULL, 3, NULL, NULL, NULL, NULL, NULL, NULL, NULL, '2014-05-03 09:50:49', 306, '0000-00-00 00:00:00', 0, NULL, 'a', NULL, '0.000', NULL, 0, NULL, 0, NULL, 0),
(10, 628, 305, 'inv', '-73.9457637', '40.6553244', NULL, 0, NULL, NULL, NULL, NULL, NULL, NULL, NULL, '2014-05-03 09:50:50', 306, '0000-00-00 00:00:00', 0, NULL, 'a', NULL, '0.000', NULL, 0, NULL, 0, NULL, 0),
(11, 630, 303, 'inv', '-73.9780035', '40.7056308', NULL, 0, NULL, NULL, NULL, NULL, NULL, NULL, NULL, '2014-05-03 10:13:10', 306, '0000-00-00 00:00:00', 0, NULL, 'a', NULL, '0.000', NULL, 0, NULL, 0, NULL, 0),
(12, 630, 305, 'inv', '-73.9457637', '40.6553244', NULL, 3, NULL, NULL, NULL, NULL, NULL, NULL, NULL, '2014-05-03 10:13:12', 306, '0000-00-00 00:00:00', 0, NULL, 'a', NULL, '0.000', NULL, 0, NULL, 0, NULL, 0),
(13, 631, 303, 'inv', '-73.9780035', '40.7056308', NULL, 0, NULL, NULL, NULL, NULL, NULL, NULL, NULL, '2014-05-03 10:14:25', 306, '0000-00-00 00:00:00', 0, NULL, 'a', NULL, '0.000', NULL, 0, NULL, 0, NULL, 0),
(14, 631, 305, 'inv', '-73.9457637', '40.6553244', NULL, 3, NULL, NULL, NULL, NULL, NULL, NULL, NULL, '2014-05-03 10:14:25', 306, '0000-00-00 00:00:00', 0, NULL, 'a', NULL, '0.000', NULL, 0, NULL, 0, NULL, 0),
(15, 632, 303, 'inv', '-73.9780035', '40.7056308', NULL, 0, NULL, NULL, NULL, NULL, NULL, NULL, NULL, '2014-05-03 10:17:44', 307, '0000-00-00 00:00:00', 0, NULL, 'a', NULL, '0.000', NULL, 0, NULL, 0, NULL, 0),
(16, 632, 305, 'inv', '-73.9457637', '40.6553244', NULL, 3, NULL, NULL, NULL, NULL, NULL, NULL, NULL, '2014-05-03 10:17:44', 307, '0000-00-00 00:00:00', 0, NULL, 'a', NULL, '0.000', NULL, 0, NULL, 0, NULL, 0),
(17, 632, 306, 'inv', '-73.9780035', '40.7056308', NULL, 0, NULL, NULL, NULL, NULL, NULL, NULL, NULL, '2014-05-03 10:17:45', 307, '0000-00-00 00:00:00', 0, NULL, 'a', NULL, '0.000', NULL, 0, NULL, 0, NULL, 0),
(18, 633, 303, 'inv', '-73.9780035', '40.7056308', NULL, 0, NULL, NULL, NULL, NULL, NULL, NULL, NULL, '2014-05-03 10:18:58', 307, '0000-00-00 00:00:00', 0, NULL, 'a', NULL, '0.000', NULL, 0, NULL, 0, NULL, 0),
(19, 633, 305, 'inv', '-73.9457637', '40.6553244', NULL, 3, NULL, NULL, NULL, NULL, NULL, NULL, NULL, '2014-05-03 10:18:59', 307, '0000-00-00 00:00:00', 0, NULL, 'a', NULL, '0.000', NULL, 0, NULL, 0, NULL, 0),
(20, 633, 306, 'inv', '-73.9780035', '40.7056308', NULL, 0, NULL, NULL, NULL, NULL, NULL, NULL, NULL, '2014-05-03 10:18:59', 307, '0000-00-00 00:00:00', 0, NULL, 'a', NULL, '0.000', NULL, 0, NULL, 0, NULL, 0),
(21, 634, 303, 'inv', '-73.9780035', '40.7056308', NULL, 0, NULL, NULL, NULL, NULL, NULL, NULL, NULL, '2014-05-03 10:23:05', 307, '0000-00-00 00:00:00', 0, NULL, 'a', NULL, '0.000', NULL, 0, NULL, 0, NULL, 0),
(22, 634, 305, 'inv', '-73.9457637', '40.6553244', NULL, 3, NULL, NULL, NULL, NULL, NULL, NULL, NULL, '2014-05-03 10:23:06', 307, '0000-00-00 00:00:00', 0, NULL, 'a', NULL, '0.000', NULL, 0, NULL, 0, NULL, 0),
(23, 634, 306, 'inv', '-73.9780035', '40.7056308', NULL, 0, NULL, NULL, NULL, NULL, NULL, NULL, NULL, '2014-05-03 10:23:06', 307, '0000-00-00 00:00:00', 0, NULL, 'a', NULL, '0.000', NULL, 0, NULL, 0, NULL, 0),
(24, 611, 298, 'bid', NULL, NULL, NULL, NULL, 'Hi there I am completing my WP site, having taught myself basic CSS and HTML and using Dreamweaver to do it, and I have a few questions about how to tighten my CSS up. I don''t claim to know much about it all, but I have managed to craft something not so crude! My site already has WP installed and previously customised. I am relaying HTML and CSS over current scripts, thus reinventing the homepage. ', NULL, NULL, NULL, NULL, NULL, NULL, '2014-05-03 10:54:06', 298, '0000-00-00 00:00:00', 298, 'web', 'd', '25.000', '0.000', NULL, 0, NULL, 0, NULL, 0),
(27, 634, 317, 'bid', '75.7488641', '26.9047751', NULL, 7376, 'i am add test proposal for Pizza delivery', NULL, NULL, NULL, NULL, NULL, NULL, '2014-05-05 05:07:09', 317, '0000-00-00 00:00:00', 317, 'web', 'd', '21.000', '0.000', NULL, 0, NULL, 0, NULL, 0),
(32, 633, 317, 'bid', '75.7488641', '26.9047751', NULL, 7376, 'i am add test proposal for cab', NULL, NULL, NULL, NULL, NULL, '[{"type":"image","file":"3536\\/317_1399269914_uploaded.jpg","upload_on":1399269924},{"type":"image","file":"3536\\/317_1399269918_uploaded.jpg","upload_on":1399269924}]', '2014-05-05 06:05:25', 317, '0000-00-00 00:00:00', 317, 'web', 'r', '22.000', '0.000', NULL, 0, NULL, 0, NULL, 0),
(33, 632, 317, 'bid', '75.7488641', '26.9047751', NULL, 7376, 'I am add a test proposal for landscaping', NULL, NULL, NULL, NULL, NULL, '[{"type":"image","file":"3536\\/317_1399270097_uploaded.jpg","upload_on":1399270103},{"type":"image","file":"3536\\/317_1399270101_uploaded.jpg","upload_on":1399270103}]', '2014-05-05 06:08:23', 317, '0000-00-00 00:00:00', 317, 'web', 'a', '120.000', '0.000', NULL, 0, NULL, 0, NULL, 0),
(34, 635, 298, 'bid', '75.7488641', '26.9047751', NULL, NULL, 'I am add a test proposal for Programming', NULL, NULL, NULL, NULL, NULL, NULL, '2014-05-05 06:12:17', 298, '0000-00-00 00:00:00', 298, 'web', 's', '22.000', '0.000', NULL, 0, NULL, 0, NULL, 0),
(35, 634, 298, 'bid', '75.7488641', '26.9047751', NULL, 7376, 'i am add a test  proposal for Pizza delivery', NULL, NULL, NULL, NULL, NULL, '[{"type":"image","file":"6069\\/298_1399270413_uploaded.jpg","upload_on":1399270420},{"type":"image","file":"6069\\/298_1399270418_uploaded.jpg","upload_on":1399270420}]', '2014-05-05 06:13:40', 298, '0000-00-00 00:00:00', 298, 'web', 's', '120.000', '0.000', NULL, 0, NULL, 0, NULL, 0),
(36, 633, 298, 'bid', '75.7488641', '26.9047751', NULL, 7376, 'I am add a test proposal for cab', NULL, NULL, NULL, NULL, NULL, '[{"type":"image","file":"6069\\/298_1399270469_uploaded.jpg","upload_on":1399270471}]', '2014-05-05 06:14:31', 298, '0000-00-00 00:00:00', 298, 'web', 's', '20.000', '0.000', NULL, 0, NULL, 0, NULL, 0),
(37, 635, 299, 'bid', NULL, NULL, NULL, NULL, 'I am add a proposal for Programming', NULL, NULL, NULL, NULL, NULL, NULL, '2014-05-05 06:22:26', 299, '0000-00-00 00:00:00', 299, 'web', 's', '31.000', '0.000', NULL, 0, NULL, 0, NULL, 0),
(38, 634, 299, 'bid', NULL, NULL, NULL, NULL, 'I am add a proposal for Pizza delivery...', NULL, NULL, NULL, NULL, NULL, '[{"type":"image","file":"3633\\/299_1399271012_uploaded.jpg","upload_on":1399271018},{"type":"image","file":"3633\\/299_1399271016_uploaded.jpg","upload_on":1399271019}]', '2014-05-05 06:23:39', 299, '0000-00-00 00:00:00', 299, 'web', 's', '12.000', '0.000', NULL, 0, NULL, 0, NULL, 0),
(39, 633, 299, 'bid', NULL, NULL, NULL, NULL, 'I am add a test proposal for cab...', NULL, NULL, NULL, NULL, NULL, '[{"type":"image","file":"3633\\/299_1399271096_uploaded.jpg","upload_on":1399271097}]', '2014-05-05 06:24:57', 299, '0000-00-00 00:00:00', 299, 'web', 's', '31.000', '0.000', NULL, 0, NULL, 0, NULL, 0),
(40, 632, 299, 'bid', NULL, NULL, NULL, NULL, 'I am add a test proposal for Landscaping', NULL, NULL, NULL, NULL, NULL, '[{"type":"image","file":"3633\\/299_1399271171_uploaded.jpg","upload_on":1399271172}]', '2014-05-05 06:26:12', 299, '0000-00-00 00:00:00', 299, 'web', 'a', '23.000', '0.000', NULL, 0, NULL, 0, NULL, 0),
(41, 635, 301, 'bid', NULL, NULL, NULL, NULL, 'I am add a test proposal for programming ', NULL, NULL, NULL, NULL, NULL, '[{"type":"image","file":"6968\\/301_1399271327_uploaded.jpg","upload_on":1399271346}]', '2014-05-05 06:29:06', 301, '0000-00-00 00:00:00', 301, 'web', 's', '14.000', '0.000', NULL, 0, NULL, 0, NULL, 0),
(42, 634, 301, 'bid', NULL, NULL, NULL, NULL, 'I am add a test proposal for Pizza delivery', NULL, NULL, NULL, NULL, NULL, '[{"type":"image","file":"6968\\/301_1399271445_uploaded.jpg","upload_on":1399271447}]', '2014-05-05 06:30:47', 301, '0000-00-00 00:00:00', 301, 'web', 's', '23.000', '0.000', NULL, 0, NULL, 0, NULL, 0),
(43, 633, 301, 'bid', NULL, NULL, NULL, NULL, 'I am add a test proposal for cab', NULL, NULL, NULL, NULL, NULL, '[{"type":"image","file":"6968\\/301_1399271563_uploaded.jpg","upload_on":1399271565}]', '2014-05-05 06:32:45', 301, '0000-00-00 00:00:00', 301, 'web', 's', '120.000', '0.000', NULL, 0, NULL, 0, NULL, 0),
(44, 636, 303, 'inv', '-73.9780035', '40.7056308', NULL, 1, NULL, NULL, NULL, NULL, NULL, NULL, NULL, '2014-05-05 06:46:18', 317, '0000-00-00 00:00:00', 0, NULL, 'a', NULL, '0.000', NULL, 0, NULL, 0, NULL, 0),
(45, 636, 306, 'inv', '-73.9780035', '40.7056308', NULL, 1, NULL, NULL, NULL, NULL, NULL, NULL, NULL, '2014-05-05 06:46:18', 317, '0000-00-00 00:00:00', 0, NULL, 'a', NULL, '0.000', NULL, 0, NULL, 0, NULL, 0),
(46, 636, 307, 'inv', '-73.9780035', '40.7056308', NULL, 1, NULL, NULL, NULL, NULL, NULL, NULL, NULL, '2014-05-05 06:46:21', 317, '0000-00-00 00:00:00', 0, NULL, 'a', NULL, '0.000', NULL, 0, NULL, 0, NULL, 0),
(47, 637, 303, 'inv', '-73.9780035', '40.7056308', NULL, 0, NULL, NULL, NULL, NULL, NULL, NULL, NULL, '2014-05-05 06:49:30', 317, '0000-00-00 00:00:00', 0, NULL, 'a', NULL, '0.000', NULL, 0, NULL, 0, NULL, 0),
(48, 637, 305, 'inv', '-73.9457637', '40.6553244', NULL, 3, NULL, NULL, NULL, NULL, NULL, NULL, NULL, '2014-05-05 06:49:30', 317, '0000-00-00 00:00:00', 0, NULL, 'a', NULL, '0.000', NULL, 0, NULL, 0, NULL, 0),
(49, 637, 306, 'inv', '-73.9780035', '40.7056308', NULL, 0, NULL, NULL, NULL, NULL, NULL, NULL, NULL, '2014-05-05 06:49:30', 317, '0000-00-00 00:00:00', 0, NULL, 'a', NULL, '0.000', NULL, 0, NULL, 0, NULL, 0),
(50, 637, 307, 'inv', '-73.9780035', '40.7056308', NULL, 0, NULL, NULL, NULL, NULL, NULL, NULL, NULL, '2014-05-05 06:49:31', 317, '0000-00-00 00:00:00', 0, NULL, 'a', NULL, '0.000', NULL, 0, NULL, 0, NULL, 0),
(51, 619, 317, 'bid', '75.7488641', '26.9047751', NULL, NULL, 'I am add proposal for Aricle writer', NULL, NULL, NULL, NULL, NULL, '[{"type":"image","file":"3536\\/317_1399281039_uploaded.jpg","upload_on":1399281041}]', '2014-05-05 09:10:41', 317, '0000-00-00 00:00:00', 317, 'web', 'a', '50.000', '0.000', NULL, 0, NULL, 0, NULL, 0),
(52, 617, 317, 'bid', '75.7488641', '26.9047751', NULL, NULL, 'I am add a proposal for Website Content Writing', NULL, NULL, NULL, NULL, NULL, NULL, '2014-05-05 09:11:21', 317, '0000-00-00 00:00:00', 317, 'web', 'a', '24.000', '0.000', NULL, 0, NULL, 0, NULL, 0),
(53, 639, 303, 'inv', '-73.9780035', '40.7056308', NULL, 0, NULL, NULL, NULL, NULL, NULL, NULL, NULL, '2014-05-05 09:17:59', 307, '0000-00-00 00:00:00', 0, NULL, 'a', NULL, '0.000', NULL, 0, NULL, 0, NULL, 0),
(54, 639, 305, 'inv', '-73.9457637', '40.6553244', NULL, 3, NULL, NULL, NULL, NULL, NULL, NULL, NULL, '2014-05-05 09:17:59', 307, '0000-00-00 00:00:00', 0, NULL, 'a', NULL, '0.000', NULL, 0, NULL, 0, NULL, 0),
(55, 639, 306, 'inv', '-73.9780035', '40.7056308', NULL, 0, NULL, NULL, NULL, NULL, NULL, NULL, NULL, '2014-05-05 09:17:59', 307, '0000-00-00 00:00:00', 0, NULL, 'a', NULL, '0.000', NULL, 0, NULL, 0, NULL, 0),
(56, 640, 307, 'bid', '-73.9780035', '40.7056308', NULL, NULL, 'I am post a proposal for this task', NULL, NULL, NULL, NULL, NULL, NULL, '2014-05-05 09:22:25', 307, '0000-00-00 00:00:00', 307, 'web', 'a', '210.000', '0.000', NULL, 0, NULL, 0, NULL, 0),
(57, 640, 298, 'bid', '75.7488641', '26.9047751', NULL, NULL, 'I am post a proposal for this task', NULL, NULL, NULL, NULL, NULL, NULL, '2014-05-05 09:30:01', 298, '0000-00-00 00:00:00', 298, 'web', 'a', '120.000', '0.000', NULL, 0, NULL, 0, NULL, 0),
(58, 643, 303, 'inv', '-73.9780035', '40.7056308', NULL, 0, NULL, NULL, NULL, NULL, NULL, NULL, NULL, '2014-05-05 11:26:35', 298, '0000-00-00 00:00:00', 0, NULL, 'a', NULL, '0.000', NULL, 0, NULL, 0, NULL, 0),
(59, 643, 305, 'inv', '-73.9457637', '40.6553244', NULL, 3, NULL, NULL, NULL, NULL, NULL, NULL, NULL, '2014-05-05 11:26:35', 298, '0000-00-00 00:00:00', 0, NULL, 'a', NULL, '0.000', NULL, 0, NULL, 0, NULL, 0),
(60, 643, 306, 'inv', '-73.9780035', '40.7056308', NULL, 0, NULL, NULL, NULL, NULL, NULL, NULL, NULL, '2014-05-05 11:26:35', 298, '0000-00-00 00:00:00', 0, NULL, 'a', NULL, '0.000', NULL, 0, NULL, 0, NULL, 0),
(61, 643, 307, 'inv', '-73.9780035', '40.7056308', NULL, 0, NULL, NULL, NULL, NULL, NULL, NULL, NULL, '2014-05-05 11:26:36', 298, '0000-00-00 00:00:00', 0, NULL, 'a', NULL, '0.000', NULL, 0, NULL, 0, NULL, 0),
(62, 646, 303, 'inv', '-73.9780035', '40.7056308', NULL, 0, NULL, NULL, NULL, NULL, NULL, NULL, NULL, '2014-05-05 11:52:26', 299, '0000-00-00 00:00:00', 0, NULL, 'a', NULL, '0.000', NULL, 0, NULL, 0, NULL, 0),
(63, 646, 305, 'inv', '-73.9457637', '40.6553244', NULL, 3, NULL, NULL, NULL, NULL, NULL, NULL, NULL, '2014-05-05 11:52:27', 299, '0000-00-00 00:00:00', 0, NULL, 'a', NULL, '0.000', NULL, 0, NULL, 0, NULL, 0),
(64, 646, 306, 'inv', '-73.9780035', '40.7056308', NULL, 0, NULL, NULL, NULL, NULL, NULL, NULL, NULL, '2014-05-05 11:52:29', 299, '0000-00-00 00:00:00', 0, NULL, 'a', NULL, '0.000', NULL, 0, NULL, 0, NULL, 0),
(65, 646, 307, 'inv', '-73.9780035', '40.7056308', NULL, 0, NULL, NULL, NULL, NULL, NULL, NULL, NULL, '2014-05-05 11:52:31', 299, '0000-00-00 00:00:00', 0, NULL, 'a', NULL, '0.000', NULL, 0, NULL, 0, NULL, 0),
(66, 647, 303, 'inv', '-73.9780035', '40.7056308', NULL, 0, NULL, NULL, NULL, NULL, NULL, NULL, NULL, '2014-05-05 11:53:57', 299, '0000-00-00 00:00:00', 0, NULL, 'a', NULL, '0.000', NULL, 0, NULL, 0, NULL, 0),
(67, 647, 305, 'inv', '-73.9457637', '40.6553244', NULL, 3, NULL, NULL, NULL, NULL, NULL, NULL, NULL, '2014-05-05 11:53:58', 299, '0000-00-00 00:00:00', 0, NULL, 'a', NULL, '0.000', NULL, 0, NULL, 0, NULL, 0),
(68, 647, 306, 'inv', '-73.9780035', '40.7056308', NULL, 0, NULL, NULL, NULL, NULL, NULL, NULL, NULL, '2014-05-05 11:53:58', 299, '0000-00-00 00:00:00', 0, NULL, 'a', NULL, '0.000', NULL, 0, NULL, 0, NULL, 0),
(69, 647, 307, 'inv', '-73.9780035', '40.7056308', NULL, 0, NULL, NULL, NULL, NULL, NULL, NULL, NULL, '2014-05-05 11:53:58', 299, '0000-00-00 00:00:00', 0, NULL, 'a', NULL, '0.000', NULL, 0, NULL, 0, NULL, 0),
(70, 648, 298, 'bid', '75.7488641', '26.9047751', NULL, NULL, 'I post a proposal for this task', NULL, NULL, NULL, NULL, NULL, NULL, '2014-05-05 11:56:33', 298, '0000-00-00 00:00:00', 298, 'web', 'a', '20.000', '0.000', NULL, 0, NULL, 0, NULL, 0),
(71, 645, 298, 'bid', '75.7488641', '26.9047751', NULL, NULL, 'I post a proposal for this task', NULL, NULL, NULL, NULL, NULL, NULL, '2014-05-05 12:00:05', 298, '0000-00-00 00:00:00', 298, 'web', 'a', '120.000', '0.000', NULL, 0, NULL, 0, NULL, 0),
(72, 644, 298, 'bid', '75.7488641', '26.9047751', NULL, NULL, 'I post a proposal for this task', NULL, NULL, NULL, NULL, NULL, NULL, '2014-05-05 12:02:33', 298, '0000-00-00 00:00:00', 298, 'web', 'a', '250.000', '0.000', NULL, 0, NULL, 0, NULL, 0),
(73, 651, 298, 'bid', '75.7488641', '26.9047751', NULL, NULL, 'Create a proposal for this task', NULL, NULL, NULL, NULL, NULL, NULL, '2014-05-05 12:10:15', 298, '0000-00-00 00:00:00', 298, 'web', 'a', '120.000', '0.000', NULL, 0, NULL, 0, NULL, 0),
(74, 650, 298, 'bid', '75.7488641', '26.9047751', NULL, NULL, 'Create a proposal for this task', NULL, NULL, NULL, NULL, NULL, NULL, '2014-05-05 12:11:14', 298, '0000-00-00 00:00:00', 298, 'web', 'a', '200.000', '0.000', NULL, 0, NULL, 0, NULL, 0),
(75, 649, 298, 'bid', '75.7488641', '26.9047751', NULL, NULL, 'Create a proposal for this task', NULL, NULL, NULL, NULL, NULL, NULL, '2014-05-05 12:11:34', 298, '0000-00-00 00:00:00', 298, 'web', 'a', '150.000', '0.000', NULL, 0, NULL, 0, NULL, 0),
(76, 651, 301, 'bid', NULL, NULL, NULL, NULL, 'i post proposal for this task\r\n', NULL, NULL, NULL, NULL, NULL, NULL, '2014-05-05 12:14:07', 301, '0000-00-00 00:00:00', 301, 'web', 'a', '120.000', '0.000', NULL, 0, NULL, 0, NULL, 0),
(77, 650, 301, 'bid', NULL, NULL, NULL, NULL, 'i post proposal for this task', NULL, NULL, NULL, NULL, NULL, NULL, '2014-05-05 12:14:25', 301, '0000-00-00 00:00:00', 301, 'web', 'a', '150.000', '0.000', NULL, 0, NULL, 0, NULL, 0),
(78, 649, 301, 'bid', NULL, NULL, NULL, NULL, 'i post proposal for this task', NULL, NULL, NULL, NULL, NULL, NULL, '2014-05-05 12:14:40', 301, '0000-00-00 00:00:00', 301, 'web', 'a', '150.000', '0.000', NULL, 0, NULL, 0, NULL, 0),
(79, 648, 301, 'bid', NULL, NULL, NULL, NULL, 'i post proposal for this task\r\n', NULL, NULL, NULL, NULL, NULL, NULL, '2014-05-05 12:15:13', 301, '0000-00-00 00:00:00', 301, 'web', 'a', '120.000', '0.000', NULL, 0, NULL, 0, NULL, 0),
(80, 645, 301, 'bid', NULL, NULL, NULL, NULL, 'i post proposal for this task\r\n', NULL, NULL, NULL, NULL, NULL, NULL, '2014-05-05 12:15:56', 301, '0000-00-00 00:00:00', 301, 'web', 'a', '140.000', '0.000', NULL, 0, NULL, 0, NULL, 0),
(81, 644, 301, 'bid', NULL, NULL, NULL, NULL, 'i post proposal for this task', NULL, NULL, NULL, NULL, NULL, NULL, '2014-05-05 12:16:12', 301, '0000-00-00 00:00:00', 301, 'web', 'a', '420.000', '0.000', NULL, 0, NULL, 0, NULL, 0),
(82, 651, 302, 'bid', NULL, NULL, NULL, NULL, 'I am post a proposal for this task\r\n', NULL, NULL, NULL, NULL, NULL, NULL, '2014-05-05 12:19:11', 302, '0000-00-00 00:00:00', 302, 'web', 'a', '200.000', '0.000', NULL, 0, NULL, 0, NULL, 0),
(83, 650, 302, 'bid', NULL, NULL, NULL, NULL, 'I am post a proposal for this task', NULL, NULL, NULL, NULL, NULL, NULL, '2014-05-05 12:19:32', 302, '0000-00-00 00:00:00', 302, 'web', 'a', '150.000', '0.000', NULL, 0, NULL, 0, NULL, 0),
(84, 649, 302, 'bid', NULL, NULL, NULL, NULL, 'I am post a proposal for this task', NULL, NULL, NULL, NULL, NULL, NULL, '2014-05-05 12:19:48', 302, '0000-00-00 00:00:00', 302, 'web', 'a', '150.000', '0.000', NULL, 0, NULL, 0, NULL, 0),
(85, 648, 302, 'bid', NULL, NULL, NULL, NULL, 'I am post a proposal for this task', NULL, NULL, NULL, NULL, NULL, NULL, '2014-05-05 12:20:05', 302, '0000-00-00 00:00:00', 302, 'web', 'a', '180.000', '0.000', NULL, 0, NULL, 0, NULL, 0),
(86, 645, 302, 'bid', NULL, NULL, NULL, NULL, 'I am post a proposal for this task', NULL, NULL, NULL, NULL, NULL, NULL, '2014-05-05 12:20:29', 302, '0000-00-00 00:00:00', 302, 'web', 'a', '150.000', '0.000', NULL, 0, NULL, 0, NULL, 0),
(87, 644, 302, 'bid', NULL, NULL, NULL, NULL, 'I am post a proposal for this task', NULL, NULL, NULL, NULL, NULL, NULL, '2014-05-05 12:20:43', 302, '0000-00-00 00:00:00', 302, 'web', 'a', '350.000', '0.000', NULL, 0, NULL, 0, NULL, 0),
(88, 651, 300, 'bid', NULL, NULL, NULL, NULL, 'We post a proposal for this task', NULL, NULL, NULL, NULL, NULL, NULL, '2014-05-05 12:22:24', 300, '0000-00-00 00:00:00', 300, 'web', 'a', '220.000', '0.000', NULL, 0, NULL, 0, NULL, 0),
(89, 650, 300, 'bid', NULL, NULL, NULL, NULL, 'We post a proposal for this task', NULL, NULL, NULL, NULL, NULL, NULL, '2014-05-05 12:22:37', 300, '0000-00-00 00:00:00', 300, 'web', 'a', '150.000', '0.000', NULL, 0, NULL, 0, NULL, 0),
(90, 649, 300, 'bid', NULL, NULL, NULL, NULL, 'We post a proposal for this task', NULL, NULL, NULL, NULL, NULL, NULL, '2014-05-05 12:22:50', 300, '0000-00-00 00:00:00', 300, 'web', 'a', '200.000', '0.000', NULL, 0, NULL, 0, NULL, 0),
(91, 648, 300, 'bid', NULL, NULL, NULL, NULL, 'We post a proposal for this task', NULL, NULL, NULL, NULL, NULL, NULL, '2014-05-05 12:23:08', 300, '0000-00-00 00:00:00', 300, 'web', 'a', '108.000', '0.000', NULL, 0, NULL, 0, NULL, 0),
(92, 645, 300, 'bid', NULL, NULL, NULL, NULL, 'We post a proposal for this task', NULL, NULL, NULL, NULL, NULL, NULL, '2014-05-05 12:23:20', 300, '0000-00-00 00:00:00', 300, 'web', 'a', '150.000', '0.000', NULL, 0, NULL, 0, NULL, 0),
(93, 644, 300, 'bid', NULL, NULL, NULL, NULL, 'We post a proposal for this task', NULL, NULL, NULL, NULL, NULL, NULL, '2014-05-05 12:23:40', 300, '0000-00-00 00:00:00', 300, 'web', 'a', '350.000', '0.000', NULL, 0, NULL, 0, NULL, 0),
(94, 651, 303, 'bid', '-73.9780035', '40.7056308', NULL, NULL, 'i post a proposal for this task', NULL, NULL, NULL, NULL, NULL, NULL, '2014-05-05 12:44:25', 303, '0000-00-00 00:00:00', 303, 'web', 'a', '200.000', '0.000', NULL, 0, NULL, 0, NULL, 0),
(95, 650, 303, 'bid', '-73.9780035', '40.7056308', NULL, NULL, 'i post a proposal for this task', NULL, NULL, NULL, NULL, NULL, NULL, '2014-05-05 12:44:43', 303, '0000-00-00 00:00:00', 303, 'web', 'a', '220.000', '0.000', NULL, 0, NULL, 0, NULL, 0),
(96, 649, 303, 'bid', '-73.9780035', '40.7056308', NULL, NULL, 'i post a proposal for this task', NULL, NULL, NULL, NULL, NULL, NULL, '2014-05-05 12:45:09', 303, '0000-00-00 00:00:00', 303, 'web', 'a', '200.000', '0.000', NULL, 0, NULL, 0, NULL, 0),
(97, 648, 303, 'bid', '-73.9780035', '40.7056308', NULL, NULL, 'i post a proposal for this task', NULL, NULL, NULL, NULL, NULL, NULL, '2014-05-05 12:45:22', 303, '0000-00-00 00:00:00', 303, 'web', 'a', '180.000', '0.000', NULL, 0, NULL, 0, NULL, 0),
(98, 645, 303, 'bid', '-73.9780035', '40.7056308', NULL, NULL, 'i post a proposal for this task', NULL, NULL, NULL, NULL, NULL, NULL, '2014-05-05 12:45:35', 303, '0000-00-00 00:00:00', 303, 'web', 'a', '190.000', '0.000', NULL, 0, NULL, 0, NULL, 0),
(99, 644, 303, 'bid', '-73.9780035', '40.7056308', NULL, NULL, 'i post a proposal for this task', NULL, NULL, NULL, NULL, NULL, NULL, '2014-05-05 12:46:05', 303, '0000-00-00 00:00:00', 303, 'web', 'a', '400.000', '0.000', NULL, 0, NULL, 0, NULL, 0),
(100, 670, 313, 'inv', '-107.2084872', '44.3393535', NULL, 7931, NULL, NULL, NULL, NULL, NULL, NULL, NULL, '2014-05-06 07:19:26', 314, '0000-00-00 00:00:00', 0, NULL, 'a', NULL, '0.000', NULL, 0, NULL, 0, NULL, 0),
(106, 671, 303, 'inv', '-73.9780035', '40.7056308', NULL, 0, NULL, NULL, NULL, NULL, NULL, NULL, NULL, '2014-05-06 11:43:21', 316, '0000-00-00 00:00:00', 0, NULL, 'a', NULL, '0.000', NULL, 0, NULL, 0, NULL, 0),
(107, 671, 305, 'inv', '-73.9457637', '40.6553244', NULL, 3, NULL, NULL, NULL, NULL, NULL, NULL, NULL, '2014-05-06 11:43:21', 316, '0000-00-00 00:00:00', 0, NULL, 'a', NULL, '0.000', NULL, 0, NULL, 0, NULL, 0),
(108, 671, 306, 'inv', '-73.9780035', '40.7056308', NULL, 0, NULL, NULL, NULL, NULL, NULL, NULL, NULL, '2014-05-06 11:43:21', 316, '0000-00-00 00:00:00', 0, NULL, 'a', NULL, '0.000', NULL, 0, NULL, 0, NULL, 0),
(109, 671, 307, 'inv', '-73.9780035', '40.7056308', NULL, 0, NULL, NULL, NULL, NULL, NULL, NULL, NULL, '2014-05-06 11:43:21', 316, '0000-00-00 00:00:00', 0, NULL, 'a', NULL, '0.000', NULL, 0, NULL, 0, NULL, 0),
(110, 671, 313, 'inv', '-107.2084872', '44.3393535', NULL, 1698, NULL, NULL, NULL, NULL, NULL, NULL, NULL, '2014-05-06 11:43:21', 316, '0000-00-00 00:00:00', 0, NULL, 'a', NULL, '0.000', NULL, 0, NULL, 0, NULL, 0),
(116, 672, 303, 'inv', '-73.9780035', '40.7056308', NULL, 0, NULL, NULL, NULL, NULL, NULL, NULL, NULL, '2014-05-06 12:13:00', 316, '0000-00-00 00:00:00', 0, NULL, 'a', NULL, '0.000', NULL, 0, NULL, 0, NULL, 0),
(117, 672, 305, 'inv', '-73.9457637', '40.6553244', NULL, 3, NULL, NULL, NULL, NULL, NULL, NULL, NULL, '2014-05-06 12:13:01', 316, '0000-00-00 00:00:00', 0, NULL, 'a', NULL, '0.000', NULL, 0, NULL, 0, NULL, 0),
(118, 672, 306, 'inv', '-73.9780035', '40.7056308', NULL, 0, NULL, NULL, NULL, NULL, NULL, NULL, NULL, '2014-05-06 12:13:01', 316, '0000-00-00 00:00:00', 0, NULL, 'a', NULL, '0.000', NULL, 0, NULL, 0, NULL, 0),
(119, 672, 307, 'inv', '-73.9780035', '40.7056308', NULL, 0, NULL, NULL, NULL, NULL, NULL, NULL, NULL, '2014-05-06 12:13:01', 316, '0000-00-00 00:00:00', 0, NULL, 'a', NULL, '0.000', NULL, 0, NULL, 0, NULL, 0),
(120, 672, 313, 'inv', '-107.2084872', '44.3393535', NULL, 1698, NULL, NULL, NULL, NULL, NULL, NULL, NULL, '2014-05-06 12:13:01', 316, '0000-00-00 00:00:00', 0, NULL, 'a', NULL, '0.000', NULL, 0, NULL, 0, NULL, 0),
(121, 614, 316, 'bid', '75.8059541', '26.8266513', NULL, NULL, 'I am looking for a provider that can build a website similar to this one: [obscured] /1rOgbLZ. Bidders with examples of similar projects will receive priority. I already have exact details about the final website and I will provide them to the providers I select as qualified', NULL, NULL, NULL, NULL, NULL, NULL, '2014-05-09 05:35:53', 316, '0000-00-00 00:00:00', 316, 'web', 'a', '45.000', '0.000', NULL, 0, NULL, 0, NULL, 0),
(122, 689, 322, 'inv', '26.9047751', '75.7488641', NULL, NULL, NULL, NULL, NULL, NULL, NULL, NULL, NULL, '2014-05-19 13:50:51', 298, '0000-00-00 00:00:00', 0, NULL, 'a', NULL, '0.000', NULL, 0, NULL, 0, NULL, 0),
(123, 689, 323, 'inv', '26.9047751', '75.7488641', NULL, NULL, NULL, NULL, NULL, NULL, NULL, NULL, NULL, '2014-05-19 13:50:51', 298, '0000-00-00 00:00:00', 0, NULL, 'a', NULL, '0.000', NULL, 0, NULL, 0, NULL, 0),
(124, 689, 316, 'inv', '26.9047751', '75.7488641', NULL, NULL, NULL, NULL, NULL, NULL, NULL, NULL, NULL, '2014-05-19 13:50:51', 298, '0000-00-00 00:00:00', 0, NULL, 'a', NULL, '0.000', NULL, 0, NULL, 0, NULL, 0),
(125, 689, 303, 'inv', '26.9047751', '75.7488641', NULL, NULL, NULL, NULL, NULL, NULL, NULL, NULL, NULL, '2014-05-19 13:50:51', 298, '0000-00-00 00:00:00', 0, NULL, 'a', NULL, '0.000', NULL, 0, NULL, 0, NULL, 0),
(126, 690, 322, 'inv', '26.9047751', '75.7488641', 'IN', NULL, NULL, NULL, NULL, NULL, NULL, NULL, NULL, '2014-05-19 13:54:19', 298, '0000-00-00 00:00:00', 0, NULL, 'a', NULL, '0.000', NULL, 0, NULL, 0, NULL, 0),
(127, 690, 323, 'inv', '26.9047751', '75.7488641', 'IN', NULL, NULL, NULL, NULL, NULL, NULL, NULL, NULL, '2014-05-19 13:54:19', 298, '0000-00-00 00:00:00', 0, NULL, 'a', NULL, '0.000', NULL, 0, NULL, 0, NULL, 0),
(128, 690, 316, 'inv', '26.9047751', '75.7488641', 'IN', NULL, NULL, NULL, NULL, NULL, NULL, NULL, NULL, '2014-05-19 13:54:19', 298, '0000-00-00 00:00:00', 0, NULL, 'a', NULL, '0.000', NULL, 0, NULL, 0, NULL, 0),
(129, 690, 303, 'inv', '26.9047751', '75.7488641', 'IN', NULL, NULL, NULL, NULL, NULL, NULL, NULL, NULL, '2014-05-19 13:54:19', 298, '0000-00-00 00:00:00', 0, NULL, 'a', NULL, '0.000', NULL, 0, NULL, 0, NULL, 0),
(130, 693, 322, 'inv', '26.8266513', '75.8059541', 'IN', NULL, NULL, NULL, NULL, NULL, NULL, NULL, NULL, '2014-05-20 04:17:32', 316, '0000-00-00 00:00:00', 0, NULL, 'a', NULL, '0.000', NULL, 0, NULL, 0, NULL, 0),
(131, 693, 321, 'inv', '26.8266513', '75.8059541', 'IN', NULL, NULL, NULL, NULL, NULL, NULL, NULL, NULL, '2014-05-20 04:17:32', 316, '0000-00-00 00:00:00', 0, NULL, 'a', NULL, '0.000', NULL, 0, NULL, 0, NULL, 0),
(132, 693, 303, 'inv', '26.8266513', '75.8059541', 'IN', NULL, NULL, NULL, NULL, NULL, NULL, NULL, NULL, '2014-05-20 04:17:32', 316, '0000-00-00 00:00:00', 0, NULL, 'a', NULL, '0.000', NULL, 0, NULL, 0, NULL, 0),
(133, 693, 326, 'inv', '26.8266513', '75.8059541', 'IN', NULL, NULL, NULL, NULL, NULL, NULL, NULL, NULL, '2014-05-20 04:17:32', 316, '0000-00-00 00:00:00', 0, NULL, 'a', NULL, '0.000', NULL, 0, NULL, 0, NULL, 0),
(134, 693, 323, 'inv', '26.8266513', '75.8059541', 'IN', NULL, NULL, NULL, NULL, NULL, NULL, NULL, NULL, '2014-05-20 04:17:32', 316, '0000-00-00 00:00:00', 0, NULL, 'a', NULL, '0.000', NULL, 0, NULL, 0, NULL, 0),
(135, 694, 303, 'inv', '26.8266513', '75.8059541', 'IN', NULL, NULL, NULL, NULL, NULL, NULL, NULL, NULL, '2014-05-20 10:31:18', 316, '0000-00-00 00:00:00', 0, NULL, 'a', NULL, '0.000', NULL, 0, NULL, 0, NULL, 0),
(136, 694, 304, 'inv', '26.8266513', '75.8059541', 'IN', NULL, NULL, NULL, NULL, NULL, NULL, NULL, NULL, '2014-05-20 10:31:18', 316, '0000-00-00 00:00:00', 0, NULL, 'a', NULL, '0.000', NULL, 0, NULL, 0, NULL, 0),
(137, 694, 305, 'inv', '26.8266513', '75.8059541', 'IN', NULL, NULL, NULL, NULL, NULL, NULL, NULL, NULL, '2014-05-20 10:31:18', 316, '0000-00-00 00:00:00', 0, NULL, 'a', NULL, '0.000', NULL, 0, NULL, 0, NULL, 0),
(138, 694, 306, 'inv', '26.8266513', '75.8059541', 'IN', NULL, NULL, NULL, NULL, NULL, NULL, NULL, NULL, '2014-05-20 10:31:18', 316, '0000-00-00 00:00:00', 0, NULL, 'a', NULL, '0.000', NULL, 0, NULL, 0, NULL, 0),
(139, 694, 310, 'inv', '26.8266513', '75.8059541', 'IN', NULL, NULL, NULL, NULL, NULL, NULL, NULL, NULL, '2014-05-20 10:31:18', 316, '0000-00-00 00:00:00', 0, NULL, 'a', NULL, '0.000', NULL, 0, NULL, 0, NULL, 0),
(140, 694, 311, 'inv', '26.8266513', '75.8059541', 'IN', NULL, NULL, NULL, NULL, NULL, NULL, NULL, NULL, '2014-05-20 10:31:18', 316, '0000-00-00 00:00:00', 0, NULL, 'a', NULL, '0.000', NULL, 0, NULL, 0, NULL, 0),
(141, 694, 317, 'inv', '26.8266513', '75.8059541', 'IN', NULL, NULL, NULL, NULL, NULL, NULL, NULL, NULL, '2014-05-20 10:31:18', 316, '0000-00-00 00:00:00', 0, NULL, 'a', NULL, '0.000', NULL, 0, NULL, 0, NULL, 0),
(142, 695, 303, 'inv', '26.8266513', '75.8059541', 'IN', NULL, NULL, NULL, NULL, NULL, NULL, NULL, NULL, '2014-05-20 10:31:23', 316, '0000-00-00 00:00:00', 0, NULL, 'a', NULL, '0.000', NULL, 0, NULL, 0, NULL, 0),
(143, 695, 304, 'inv', '26.8266513', '75.8059541', 'IN', NULL, NULL, NULL, NULL, NULL, NULL, NULL, NULL, '2014-05-20 10:31:23', 316, '0000-00-00 00:00:00', 0, NULL, 'a', NULL, '0.000', NULL, 0, NULL, 0, NULL, 0),
(144, 695, 305, 'inv', '26.8266513', '75.8059541', 'IN', NULL, NULL, NULL, NULL, NULL, NULL, NULL, NULL, '2014-05-20 10:31:23', 316, '0000-00-00 00:00:00', 0, NULL, 'a', NULL, '0.000', NULL, 0, NULL, 0, NULL, 0),
(145, 695, 306, 'inv', '26.8266513', '75.8059541', 'IN', NULL, NULL, NULL, NULL, NULL, NULL, NULL, NULL, '2014-05-20 10:31:23', 316, '0000-00-00 00:00:00', 0, NULL, 'a', NULL, '0.000', NULL, 0, NULL, 0, NULL, 0),
(146, 695, 310, 'inv', '26.8266513', '75.8059541', 'IN', NULL, NULL, NULL, NULL, NULL, NULL, NULL, NULL, '2014-05-20 10:31:23', 316, '0000-00-00 00:00:00', 0, NULL, 'a', NULL, '0.000', NULL, 0, NULL, 0, NULL, 0),
(147, 695, 311, 'inv', '26.8266513', '75.8059541', 'IN', NULL, NULL, NULL, NULL, NULL, NULL, NULL, NULL, '2014-05-20 10:31:23', 316, '0000-00-00 00:00:00', 0, NULL, 'a', NULL, '0.000', NULL, 0, NULL, 0, NULL, 0),
(148, 695, 317, 'inv', '26.8266513', '75.8059541', 'IN', NULL, NULL, NULL, NULL, NULL, NULL, NULL, NULL, '2014-05-20 10:31:23', 316, '0000-00-00 00:00:00', 0, NULL, 'a', NULL, '0.000', NULL, 0, NULL, 0, NULL, 0),
(149, 696, 309, 'inv', '26.8266513', '75.8059541', 'IN', NULL, NULL, NULL, NULL, NULL, NULL, NULL, NULL, '2014-05-20 11:41:24', 316, '0000-00-00 00:00:00', 0, NULL, 'a', NULL, '0.000', NULL, 0, NULL, 0, NULL, 0),
(150, 696, 303, 'inv', '26.8266513', '75.8059541', 'IN', NULL, NULL, NULL, NULL, NULL, NULL, NULL, NULL, '2014-05-20 11:41:25', 316, '0000-00-00 00:00:00', 0, NULL, 'a', NULL, '0.000', NULL, 0, NULL, 0, NULL, 0),
(151, 696, 317, 'inv', '26.8266513', '75.8059541', 'IN', NULL, NULL, NULL, NULL, NULL, NULL, NULL, NULL, '2014-05-20 11:41:25', 316, '0000-00-00 00:00:00', 0, NULL, 'a', NULL, '0.000', NULL, 0, NULL, 0, NULL, 0),
(152, 696, 307, 'inv', '26.8266513', '75.8059541', 'IN', NULL, NULL, NULL, NULL, NULL, NULL, NULL, NULL, '2014-05-20 11:41:25', 316, '0000-00-00 00:00:00', 0, NULL, 'a', NULL, '0.000', NULL, 0, NULL, 0, NULL, 0),
(153, 697, 303, 'inv', '26.8266513', '75.8059541', 'IN', NULL, NULL, NULL, NULL, NULL, NULL, NULL, NULL, '2014-05-20 11:42:35', 316, '0000-00-00 00:00:00', 0, NULL, 'a', NULL, '0.000', NULL, 0, NULL, 0, NULL, 0),
(154, 697, 309, 'inv', '26.8266513', '75.8059541', 'IN', NULL, NULL, NULL, NULL, NULL, NULL, NULL, NULL, '2014-05-20 11:42:35', 316, '0000-00-00 00:00:00', 0, NULL, 'a', NULL, '0.000', NULL, 0, NULL, 0, NULL, 0),
(155, 697, 307, 'inv', '26.8266513', '75.8059541', 'IN', NULL, NULL, NULL, NULL, NULL, NULL, NULL, NULL, '2014-05-20 11:42:35', 316, '0000-00-00 00:00:00', 0, NULL, 'a', NULL, '0.000', NULL, 0, NULL, 0, NULL, 0),
(156, 697, 317, 'inv', '26.8266513', '75.8059541', 'IN', NULL, NULL, NULL, NULL, NULL, NULL, NULL, NULL, '2014-05-20 11:42:35', 316, '0000-00-00 00:00:00', 0, NULL, 'a', NULL, '0.000', NULL, 0, NULL, 0, NULL, 0),
(157, 698, 309, 'inv', '26.8266513', '75.8059541', 'IN', NULL, NULL, NULL, NULL, NULL, NULL, NULL, NULL, '2014-05-20 11:44:58', 316, '0000-00-00 00:00:00', 0, NULL, 'a', NULL, '0.000', NULL, 0, NULL, 0, NULL, 0),
(158, 698, 307, 'inv', '26.8266513', '75.8059541', 'IN', NULL, NULL, NULL, NULL, NULL, NULL, NULL, NULL, '2014-05-20 11:44:58', 316, '0000-00-00 00:00:00', 0, NULL, 'a', NULL, '0.000', NULL, 0, NULL, 0, NULL, 0),
(159, 699, 309, 'inv', '26.8266513', '75.8059541', 'IN', NULL, NULL, NULL, NULL, NULL, NULL, NULL, NULL, '2014-05-20 12:03:44', 316, '0000-00-00 00:00:00', 0, NULL, 'a', NULL, '0.000', NULL, 0, NULL, 0, NULL, 0),
(160, 699, 307, 'inv', '26.8266513', '75.8059541', 'IN', NULL, NULL, NULL, NULL, NULL, NULL, NULL, NULL, '2014-05-20 12:03:45', 316, '0000-00-00 00:00:00', 0, NULL, 'a', NULL, '0.000', NULL, 0, NULL, 0, NULL, 0),
(161, 701, 303, 'inv', '26.8266513', '75.8059541', 'IN', NULL, NULL, NULL, NULL, NULL, NULL, NULL, NULL, '2014-05-21 07:22:04', 316, '0000-00-00 00:00:00', 0, NULL, 'a', NULL, '0.000', NULL, 0, NULL, 0, NULL, 0),
(162, 701, 317, 'inv', '26.8266513', '75.8059541', 'IN', NULL, NULL, NULL, NULL, NULL, NULL, NULL, NULL, '2014-05-21 07:22:04', 316, '0000-00-00 00:00:00', 0, NULL, 'a', NULL, '0.000', NULL, 0, NULL, 0, NULL, 0),
(163, 701, 301, 'inv', '26.8266513', '75.8059541', 'IN', NULL, NULL, NULL, NULL, NULL, NULL, NULL, NULL, '2014-05-21 07:22:04', 316, '0000-00-00 00:00:00', 0, NULL, 'a', NULL, '0.000', NULL, 0, NULL, 0, NULL, 0),
(164, 701, 308, 'inv', '26.8266513', '75.8059541', 'IN', NULL, NULL, NULL, NULL, NULL, NULL, NULL, NULL, '2014-05-21 07:22:04', 316, '0000-00-00 00:00:00', 0, NULL, 'a', NULL, '0.000', NULL, 0, NULL, 0, NULL, 0),
(165, 701, 307, 'inv', '26.8266513', '75.8059541', 'IN', NULL, NULL, NULL, NULL, NULL, NULL, NULL, NULL, '2014-05-21 07:22:04', 316, '0000-00-00 00:00:00', 0, NULL, 'a', NULL, '0.000', NULL, 0, NULL, 0, NULL, 0),
(166, 701, 309, 'inv', '26.8266513', '75.8059541', 'IN', NULL, NULL, NULL, NULL, NULL, NULL, NULL, NULL, '2014-05-21 07:22:06', 316, '0000-00-00 00:00:00', 0, NULL, 'a', NULL, '0.000', NULL, 0, NULL, 0, NULL, 0),
(167, 702, 303, 'inv', '26.8266513', '75.8059541', 'IN', NULL, NULL, NULL, NULL, NULL, NULL, NULL, NULL, '2014-05-21 08:33:39', 316, '0000-00-00 00:00:00', 0, NULL, 'a', NULL, '0.000', NULL, 0, NULL, 0, NULL, 0),
(168, 702, 309, 'inv', '26.8266513', '75.8059541', 'IN', NULL, NULL, NULL, NULL, NULL, NULL, NULL, NULL, '2014-05-21 08:33:39', 316, '0000-00-00 00:00:00', 0, NULL, 'a', NULL, '0.000', NULL, 0, NULL, 0, NULL, 0),
(169, 702, 307, 'inv', '26.8266513', '75.8059541', 'IN', NULL, NULL, NULL, NULL, NULL, NULL, NULL, NULL, '2014-05-21 08:33:40', 316, '0000-00-00 00:00:00', 0, NULL, 'a', NULL, '0.000', NULL, 0, NULL, 0, NULL, 0),
(170, 702, 317, 'inv', '26.8266513', '75.8059541', 'IN', NULL, NULL, NULL, NULL, NULL, NULL, NULL, NULL, '2014-05-21 08:33:40', 316, '0000-00-00 00:00:00', 0, NULL, 'a', NULL, '0.000', NULL, 0, NULL, 0, NULL, 0),
(171, 702, 301, 'inv', '26.8266513', '75.8059541', 'IN', NULL, NULL, NULL, NULL, NULL, NULL, NULL, NULL, '2014-05-21 08:33:40', 316, '0000-00-00 00:00:00', 0, NULL, 'a', NULL, '0.000', NULL, 0, NULL, 0, NULL, 0),
(172, 702, 308, 'inv', '26.8266513', '75.8059541', 'IN', NULL, NULL, NULL, NULL, NULL, NULL, NULL, NULL, '2014-05-21 08:33:40', 316, '0000-00-00 00:00:00', 0, NULL, 'a', NULL, '0.000', NULL, 0, NULL, 0, NULL, 0),
(209, 703, 316, 'inv', '26.9248305', '75.8242009', 'IN', NULL, NULL, NULL, NULL, NULL, NULL, NULL, NULL, '2014-05-21 16:52:24', 299, '0000-00-00 00:00:00', 0, NULL, 'a', NULL, '0.000', NULL, 0, NULL, 0, NULL, 0),
(210, 703, 303, 'inv', '26.9248305', '75.8242009', 'IN', NULL, NULL, NULL, NULL, NULL, NULL, NULL, NULL, '2014-05-21 16:52:24', 299, '0000-00-00 00:00:00', 0, NULL, 'a', NULL, '0.000', NULL, 0, NULL, 0, NULL, 0),
(211, 703, 307, 'inv', '26.9248305', '75.8242009', 'IN', NULL, NULL, NULL, NULL, NULL, NULL, NULL, NULL, '2014-05-21 16:52:24', 299, '0000-00-00 00:00:00', 0, NULL, 'a', NULL, '0.000', NULL, 0, NULL, 0, NULL, 0),
(212, 700, 307, 'inv', '26.8266513', '75.8059541', 'IN', NULL, NULL, NULL, NULL, NULL, NULL, NULL, NULL, '2014-05-22 04:54:26', 316, '0000-00-00 00:00:00', 0, NULL, 'a', NULL, '0.000', NULL, 0, NULL, 0, NULL, 0),
(213, 700, 317, 'inv', '26.8266513', '75.8059541', 'IN', NULL, NULL, NULL, NULL, NULL, NULL, NULL, NULL, '2014-05-22 04:54:26', 316, '0000-00-00 00:00:00', 0, NULL, 'a', NULL, '0.000', NULL, 0, NULL, 0, NULL, 0),
(214, 700, 303, 'inv', '26.8266513', '75.8059541', 'IN', NULL, NULL, NULL, NULL, NULL, NULL, NULL, NULL, '2014-05-22 04:54:26', 316, '0000-00-00 00:00:00', 0, NULL, 'a', NULL, '0.000', NULL, 0, NULL, 0, NULL, 0),
(215, 700, 308, 'inv', '26.8266513', '75.8059541', 'IN', NULL, NULL, NULL, NULL, NULL, NULL, NULL, NULL, '2014-05-22 04:54:26', 316, '0000-00-00 00:00:00', 0, NULL, 'a', NULL, '0.000', NULL, 0, NULL, 0, NULL, 0),
(216, 704, 301, 'inv', '26.8266513', '75.8059541', 'IN', NULL, NULL, NULL, NULL, NULL, NULL, NULL, NULL, '2014-05-23 07:27:40', 316, '0000-00-00 00:00:00', 0, NULL, 'a', NULL, '0.000', NULL, 0, NULL, 0, NULL, 0),
(218, 706, 301, 'inv', '26.8266513', '75.8059541', 'IN', NULL, NULL, NULL, NULL, NULL, NULL, NULL, NULL, '2014-05-23 07:27:55', 316, '0000-00-00 00:00:00', 0, NULL, 'a', NULL, '0.000', NULL, 0, NULL, 0, NULL, 0),
(219, 707, 301, 'inv', '26.8266513', '75.8059541', 'IN', NULL, NULL, NULL, NULL, NULL, NULL, NULL, NULL, '2014-05-23 08:26:31', 316, '0000-00-00 00:00:00', 0, NULL, 'a', NULL, '0.000', NULL, 0, NULL, 0, NULL, 0),
(220, 708, 316, 'inv', '26.9047751', '75.7488641', 'IN', NULL, NULL, NULL, NULL, NULL, NULL, NULL, NULL, '2014-05-23 11:43:21', 317, '0000-00-00 00:00:00', 0, NULL, 'a', NULL, '0.000', NULL, 0, NULL, 0, NULL, 0),
(221, 709, 316, 'inv', '26.9047751', '75.7488641', 'IN', NULL, NULL, NULL, NULL, NULL, NULL, NULL, NULL, '2014-05-23 11:43:56', 317, '0000-00-00 00:00:00', 0, NULL, 'a', NULL, '0.000', NULL, 0, NULL, 0, NULL, 0),
(222, 709, 309, 'inv', '26.9047751', '75.7488641', 'IN', NULL, NULL, NULL, NULL, NULL, NULL, NULL, NULL, '2014-05-23 11:43:56', 317, '0000-00-00 00:00:00', 0, NULL, 'a', NULL, '0.000', NULL, 0, NULL, 0, NULL, 0),
(223, 709, 307, 'inv', '26.9047751', '75.7488641', 'IN', NULL, NULL, NULL, NULL, NULL, NULL, NULL, NULL, '2014-05-23 11:43:56', 317, '0000-00-00 00:00:00', 0, NULL, 'a', NULL, '0.000', NULL, 0, NULL, 0, NULL, 0),
(224, 709, 303, 'inv', '26.9047751', '75.7488641', 'IN', NULL, NULL, NULL, NULL, NULL, NULL, NULL, NULL, '2014-05-23 11:43:56', 317, '0000-00-00 00:00:00', 0, NULL, 'a', NULL, '0.000', NULL, 0, NULL, 0, NULL, 0),
(225, 709, 301, 'inv', '26.9047751', '75.7488641', 'IN', NULL, NULL, NULL, NULL, NULL, NULL, NULL, NULL, '2014-05-23 11:43:57', 317, '0000-00-00 00:00:00', 0, NULL, 'a', NULL, '0.000', NULL, 0, NULL, 0, NULL, 0),
(226, 709, 308, 'inv', '26.9047751', '75.7488641', 'IN', NULL, NULL, NULL, NULL, NULL, NULL, NULL, NULL, '2014-05-23 11:43:57', 317, '0000-00-00 00:00:00', 0, NULL, 'a', NULL, '0.000', NULL, 0, NULL, 0, NULL, 0),
(227, 710, 316, 'inv', '26.9047751', '75.7488641', 'IN', NULL, NULL, NULL, NULL, NULL, NULL, NULL, NULL, '2014-05-23 11:44:14', 317, '0000-00-00 00:00:00', 0, NULL, 'a', NULL, '0.000', NULL, 0, NULL, 0, NULL, 0),
(228, 710, 309, 'inv', '26.9047751', '75.7488641', 'IN', NULL, NULL, NULL, NULL, NULL, NULL, NULL, NULL, '2014-05-23 11:44:14', 317, '0000-00-00 00:00:00', 0, NULL, 'a', NULL, '0.000', NULL, 0, NULL, 0, NULL, 0),
(229, 710, 307, 'inv', '26.9047751', '75.7488641', 'IN', NULL, NULL, NULL, NULL, NULL, NULL, NULL, NULL, '2014-05-23 11:44:14', 317, '0000-00-00 00:00:00', 0, NULL, 'a', NULL, '0.000', NULL, 0, NULL, 0, NULL, 0),
(230, 710, 303, 'inv', '26.9047751', '75.7488641', 'IN', NULL, NULL, NULL, NULL, NULL, NULL, NULL, NULL, '2014-05-23 11:44:15', 317, '0000-00-00 00:00:00', 0, NULL, 'a', NULL, '0.000', NULL, 0, NULL, 0, NULL, 0),
(231, 710, 301, 'inv', '26.9047751', '75.7488641', 'IN', NULL, NULL, NULL, NULL, NULL, NULL, NULL, NULL, '2014-05-23 11:44:15', 317, '0000-00-00 00:00:00', 0, NULL, 'a', NULL, '0.000', NULL, 0, NULL, 0, NULL, 0),
(232, 710, 308, 'inv', '26.9047751', '75.7488641', 'IN', NULL, NULL, NULL, NULL, NULL, NULL, NULL, NULL, '2014-05-23 11:44:15', 317, '0000-00-00 00:00:00', 0, NULL, 'a', NULL, '0.000', NULL, 0, NULL, 0, NULL, 0),
(233, 711, 316, 'inv', '26.9047751', '75.7488641', 'IN', NULL, NULL, NULL, NULL, NULL, NULL, NULL, NULL, '2014-05-23 11:46:17', 317, '0000-00-00 00:00:00', 0, NULL, 'a', NULL, '0.000', NULL, 0, NULL, 0, NULL, 0),
(234, 711, 309, 'inv', '26.9047751', '75.7488641', 'IN', NULL, NULL, NULL, NULL, NULL, NULL, NULL, NULL, '2014-05-23 11:46:18', 317, '0000-00-00 00:00:00', 0, NULL, 'a', NULL, '0.000', NULL, 0, NULL, 0, NULL, 0),
(235, 711, 303, 'inv', '26.9047751', '75.7488641', 'IN', NULL, NULL, NULL, NULL, NULL, NULL, NULL, NULL, '2014-05-23 11:46:18', 317, '0000-00-00 00:00:00', 0, NULL, 'a', NULL, '0.000', NULL, 0, NULL, 0, NULL, 0),
(236, 711, 307, 'inv', '26.9047751', '75.7488641', 'IN', NULL, NULL, NULL, NULL, NULL, NULL, NULL, NULL, '2014-05-23 11:46:19', 317, '0000-00-00 00:00:00', 0, NULL, 'a', NULL, '0.000', NULL, 0, NULL, 0, NULL, 0),
(239, 705, 301, 'inv', '26.9047751', '75.7488641', 'IN', NULL, NULL, NULL, NULL, NULL, NULL, NULL, NULL, '2014-05-23 11:59:02', 317, '0000-00-00 00:00:00', 0, NULL, 'a', NULL, '0.000', NULL, 0, NULL, 0, NULL, 0);

-- --------------------------------------------------------

--
-- Table structure for table `gc_dta_user`
--

CREATE TABLE IF NOT EXISTS `gc_dta_user` (
  `user_id` bigint(20) NOT NULL AUTO_INCREMENT,
  `user_roleid` varchar(1000) DEFAULT NULL,
  `user_front_role_id` int(11) DEFAULT NULL,
  `is_admin` tinyint(1) NOT NULL DEFAULT '0',
  `user_type` char(1) DEFAULT 'g',
  `account_type` varchar(2) DEFAULT 'r' COMMENT 'r= regular , p = premium - sp = super premium',
  `is_verified` tinyint(1) NOT NULL DEFAULT '0',
  `verification_code` varchar(50) DEFAULT NULL,
  `gender` char(1) DEFAULT NULL,
  `marrital_status` char(2) DEFAULT NULL,
  `firstname` varchar(50) NOT NULL,
  `login_name` varchar(75) NOT NULL,
  `lastname` varchar(50) DEFAULT NULL,
  `password` varchar(100) NOT NULL,
  `primary_email` varchar(200) DEFAULT NULL,
  `primary_phone` varchar(20) DEFAULT NULL,
  `payment_customer_id` varchar(50) DEFAULT NULL,
  `tagline` varchar(200) DEFAULT NULL,
  `date_of_birth` datetime DEFAULT NULL,
  `preferred_language_code` varchar(5) NOT NULL,
  `country_code` char(2) DEFAULT NULL,
  `state_id` int(11) DEFAULT NULL,
  `state_ispublic` tinyint(1) NOT NULL DEFAULT '1',
  `region_id` int(11) DEFAULT NULL,
  `region_ispublic` tinyint(1) NOT NULL DEFAULT '1',
  `city_id` int(11) DEFAULT NULL,
  `city_ispublic` tinyint(1) NOT NULL DEFAULT '1',
  `zipcode` varchar(20) NOT NULL DEFAULT '',
  `profile_ispublic` tinyint(1) NOT NULL DEFAULT '1',
  `profile_info` varchar(2000) DEFAULT NULL,
  `contact_info` varchar(2000) NOT NULL,
  `billaddr_street1` varchar(100) DEFAULT NULL,
  `billaddr_street2` varchar(100) DEFAULT NULL,
  `billaddr_city_id` int(11) DEFAULT NULL,
  `billaddr_city_isprivate` tinyint(1) DEFAULT NULL,
  `billaddr_region_id` int(11) DEFAULT NULL,
  `billaddr_region_ispublic` tinyint(1) NOT NULL DEFAULT '1',
  `billaddr_state_id` int(11) DEFAULT NULL,
  `billaddr_state_ispublic` tinyint(1) DEFAULT NULL,
  `billaddr_country_code` char(2) DEFAULT NULL,
  `billaddr_zipcode` varchar(20) DEFAULT NULL,
  `geoaddr_issame` tinyint(1) NOT NULL DEFAULT '1',
  `geoaddr_street1` varchar(100) DEFAULT NULL,
  `geoaddr_street2` varchar(100) DEFAULT NULL,
  `geoaddr_city_id` int(11) DEFAULT NULL,
  `geoaddr_city_isprivate` tinyint(1) DEFAULT NULL,
  `geoaddr_state_id` int(11) DEFAULT NULL,
  `geoaddr_state_ispublic` tinyint(1) DEFAULT NULL,
  `geoaddr_region_id` int(11) DEFAULT NULL,
  `geoaddr_region_ispublic` tinyint(1) NOT NULL DEFAULT '1',
  `geoaddr_zipcode` varchar(20) DEFAULT NULL,
  `geoaddr_country_code` char(2) DEFAULT NULL,
  `about_me` varchar(4000) DEFAULT NULL,
  `work_start_year` int(4) DEFAULT NULL,
  `prefereces_setting` varchar(4000) DEFAULT NULL,
  `timezone` varchar(50) NOT NULL,
  `startup_page` varchar(100) NOT NULL,
  `notify_by_sms` tinyint(1) NOT NULL DEFAULT '0',
  `notify_by_email` tinyint(1) NOT NULL DEFAULT '1',
  `notify_by_chat` tinyint(1) NOT NULL DEFAULT '1',
  `notify_by_fb` tinyint(1) NOT NULL DEFAULT '1',
  `notify_by_tw` tinyint(1) NOT NULL DEFAULT '1',
  `notify_by_gplus` tinyint(1) NOT NULL DEFAULT '1',
  `credit_account_setting` varchar(2000) DEFAULT NULL,
  `task_last_post_at` datetime DEFAULT NULL,
  `task_post_cnt` int(11) DEFAULT '0',
  `task_post_total_price` int(11) DEFAULT '0',
  `task_post_total_hours` int(11) DEFAULT '0',
  `task_post_cancel_cnt` int(11) DEFAULT '0',
  `task_post_cancel_price` int(11) DEFAULT '0',
  `task_post_cancel_hours` int(11) DEFAULT '0',
  `task_post_rank` int(11) DEFAULT '0',
  `task_post_review_cnt` int(11) DEFAULT '0',
  `task_last_done_at` datetime DEFAULT NULL,
  `task_done_cnt` int(11) DEFAULT '0',
  `task_pending_cnt` int(11) DEFAULT '0',
  `task_done_total_price` int(11) DEFAULT '0',
  `task_done_total_hours` int(11) DEFAULT '0',
  `task_done_rank` int(11) DEFAULT '0',
  `task_done_review_cnt` int(11) DEFAULT '0',
  `connections_cnt` int(11) DEFAULT '0',
  `references_cnt` int(11) DEFAULT '0',
  `group_cnt` int(11) DEFAULT '0',
  `fb_isconnected` tinyint(1) NOT NULL DEFAULT '1',
  `tw_isconnected` tinyint(1) NOT NULL DEFAULT '1',
  `gplus_isconnected` tinyint(1) NOT NULL DEFAULT '1',
  `in_isconnected` tinyint(1) NOT NULL DEFAULT '1',
  `social_sites_auth_dtl` varchar(2000) NOT NULL DEFAULT '',
  `created_at` timestamp NOT NULL DEFAULT CURRENT_TIMESTAMP,
  `last_updated_at` timestamp NULL DEFAULT NULL,
  `last_accessed_at` timestamp NULL DEFAULT NULL,
  `status` char(1) DEFAULT 'n',
  `profile_folder_name` varchar(20) DEFAULT NULL,
  `instant_available` tinyint(1) DEFAULT '1',
  `updated_by_user_id` bigint(20) DEFAULT NULL,
  `created_by_user_id` bigint(20) DEFAULT NULL,
  `notify_by_pn` bit(1) NOT NULL DEFAULT b'1',
  `location_longitude` varchar(30) DEFAULT NULL,
  `location_latitude` varchar(30) DEFAULT NULL,
  `source_app` varchar(10) DEFAULT NULL,
  `rating_min_as_tasker` decimal(5,2) NOT NULL DEFAULT '0.00' COMMENT 'Overall Min rating of this user as tasker',
  `rating_max_as_tasker` decimal(5,2) NOT NULL DEFAULT '0.00' COMMENT 'Overall Max rating of this user as tasker',
  `rating_avg_as_tasker` decimal(5,2) NOT NULL DEFAULT '0.00' COMMENT 'Overall Avg rating of this user as tasker',
  `rating_total_as_tasker` decimal(10,2) NOT NULL DEFAULT '0.00' COMMENT 'Overall Sum of all the ratings given so far to this user as tasker under any rating_id',
  `rating_cnt_as_tasker` int(11) NOT NULL DEFAULT '0' COMMENT 'Overall Count of all the posters who have given rating so far',
  `rating_min_as_poster` int(3) NOT NULL DEFAULT '0' COMMENT 'Overall Min rating of this user as poster',
  `rating_max_as_poster` decimal(5,2) NOT NULL DEFAULT '0.00' COMMENT 'Overall Max rating of this user as poster',
  `rating_avg_as_poster` decimal(5,2) NOT NULL DEFAULT '0.00' COMMENT 'Overall Avg rating of this user as poster',
  `rating_total_as_poster` decimal(10,2) NOT NULL DEFAULT '0.00' COMMENT 'Overall Sum of all the ratings given so far to this user as poster',
  `rating_cnt_as_poster` int(11) NOT NULL DEFAULT '0' COMMENT 'Overall Count of all taskers who have given rating so far to this user as poster',
  PRIMARY KEY (`user_id`),
  KEY `gc_dta_user_contact_idx1` (`state_id`),
  KEY `gc_dta_user_contact_idx2` (`city_id`),
  KEY `gc_dta_user_contact_idx3` (`region_id`),
  KEY `gc_dta_user_contact_codex4` (`country_code`),
  KEY `fk_user_created_by_user_id` (`created_by_user_id`),
  KEY `fk_user_updated_by_user_id` (`updated_by_user_id`),
  KEY `fk_user_role` (`user_roleid`(255))
) ENGINE=InnoDB  DEFAULT CHARSET=utf8 AUTO_INCREMENT=328 ;

--
-- Dumping data for table `gc_dta_user`
--

INSERT INTO `gc_dta_user` (`user_id`, `user_roleid`, `user_front_role_id`, `is_admin`, `user_type`, `account_type`, `is_verified`, `verification_code`, `gender`, `marrital_status`, `firstname`, `login_name`, `lastname`, `password`, `primary_email`, `primary_phone`, `payment_customer_id`, `tagline`, `date_of_birth`, `preferred_language_code`, `country_code`, `state_id`, `state_ispublic`, `region_id`, `region_ispublic`, `city_id`, `city_ispublic`, `zipcode`, `profile_ispublic`, `profile_info`, `contact_info`, `billaddr_street1`, `billaddr_street2`, `billaddr_city_id`, `billaddr_city_isprivate`, `billaddr_region_id`, `billaddr_region_ispublic`, `billaddr_state_id`, `billaddr_state_ispublic`, `billaddr_country_code`, `billaddr_zipcode`, `geoaddr_issame`, `geoaddr_street1`, `geoaddr_street2`, `geoaddr_city_id`, `geoaddr_city_isprivate`, `geoaddr_state_id`, `geoaddr_state_ispublic`, `geoaddr_region_id`, `geoaddr_region_ispublic`, `geoaddr_zipcode`, `geoaddr_country_code`, `about_me`, `work_start_year`, `prefereces_setting`, `timezone`, `startup_page`, `notify_by_sms`, `notify_by_email`, `notify_by_chat`, `notify_by_fb`, `notify_by_tw`, `notify_by_gplus`, `credit_account_setting`, `task_last_post_at`, `task_post_cnt`, `task_post_total_price`, `task_post_total_hours`, `task_post_cancel_cnt`, `task_post_cancel_price`, `task_post_cancel_hours`, `task_post_rank`, `task_post_review_cnt`, `task_last_done_at`, `task_done_cnt`, `task_pending_cnt`, `task_done_total_price`, `task_done_total_hours`, `task_done_rank`, `task_done_review_cnt`, `connections_cnt`, `references_cnt`, `group_cnt`, `fb_isconnected`, `tw_isconnected`, `gplus_isconnected`, `in_isconnected`, `social_sites_auth_dtl`, `created_at`, `last_updated_at`, `last_accessed_at`, `status`, `profile_folder_name`, `instant_available`, `updated_by_user_id`, `created_by_user_id`, `notify_by_pn`, `location_longitude`, `location_latitude`, `source_app`, `rating_min_as_tasker`, `rating_max_as_tasker`, `rating_avg_as_tasker`, `rating_total_as_tasker`, `rating_cnt_as_tasker`, `rating_min_as_poster`, `rating_max_as_poster`, `rating_avg_as_poster`, `rating_total_as_poster`, `rating_cnt_as_poster`) VALUES
(1, NULL, NULL, 1, 'a', 'r', 1, NULL, 'M', NULL, 'mukul', 'superadmin', 'medawat', 'a22ed9cf60d4f0b6fb68f89e2c3e22be', NULL, NULL, NULL, 'tag line hare', NULL, '', NULL, NULL, 1, NULL, 1, NULL, 1, '', 1, '{"pic":"5863\\/1_1393593127_uploaded.jpg","video":"","url":"","weburl":"","url_ispublic":"","weburl_ispublic":"","video_ispublic":"","pic_ispublic":""}', '{"emails":[{"e":"mukul2@gmail.com","type":"p"}],"phs":[{"p":"9610040782","type":"p"}]}', NULL, NULL, NULL, NULL, NULL, 1, NULL, NULL, NULL, NULL, 1, NULL, NULL, NULL, NULL, NULL, NULL, NULL, 1, NULL, NULL, '{"aboutme":"dsfsffsfsdsfsfdsfsdfsdfdsfdsfds","certificateVal":""}', NULL, '', '', '', 0, 1, 1, 1, 1, 1, '', NULL, 0, 0, 0, 0, 0, 0, 0, 0, NULL, 0, 0, 4562, 0, 0, 0, 0, 0, 0, 1, 1, 1, 1, '', '2014-01-27 04:27:01', '2014-01-27 04:27:01', '2014-05-23 11:24:47', 'a', '5863', 1, NULL, NULL, b'1', '75.54174340000002', '26.809267', 'web', '0.00', '0.00', '0.00', '0.00', 0, 0, '0.00', '0.00', '0.00', 0),
(298, NULL, NULL, 0, 'g', 'r', 1, 'iKuiMIr77I', NULL, NULL, 'Soslan', '', 'Aldatov', '1218124dfc3909b2c2202454453dd535', NULL, NULL, NULL, 'VoIP/Asterisk Expert & PHP/MySQL developer', NULL, '', NULL, NULL, 1, NULL, 1, NULL, 1, '', 1, '{"pic":"6069\\/298_1399096755_uploaded.png","video":"","url":"","weburl":"","url_ispublic":"0","weburl_ispublic":"0","video_ispublic":"","pic_ispublic":""}', '{"emails":[{"e":"soslanaldatov@gmail.com","type":"p"}]}', 'vaishali nagar', '', 5, 0, 2, 1, 1, 0, 'IN', '303021', 1, '', '', NULL, NULL, NULL, NULL, NULL, 0, '', '', '{"aboutme":"Minimum Hourly Rate $33\\r\\n\\r\\nMy main speciality is VoIP. Asterisk, FreeSWITCH, openSIPS, Kamailio, VoIP billings and various hardware - that''s what I deal with most of time.\\r\\n\\r\\nMy background is PHP\\/MySQL programming. I''ve been working as a web developer for about 3 years, there are some PHP projects in my job history here on Elance.\\r\\n\\r\\nI am also able to work with Linux OS as a system administrator \\u2014 I am quite familiar with Linux in common and I''ve set up a lot of web, mail, proxy, DB servers.\\r\\n\\r\\nI will be glad to help you - please ask at any time!","certificateVal":""}', NULL, NULL, '', '', 0, 1, 1, 1, 1, 1, NULL, NULL, 14, 1301, 450, 0, 0, 0, 0, 0, NULL, 0, 0, 0, 0, 0, 0, 0, 0, 0, 1, 1, 1, 1, '', '2014-05-03 05:46:13', '2014-05-03 05:59:47', NULL, 'a', '6069', 1, NULL, NULL, b'1', '75.7488641', '26.9047751', 'web', '0.00', '0.00', '0.00', '0.00', 0, 0, '0.00', '0.00', '0.00', 0),
(299, NULL, NULL, 0, 'g', 'r', 1, 'MdnQEf0JUx', NULL, NULL, 'Jenifer', '', 'Toussant', '1218124dfc3909b2c2202454453dd535', 'johno@gmail.com', '333-555-5555', NULL, '', NULL, '', NULL, NULL, 1, NULL, 1, NULL, 1, '', 1, '{"pic":"3633\\/299_1399097802_uploaded.jpg","video":"","url":"","weburl":"","url_ispublic":"0","weburl_ispublic":"0","video_ispublic":"","pic_ispublic":""}', '{"emails":[{"e":"jenifertoussant@gmail.com","type":"p"}]}', 'Jaipur', 'Jaipur', 5, 0, 2, 1, 1, 0, 'IN', '25452', 1, '', '', NULL, NULL, NULL, NULL, NULL, 0, '', '', '{"aboutme":"I offer 17 years of office experience, skills and knowledge as an Administrative Professional. I have worked virtually with great success for the past 7 years. My specialties are training, setting up processes and procedures, technical writing and working with reports. Other skills include presentation,word processing, working with spreadsheets\\/workbooks, customer service via web chats and emails (no phone work).","certificateVal":""}', NULL, NULL, '', '', 0, 1, 1, 1, 1, 1, NULL, NULL, 9, 780, 501, 0, 0, 0, 0, 0, NULL, 0, 0, 0, 0, 2, 0, 0, 0, 0, 1, 1, 1, 1, '', '2014-05-03 06:07:59', '2014-05-03 06:16:46', NULL, 'a', '3633', 1, NULL, NULL, b'1', '75.8242009', '26.9248305', 'web', '0.00', '0.00', '0.00', '0.00', 0, 0, '0.00', '0.00', '0.00', 0),
(300, NULL, NULL, 0, 'g', 'r', 1, 'epNCs7uLxy', NULL, NULL, 'Jolene', '', 'Martin', '1218124dfc3909b2c2202454453dd535', NULL, NULL, NULL, NULL, NULL, '', NULL, NULL, 1, NULL, 1, NULL, 1, '', 1, '{"pic":"3975\\/300_1399098066_uploaded.jpg","video":"","url":"","weburl":"","url_ispublic":"0","weburl_ispublic":"0","video_ispublic":"","pic_ispublic":""}', '{"emails":[{"e":"jolenemartin@gmail.com","type":"p"}]}', NULL, NULL, NULL, NULL, NULL, 1, NULL, NULL, NULL, NULL, 1, NULL, NULL, NULL, NULL, NULL, NULL, NULL, 1, NULL, NULL, NULL, NULL, NULL, '', '', 0, 1, 1, 1, 1, 1, NULL, NULL, 0, 0, 0, 0, 0, 0, 0, 0, NULL, 0, 0, 0, 0, 1, 0, 0, 0, 0, 1, 1, 1, 1, '', '2014-05-03 06:09:36', '2014-05-03 06:21:09', NULL, 'a', '3975', 1, NULL, NULL, b'1', NULL, NULL, 'web', '0.00', '0.00', '0.00', '0.00', 0, 0, '0.00', '0.00', '0.00', 0),
(301, NULL, NULL, 0, 'g', 'r', 1, 'hyL9O7A9v6', NULL, NULL, 'Roland', '', 'A', '1218124dfc3909b2c2202454453dd535', NULL, NULL, NULL, '', NULL, '', NULL, NULL, 1, NULL, 1, NULL, 1, '', 1, '{"pic":"6968\\/301_1399097864_uploaded.jpg","video":"","url":"","weburl":"","url_ispublic":"0","weburl_ispublic":"0","video_ispublic":"","pic_ispublic":""}', '{"phs":[{"p":"1-541-967-0010\\t","type":"p"}],"emails":[{"e":"rolanda@gmail.com","type":"p"}]}', 'mary roe 799E', 'megasystem enclave', 309, 0, 174, 1, 20, 0, 'US', '85705', 1, '', '', NULL, NULL, NULL, NULL, NULL, 0, '', '', '{"aboutme":"we are presenting a new possibility in area of technology","certificateVal":[{"certificate":"oracle","certificateidof":"2011"}]}', 2010, NULL, '', '', 0, 1, 1, 1, 1, 1, NULL, NULL, 2, 350, 400, 0, 0, 0, 0, 0, NULL, 0, 0, 0, 0, 5, 0, 0, 0, 0, 1, 1, 1, 1, '', '2014-05-03 06:10:31', '2014-05-03 06:17:47', NULL, 'a', '6968', 1, NULL, NULL, b'1', '-105.8700901', '34.5199402', 'web', '0.00', '0.00', '0.00', '0.00', 0, 0, '0.00', '0.00', '0.00', 0),
(302, NULL, NULL, 0, 'g', 'r', 1, 'nHvxkzDQbx', NULL, NULL, 'Jamie', '', 'Frayer', '1218124dfc3909b2c2202454453dd535', NULL, NULL, NULL, '', NULL, '', NULL, NULL, 1, NULL, 1, NULL, 1, '', 1, '{"pic":"8333\\/302_1399097924_uploaded.jpg","video":"","url":"","weburl":"","url_ispublic":"0","weburl_ispublic":"0","video_ispublic":"","pic_ispublic":""}', '{"emails":[{"e":"jamiefrayer@gmail.com","type":"p"}]}', NULL, NULL, NULL, NULL, NULL, 1, NULL, NULL, NULL, NULL, 1, NULL, NULL, NULL, NULL, NULL, NULL, NULL, 1, NULL, NULL, '{"aboutme":"I working for cointent writed in any language","certificateVal":""}', NULL, NULL, '', '', 0, 1, 1, 1, 1, 1, NULL, NULL, 0, 0, 0, 0, 0, 0, 0, 0, NULL, 0, 0, 0, 0, 0, 0, 0, 0, 0, 1, 1, 1, 1, '', '2014-05-03 06:11:11', '2014-05-03 06:18:46', NULL, 'a', '8333', 1, NULL, NULL, b'1', NULL, NULL, 'web', '0.00', '0.00', '0.00', '0.00', 0, 0, '0.00', '0.00', '0.00', 0),
(303, NULL, NULL, 0, 'g', 'p', 1, '6IIEwPOH08', NULL, NULL, 'Shareem', '', 'Thahir', '1218124dfc3909b2c2202454453dd535', NULL, NULL, NULL, ' Professional-Efficient-Trustworthy ', NULL, '', NULL, NULL, 1, NULL, 1, NULL, 1, '', 1, '{"pic":"4138\\/303_1399098317_uploaded.jpg","video":"","url":"","weburl":"","url_ispublic":"0","weburl_ispublic":"0","video_ispublic":"","pic_ispublic":""}', '{"emails":[{"e":"shareemthahir@gmail.com","type":"p"}]}', ' Hannibal', '', 28, 0, 172, 1, 49, 0, 'US', '85236', 1, '', '', NULL, NULL, NULL, NULL, NULL, 0, '', '', '{"aboutme":"I offer 17 years of office experience, skills and knowledge as an Administrative Professional. I have worked virtually with great success for the past 7 years. My specialties are training, setting up processes and procedures, technical writing and working with reports. Other skills include presentation,word processing, working with spreadsheets\\/workbooks, customer service via web chats and emails (no phone work).","certificateVal":""}', NULL, '{"work_hrs":[[{"day":"mon","hrs":"06:40-19:40"},{"day":"tue","hrs":"06:40-19:40"},{"day":"wed","hrs":"06:40-19:40"},{"day":"thu","hrs":"06:40-19:40"}],[{"day":"fri","hrs":"10:40-22:40"},{"day":"sat","hrs":"10:40-22:40"},{"day":"sun","hrs":"10:40-22:40"}]],"contact_by":"","ref_check_by":""}', 'Pacific/Midway', '', 0, 1, 1, 1, 1, 1, NULL, NULL, 4, 99, 224, 0, 0, 0, 0, 0, NULL, 0, 0, 0, 0, 0, 0, 0, 0, 0, 1, 1, 1, 1, '', '2014-05-03 06:24:21', '2014-05-03 06:25:28', NULL, 'a', '4138', 1, NULL, NULL, b'1', '-73.9780035', '40.7056308', 'web', '0.00', '0.00', '0.00', '0.00', 0, 0, '0.00', '0.00', '0.00', 0),
(304, NULL, NULL, 0, 'g', 'r', 1, 'r44sDLzuTp', NULL, NULL, 'Alexander', '', 'C', '1218124dfc3909b2c2202454453dd535', NULL, NULL, NULL, 'Get it done right, the first time.', NULL, '', NULL, NULL, 1, NULL, 1, NULL, 1, '', 1, '{"pic":"8706\\/304_1399098403_uploaded.png","video":"","url":"","weburl":"","url_ispublic":"0","weburl_ispublic":"0","video_ispublic":"","pic_ispublic":""}', '{"phs":[{"p":"96258952588","type":"p"}],"emails":[{"e":"alexanderc@gmail.com","type":"p"}]}', 'Israel', '', 309, 0, 174, 1, 20, 0, 'US', '302021', 1, '', '', NULL, NULL, NULL, NULL, NULL, 0, '', '', '{"aboutme":"Get it done right, the first time.\\r\\n\\r\\nCurrently ranked in the Top 5 Professionals at Elance.com!\\r\\n\\r\\nLeveraging the expertise of a Chief Technology Officer with over 10 years of industry experience, Alexander Aviv brings his vast knowledge with technical solutions to deliver extremely competitive and high-performance software services. Services designed to address your technological requirements in the most cost-effective way with world-class advice, designs, implementation strategies, project management, high-availability operations","certificateVal":""}', NULL, NULL, '', '', 0, 1, 1, 1, 1, 1, '{"card":[{"name":"Alex","number":"4375510350383003","month":"11","year":"2021","type":"Visa","preference":"1"}]}', NULL, 7, 682, 305, 0, 0, 0, 0, 0, NULL, 0, 0, 96524, 0, 0, 0, 0, 0, 0, 1, 1, 1, 1, '', '2014-05-03 06:26:05', '2014-05-03 06:26:54', NULL, 'a', '8706', 1, NULL, NULL, b'1', '-105.8700901', '34.5199402', 'web', '0.00', '0.00', '0.00', '0.00', 0, 0, '0.00', '0.00', '0.00', 0),
(305, NULL, NULL, 0, 'g', 'r', 1, 'UaMggSEVQQ', NULL, NULL, 'Ashraf', '', 'Net', '1218124dfc3909b2c2202454453dd535', NULL, NULL, NULL, NULL, NULL, '', NULL, NULL, 1, NULL, 1, NULL, 1, '', 1, '{"pic":"5559\\/305_1399098494_uploaded.jpg","video":"","url":"","weburl":"","url_ispublic":"0","weburl_ispublic":"0","video_ispublic":"","pic_ispublic":""}', '{"emails":[{"e":"ashrafnet@gmail.com","type":"p"}]}', 'F-1/276', '', 28, 0, 172, 1, 49, 0, 'US', '303007', 1, '', '', NULL, NULL, NULL, NULL, NULL, 0, '', '', NULL, NULL, NULL, '', '', 0, 1, 1, 1, 1, 1, NULL, NULL, 1, 456, 0, 0, 0, 0, 0, 0, NULL, 0, 0, 0, 0, 0, 0, 0, 0, 0, 1, 1, 1, 1, '', '2014-05-03 06:27:39', '2014-05-03 06:28:24', NULL, 'a', '5559', 1, NULL, NULL, b'1', '-73.9457637', '40.6553244', 'web', '0.00', '0.00', '0.00', '0.00', 0, 0, '0.00', '0.00', '0.00', 0),
(306, NULL, NULL, 0, 'g', 'r', 1, 'HIhYaAG32T', NULL, NULL, 'Ted', '', 'Palmisciano', '1218124dfc3909b2c2202454453dd535', NULL, NULL, NULL, NULL, NULL, '', NULL, NULL, 1, NULL, 1, NULL, 1, '', 1, '{"pic":"9026\\/306_1399098594_uploaded.jpg","video":"","url":"","weburl":"","url_ispublic":"0","weburl_ispublic":"0","video_ispublic":"","pic_ispublic":""}', '{"emails":[{"e":"tedpalmisciano@gmail.com","type":"p"}]}', 'ZhuHai', '', 28, 0, 172, 1, 49, 0, 'US', '303007', 1, '', '', NULL, NULL, NULL, NULL, NULL, 0, '', '', NULL, NULL, NULL, '', '', 0, 1, 1, 1, 1, 1, NULL, NULL, 7, 290, 87, 0, 0, 0, 0, 0, NULL, 0, 0, 78456, 0, 0, 0, 0, 0, 0, 1, 1, 1, 1, '', '2014-05-03 06:29:11', '2014-05-03 06:30:07', NULL, 'a', '9026', 1, NULL, NULL, b'1', '-73.9780035', '40.7056308', 'web', '0.00', '0.00', '0.00', '0.00', 0, 0, '0.00', '0.00', '0.00', 0),
(307, NULL, NULL, 0, 'g', 'r', 1, 'nMxAOt3QbL', NULL, NULL, 'Khrystyne', '', 'R', '1218124dfc3909b2c2202454453dd535', NULL, NULL, NULL, NULL, NULL, '', NULL, NULL, 1, NULL, 1, NULL, 1, '', 1, '{"pic":"7260\\/307_1399098685_uploaded.jpg","video":"","url":"","weburl":"","url_ispublic":"0","weburl_ispublic":"0","video_ispublic":"","pic_ispublic":""}', '{"emails":[{"e":"khrystyner@gmail.com","type":"p"}]}', 'Hannibal', '', 28, 0, 172, 1, 49, 0, 'US', '852363', 1, '', '', NULL, NULL, NULL, NULL, NULL, 0, '', '', NULL, NULL, NULL, '', '', 0, 1, 1, 1, 1, 1, NULL, NULL, 4, 359, 300, 0, 0, 0, 0, 0, NULL, 0, 0, 0, 0, 4, 0, 0, 0, 0, 1, 1, 1, 1, '', '2014-05-03 06:30:43', '2014-05-03 06:31:34', NULL, 'a', '7260', 1, NULL, NULL, b'1', '-73.9780035', '40.7056308', 'web', '0.00', '0.00', '0.00', '0.00', 0, 0, '0.00', '0.00', '0.00', 0),
(308, NULL, NULL, 0, 'g', 'r', 1, 'CVaP5YlfnF', NULL, NULL, 'Harold', '', 'H', '1218124dfc3909b2c2202454453dd535', NULL, NULL, NULL, NULL, NULL, '', NULL, NULL, 1, NULL, 1, NULL, 1, '', 1, '{"pic":"3089\\/308_1399098758_uploaded.png","video":"","url":"","weburl":"","url_ispublic":"0","weburl_ispublic":"0","video_ispublic":"","pic_ispublic":""}', '{"emails":[{"e":"haroldh@gmail.com","type":"p"}]}', NULL, NULL, NULL, NULL, NULL, 1, NULL, NULL, NULL, NULL, 1, NULL, NULL, NULL, NULL, NULL, NULL, NULL, 1, NULL, NULL, NULL, NULL, NULL, '', '', 0, 1, 1, 1, 1, 1, NULL, NULL, 0, 0, 0, 0, 0, 0, 0, 0, NULL, 0, 0, 0, 0, 4, 0, 0, 0, 0, 1, 1, 1, 1, '', '2014-05-03 06:31:58', '2014-05-03 06:32:50', NULL, 'a', '3089', 1, NULL, NULL, b'1', NULL, NULL, 'web', '0.00', '0.00', '0.00', '0.00', 0, 0, '0.00', '0.00', '0.00', 0),
(309, NULL, NULL, 0, 'g', 'r', 1, 'ZZOyKHj55Q', NULL, NULL, 'Sergey', '', 'Koshkarev', '1218124dfc3909b2c2202454453dd535', NULL, NULL, NULL, NULL, NULL, '', NULL, NULL, 1, NULL, 1, NULL, 1, '', 1, '{"pic":"5299\\/309_1399098829_uploaded.jpg","video":"","url":"","weburl":"","url_ispublic":"0","weburl_ispublic":"0","video_ispublic":"","pic_ispublic":""}', '{"emails":[{"e":"sergeykoshkarev@gmail.com","type":"p"}]}', NULL, NULL, NULL, NULL, NULL, 1, NULL, NULL, NULL, NULL, 1, NULL, NULL, NULL, NULL, NULL, NULL, NULL, 1, NULL, NULL, NULL, NULL, NULL, '', '', 0, 1, 1, 1, 1, 1, NULL, NULL, 0, 0, 0, 0, 0, 0, 0, 0, NULL, 0, 0, 10256, 0, 5, 0, 0, 0, 0, 1, 1, 1, 1, '', '2014-05-03 06:33:17', '2014-05-03 06:34:03', NULL, 'a', '5299', 1, NULL, NULL, b'1', NULL, NULL, 'web', '0.00', '0.00', '0.00', '0.00', 0, 0, '0.00', '0.00', '0.00', 0),
(310, NULL, NULL, 0, 'g', 'r', 1, 'AH5N8P2Ety', NULL, NULL, 'Natalia', '', 'Smirnova', '1218124dfc3909b2c2202454453dd535', NULL, NULL, NULL, NULL, NULL, '', NULL, NULL, 1, NULL, 1, NULL, 1, '', 1, '{"pic":"9081\\/310_1399098924_uploaded.jpg","video":"","url":"","weburl":"","url_ispublic":"0","weburl_ispublic":"0","video_ispublic":"","pic_ispublic":""}', '{"emails":[{"e":"nataliasmirnova@gmail.com","type":"p"}]}', NULL, NULL, NULL, NULL, NULL, 1, NULL, NULL, NULL, NULL, 1, NULL, NULL, NULL, NULL, NULL, NULL, NULL, 1, NULL, NULL, NULL, NULL, NULL, '', '', 0, 1, 1, 1, 1, 1, NULL, NULL, 0, 0, 0, 0, 0, 0, 0, 0, NULL, 0, 0, 0, 0, 0, 0, 0, 0, 0, 1, 1, 1, 1, '', '2014-05-03 06:34:46', '2014-05-03 06:35:26', NULL, 'a', '9081', 1, NULL, NULL, b'1', NULL, NULL, 'web', '0.00', '0.00', '0.00', '0.00', 0, 0, '0.00', '0.00', '0.00', 0),
(311, NULL, NULL, 0, 'g', 'r', 1, 'nMC10JzthE', NULL, NULL, 'Denis', '', 'Ivin', '1218124dfc3909b2c2202454453dd535', NULL, NULL, NULL, NULL, NULL, '', NULL, NULL, 1, NULL, 1, NULL, 1, '', 1, '{"pic":"2299\\/311_1399099028_uploaded.jpg","video":"","url":"","weburl":"","url_ispublic":"0","weburl_ispublic":"0","video_ispublic":"","pic_ispublic":""}', '{"emails":[{"e":"denislvin@gmail.com","type":"p"}]}', NULL, NULL, NULL, NULL, NULL, 1, NULL, NULL, NULL, NULL, 1, NULL, NULL, NULL, NULL, NULL, NULL, NULL, 1, NULL, NULL, NULL, NULL, NULL, '', '', 0, 1, 1, 1, 1, 1, NULL, NULL, 0, 0, 0, 0, 0, 0, 0, 0, NULL, 0, 0, 8521, 0, 0, 0, 0, 0, 0, 1, 1, 1, 1, '', '2014-05-03 06:36:37', '2014-05-03 06:37:20', NULL, 'a', '2299', 1, NULL, NULL, b'1', NULL, NULL, 'web', '0.00', '0.00', '0.00', '0.00', 0, 0, '0.00', '0.00', '0.00', 0),
(312, NULL, NULL, 0, 'g', 'r', 1, '1Ki4mRRgRr', NULL, NULL, 'vidya', '', 'bhushan', '1218124dfc3909b2c2202454453dd535', NULL, NULL, NULL, 'its me', NULL, '', NULL, NULL, 1, NULL, 1, NULL, 1, '', 1, '{"pic":"9979\\/312_1399352103_uploaded.jpg","video":"","url":"","weburl":"http:\\/\\/192.168.1.200:8080\\/greencometdev\\/index\\/updateprofile","url_ispublic":"0","weburl_ispublic":"0","video_ispublic":"","pic_ispublic":""}', '{"phs":[{"p":"9861642034","type":"p"}],"emails":[{"e":"vidya.bhushan40@gmail.com","type":"p"}]}', 'mary roe 799E', 'megasystem enclave', 221, 0, 157, 1, 27, 0, 'US', '857050', 1, '', '', NULL, NULL, NULL, NULL, NULL, 0, '', '', '{"aboutme":"we are a leading company in the field of recruitment of graduates and professional","certificateVal":[{"certificate":"oracle","certificateidof":"2009"}]}', 1990, '{"work_hrs":[[{"day":"mon","hrs":"01:20-12:20"},{"day":"tue","hrs":"01:20-12:20"},{"day":"wed","hrs":"01:20-12:20"},{"day":"thu","hrs":"01:20-12:20"},{"day":"fri","hrs":"01:20-12:20"},{"day":"sat","hrs":"01:20-12:20"},{"day":"sun","hrs":"01:20-12:20"}]],"contact_by":["e"],"ref_check_by":["e"]}', 'Pacific/Midway', 'dashboard', 0, 1, 1, 1, 1, 1, '{"paypal":[{"email":"vidya@gmail.com","preference":"1"},{"email":"vidya@gmail.com","preference":"0"},{"email":"vidya@gmail.com","preference":"0"}],"card":[{"name":"indian express","number":"378282246310005","month":"12","year":"2017","type":"American Express","preference":"0"},{"name":"american express","number":"378282246310005","month":"12","year":"2016","type":"American Express","preference":"0"},{"name":"visa","number":"4111111111111","month":"12","year":"2020","type":"Visa","preference":"0"}]}', NULL, 3, 1050, 200, 0, 0, 0, 0, 0, NULL, 0, 0, 0, 0, 0, 0, 0, 0, 0, 1, 1, 1, 1, '', '2014-05-03 06:41:52', '2014-05-03 06:43:34', NULL, 'a', '9979', 1, NULL, NULL, b'1', '-99.9018131', '31.9685988', 'web', '0.00', '0.00', '0.00', '0.00', 0, 0, '0.00', '0.00', '0.00', 0),
(313, NULL, NULL, 0, 'g', 'r', 1, 'k2wcPGUBrV', NULL, NULL, 'Marisa', '', 'ben', '1218124dfc3909b2c2202454453dd535', NULL, NULL, NULL, '', NULL, '', NULL, NULL, 1, NULL, 1, NULL, 1, '', 1, '{"pic":"7181\\/313_1399099458_uploaded.jpg","video":"","url":"","weburl":"","url_ispublic":"0","weburl_ispublic":"0","video_ispublic":"","pic_ispublic":""}', '{"phs":[{"p":"1-916-440-0031","type":"p"}],"emails":[{"e":"marisa@gmail.com","type":"p"}]}', 'chris', 'niswande', 281, 0, 184, 1, 14, 0, 'US', '750000', 1, '', '', NULL, NULL, NULL, NULL, NULL, 0, '', '', '{"aboutme":"we are widely spread in all over the globe to serve you best as per the new style and market standards","certificateVal":""}', 2012, NULL, '', '', 0, 1, 1, 1, 1, 1, NULL, NULL, 1, 600, 55, 0, 0, 0, 0, 0, NULL, 0, 0, 7841, 0, 2, 0, 0, 0, 0, 1, 1, 1, 1, '', '2014-05-03 06:43:32', '2014-05-03 06:44:50', NULL, 'a', '7181', 1, NULL, NULL, b'1', '-107.2084872', '44.3393535', 'web', '0.00', '0.00', '0.00', '0.00', 0, 0, '0.00', '0.00', '0.00', 0),
(314, NULL, NULL, 0, 'g', 'r', 1, 'xfrGmROAVu', NULL, NULL, 'Lilia', '', 'U', '1218124dfc3909b2c2202454453dd535', NULL, NULL, NULL, NULL, NULL, '', NULL, NULL, 1, NULL, 1, NULL, 1, '', 1, '{"pic":"7852\\/314_1399099551_uploaded.jpg","video":"","url":"","weburl":"","url_ispublic":"0","weburl_ispublic":"0","video_ispublic":"","pic_ispublic":""}', '{"phs":[{"p":"12159790028","type":"p"}],"emails":[{"e":"liliau@gmail.com","type":"p"}]}', '300 boyloston ave e', 'seatle wa ', 166, 0, 134, 1, 9, 0, 'US', '98102', 1, '', '', NULL, NULL, NULL, NULL, NULL, 0, '', '', NULL, NULL, NULL, '', '', 0, 1, 1, 1, 1, 1, NULL, NULL, 1, 500, 0, 0, 0, 0, 0, 0, NULL, 0, 0, 0, 0, 0, 0, 0, 0, 0, 1, 1, 1, 1, '', '2014-05-03 06:45:15', '2014-05-03 06:46:39', NULL, 'a', '7852', 1, NULL, NULL, b'1', '-120.8958242', '38.8375215', 'web', '0.00', '0.00', '0.00', '0.00', 0, 0, '0.00', '0.00', '0.00', 0),
(315, NULL, NULL, 0, 'g', 'r', 1, 'Tj5uId97Du', NULL, NULL, 'Ji Dong', '', 'Wang', '1218124dfc3909b2c2202454453dd535', NULL, NULL, NULL, '', NULL, '', NULL, NULL, 1, NULL, 1, NULL, 1, '', 1, '{"pic":"5998\\/315_1399099674_uploaded.jpg","video":"","url":"","weburl":"","url_ispublic":"0","weburl_ispublic":"0","video_ispublic":"","pic_ispublic":""}', '{"emails":[{"e":"jidongwang@gmail.com","type":"p"}],"chatids":[{"id":"jidongwang","type":"Skype"}],"socialids":[{"id":"jidongwang","type":"Facebook"}]}', ' ZhuHai', 'GuangDong', 51, 0, 99, 1, 59, 0, 'US', '302021', 1, '', '', NULL, NULL, NULL, NULL, NULL, 0, '', '', '{"aboutme":"Minimum Hourly Rate $42\\r\\n\\r\\nMake Something Valuable! My benefit will stay beneath yours!\\r\\n\\r\\n[About me]\\r\\n-- Highly skilled Web developer with responsibility.\\r\\n-- Well educated through high-level education.\\r\\n-- 10+ years long practical experience on web programming.\\r\\n-- Customer-oriented service and high quality in mind.\\r\\n-- Good manner of working.\\r\\n-- Detail oriented service.\\r\\n\\r\\n[Skill Sets]\\r\\n-- RoR, Spree(Ecommerce), insoshi(Social Network Platform), FatFreeCRM\\r\\n-- Laravel, Yii, CodeIgniter\\r\\n-- Python, Django\\r\\n-- NodeJS, BackboneJS, AngularJS, MeteorJS\\r\\n\\r\\nLots of opportunities are...","certificateVal":""}', NULL, NULL, '', '', 0, 1, 1, 1, 1, 1, NULL, NULL, 0, 0, 0, 0, 0, 0, 0, 0, NULL, 0, 0, 0, 0, 4, 0, 0, 0, 0, 1, 1, 1, 1, '', '2014-05-03 06:47:23', '2014-05-03 06:48:09', NULL, 'a', '5998', 1, NULL, NULL, b'1', '-76.6412712', '39.0457549', 'web', '0.00', '0.00', '0.00', '0.00', 0, 0, '0.00', '0.00', '0.00', 0),
(316, NULL, NULL, 0, 'g', 'p', 1, 'P4PE7zT1Q3', NULL, NULL, 'Mukul', '', 'Medatwal', '1218124dfc3909b2c2202454453dd535', 'mukulmedatwal@gmail.com', '9610040782', '3161', 'php developer', NULL, '', NULL, NULL, 1, NULL, 1, NULL, 1, '', 1, '{"pic":"9294\\/316_1399955240_uploaded.jpg","video":"9294\\/316_1399955325_uploaded.mp4","url":"","weburl":"","url_ispublic":"0","weburl_ispublic":"0","video_ispublic":"","pic_ispublic":""}', '{"phs":[{"p":"9610040782","type":"p"}],"emails":[{"e":"mukulmedatwal@gmail.com","type":"p"}],"chatids":[{"id":"mukul.medatwal01","type":"Skype"}],"socialids":[{"id":"MUKULMEDATWAL","type":"Facebook"}]}', 'Nehru bazar', 'sabji mandi , bagru jaipur', 5, 0, 2, 1, 1, 0, 'IN', '303007', 1, '', '', NULL, NULL, NULL, NULL, NULL, 0, '', '', '{"aboutme":"Minimum Hourly Rate $48\\r\\n\\r\\nYOUR IDEA + MY PASSION = OUR SUCCESS\\r\\n\\r\\nI am A TALENTED WEB & MOBILE APP DEVELOPER with 3+ years experiences in Web developments and 4 years in iOS\\/Android app developments.\\r\\n\\r\\nOver the last 10 years, I have built more than 90 websites ranging from small ecommerce sites to large erp solutions with complex logic and created 35 iOS\\/Android Apps so far.\\r\\n\\r\\nBut I am still hungry. I always challenge for the difficulties, and am eager to learn new technologies.\\r\\n\\r\\nI usually work with US clients, but I welcome everybody.","certificateVal":""}', 2012, '{"work_hrs":[],"contact_by":"","ref_check_by":""}', 'Pacific/Midway', '', 0, 1, 1, 1, 1, 1, '{"card":[{"name":"card1","number":"4111111111111111","month":"11","year":"2015","type":"Visa","preference":"1"},{"name":"Mukul Medatwal","number":"4111111111111111","month":"11","year":"2015","type":"Visa","preference":"0"},{"name":"Mukul Medatwal","number":"4111111111111111","month":"11","year":"2015","type":"Visa","preference":"0"},{"name":"Mukul Medatwal","number":"4111111111111111","month":"11","year":"2015","type":"Visa","preference":"0"},{"name":"Mukul Medatwal","number":"4111111111111111","month":"11","year":"2015","type":"Visa","preference":"0"},{"name":"Mukul Medatwal","number":"4111111111111111","month":"11","year":"2015","type":"Visa","preference":"0"},{"name":"Mukul Medatwal","number":"4111111111111111","month":"11","year":"2015","type":"Visa","preference":"0"},{"name":"Mukul Medatwal","number":"4111111111111111","month":"11","year":"2015","type":"Visa","preference":"0"},{"name":"Mukul Medatwal","number":"4111111111111111","month":"11","year":"2015","type":"Visa","preference":"0"},{"name":"Mukul Medatwal","number":"4","month":"3","year":"2015","type":"","preference":"0"},{"name":"Mukul Medatwal","number":"4","month":"3","year":"2015","type":"","preference":"0"},{"name":"Mukul Medatwal","number":"4","month":"3","year":"2015","type":"","preference":"0"},{"name":"Mukul Medatwal","number":"378282246310005","month":"3","year":"2023","cvv":"3842","type":"American Express","preference":"0"},{"name":"Mukul Medatwal","number":"378282246310005","month":"3","year":"2023","cvv":"3842","type":"American Express","preference":"0"}]}', NULL, 28, 8987, 347, 0, 0, 0, 0, 0, NULL, 0, 0, 9652314, 0, 3, 0, 0, 0, 0, 1, 1, 1, 1, '', '2014-05-03 06:57:16', '2014-05-03 07:03:23', NULL, 'a', '9294', 1, NULL, NULL, b'1', '75.8059541', '26.8266513', 'web', '0.00', '0.00', '0.00', '0.00', 0, 0, '0.00', '0.00', '0.00', 0),
(317, NULL, NULL, 0, 'g', 'p', 1, '2x8FHvnKdb', 'F', NULL, 'Gajendra', 'gajendrarao', 'Rao', '064bcba36f91cd36b3c34d43ef59a0f9', 'gaju@gmail.com', '2582558', NULL, 'Tag line 2', '1989-02-07 00:00:00', '', NULL, NULL, 1, NULL, 1, NULL, 1, '', 1, '{"pic":"3536\\/317_1399263788_uploaded.jpg","video":"","url":"","weburl":"www.gaju.com","url_ispublic":"0","weburl_ispublic":"0","video_ispublic":"","pic_ispublic":""}', '{"emails":[{"e":"gajendra.rao@aryavratinfotech.com","type":"p"}]}', 'vaishali nagar', '', 5, 0, 2, 1, 1, 0, 'IN', '303021', 1, '', '', NULL, NULL, NULL, NULL, NULL, 0, '', '', '{"aboutme":"Description Description Description","certificateVal":""}', NULL, NULL, '', '', 0, 1, 1, 1, 1, 1, NULL, NULL, 10, 1795, 1112, 0, 0, 0, 0, 0, NULL, 0, 0, 5236, 0, 0, 0, 0, 0, 0, 1, 1, 1, 1, '', '2014-05-05 04:17:37', '2014-05-05 04:23:56', NULL, 's', '3536', 1, NULL, NULL, b'1', '75.7488641', '26.9047751', 'web', '0.00', '0.00', '0.00', '0.00', 0, 0, '0.00', '0.00', '0.00', 0),
(318, NULL, NULL, 0, 'g', 'r', 1, 'tzwwGIjSLD', NULL, NULL, 'mary', 'mary.rose01', 'rose', 'a22ed9cf60d4f0b6fb68f89e2c3e22be', NULL, NULL, NULL, NULL, NULL, '', NULL, NULL, 1, NULL, 1, NULL, 1, '', 1, NULL, '{"emails":[{"e":"mary@gmail.com","type":"p"}]}', NULL, NULL, NULL, NULL, NULL, 1, NULL, NULL, NULL, NULL, 1, NULL, NULL, NULL, NULL, NULL, NULL, NULL, 1, NULL, NULL, '{"aboutme":"I have worked virtually with great success for the past 7 years. My specialties are training, setting up processes and procedures, technical writing and working with reports. Other skills include presentation,word processing, working with spreadsheets\\/workbooks, customer service via web chats and emails (no phone work).","certificateVal":""}', NULL, NULL, '', '', 0, 1, 1, 1, 1, 1, NULL, NULL, 0, 0, 0, 0, 0, 0, 0, 0, NULL, 0, 0, 0, 0, 0, 0, 0, 0, 0, 1, 1, 1, 1, '', '2014-05-06 04:03:50', '2014-05-09 05:29:17', NULL, 'a', '1316', 1, NULL, NULL, b'1', NULL, NULL, 'web', '0.00', '0.00', '0.00', '0.00', 0, 0, '0.00', '0.00', '0.00', 0),
(319, NULL, NULL, 0, 'g', 'sp', 0, '0NjL6rxRHi', NULL, NULL, 'vidya', 'vidya.bhushan01', 'bhushan', 'a22ed9cf60d4f0b6fb68f89e2c3e22be', NULL, NULL, NULL, NULL, NULL, '', NULL, NULL, 1, NULL, 1, NULL, 1, '', 1, NULL, '{"emails":[{"e":"vidya@gmail.com","type":"p"}]}', NULL, NULL, NULL, NULL, NULL, 1, NULL, NULL, NULL, NULL, 1, NULL, NULL, NULL, NULL, NULL, NULL, NULL, 1, NULL, NULL, '{"aboutme":"","certificateVal":""}', NULL, NULL, '', '', 0, 1, 1, 1, 1, 1, NULL, NULL, 0, 0, 0, 0, 0, 0, 0, 0, NULL, 0, 0, 0, 0, 0, 0, 0, 0, 0, 1, 1, 1, 1, '', '2014-05-06 04:04:07', '2014-05-09 12:44:23', NULL, 'a', '7891', 1, NULL, NULL, b'1', NULL, NULL, 'web', '0.00', '0.00', '0.00', '0.00', 0, 0, '0.00', '0.00', '0.00', 0),
(320, NULL, NULL, 0, 'g', 'r', 1, 'Drdcle9m1z', NULL, NULL, '', '', '', '1218124dfc3909b2c2202454453dd535', NULL, NULL, NULL, NULL, NULL, '', NULL, NULL, 1, NULL, 1, NULL, 1, '', 1, NULL, '{"emails":[{"e":"john@gmail.com","type":"p"}]}', NULL, NULL, NULL, NULL, NULL, 1, NULL, NULL, NULL, NULL, 1, NULL, NULL, NULL, NULL, NULL, NULL, NULL, 1, NULL, NULL, NULL, NULL, NULL, '', '', 0, 1, 1, 1, 1, 1, NULL, NULL, 0, 0, 0, 0, 0, 0, 0, 0, NULL, 0, 0, 0, 0, 0, 0, 0, 0, 0, 1, 1, 1, 1, '', '2014-05-06 04:04:30', NULL, NULL, 'a', '3434', 1, NULL, NULL, b'1', NULL, NULL, 'web', '0.00', '0.00', '0.00', '0.00', 0, 0, '0.00', '0.00', '0.00', 0),
(321, NULL, NULL, 0, 'g', 'r', 1, 'QArJH0EAgR', NULL, NULL, '', '', '', '1218124dfc3909b2c2202454453dd535', NULL, NULL, NULL, NULL, NULL, '', NULL, NULL, 1, NULL, 1, NULL, 1, '', 1, NULL, '{"emails":[{"e":"parker@gmail.com","type":"p"}]}', NULL, NULL, NULL, NULL, NULL, 1, NULL, NULL, NULL, NULL, 1, NULL, NULL, NULL, NULL, NULL, NULL, NULL, 1, NULL, NULL, NULL, NULL, NULL, '', '', 0, 1, 1, 1, 1, 1, NULL, NULL, 0, 0, 0, 0, 0, 0, 0, 0, NULL, 0, 0, 0, 0, 0, 0, 0, 0, 0, 1, 1, 1, 1, '', '2014-05-06 04:04:44', NULL, NULL, 'a', '6465', 1, NULL, NULL, b'1', NULL, NULL, 'web', '0.00', '0.00', '0.00', '0.00', 0, 0, '0.00', '0.00', '0.00', 0),
(322, NULL, NULL, 0, 'g', 'r', 1, 'oNh5fw7kwO', NULL, NULL, '', '', '', '1218124dfc3909b2c2202454453dd535', NULL, NULL, NULL, NULL, NULL, '', NULL, NULL, 1, NULL, 1, NULL, 1, '', 1, NULL, '{"emails":[{"e":"pake@gmail.com","type":"p"}]}', NULL, NULL, NULL, NULL, NULL, 1, NULL, NULL, NULL, NULL, 1, NULL, NULL, NULL, NULL, NULL, NULL, NULL, 1, NULL, NULL, NULL, NULL, NULL, '', '', 0, 1, 1, 1, 1, 1, NULL, NULL, 0, 0, 0, 0, 0, 0, 0, 0, NULL, 0, 0, 0, 0, 0, 0, 0, 0, 0, 1, 1, 1, 1, '', '2014-05-06 04:04:58', NULL, NULL, 'a', '9929', 1, NULL, NULL, b'1', NULL, NULL, 'web', '0.00', '0.00', '0.00', '0.00', 0, 0, '0.00', '0.00', '0.00', 0),
(323, NULL, NULL, 0, 'g', 'r', 1, '7trLxa6pZi', NULL, NULL, '', '', '', '1218124dfc3909b2c2202454453dd535', NULL, NULL, NULL, NULL, NULL, '', NULL, NULL, 1, NULL, 1, NULL, 1, '', 1, NULL, '{"emails":[{"e":"alice@gmail.com","type":"p"}]}', NULL, NULL, NULL, NULL, NULL, 1, NULL, NULL, NULL, NULL, 1, NULL, NULL, NULL, NULL, NULL, NULL, NULL, 1, NULL, NULL, NULL, NULL, NULL, '', '', 0, 1, 1, 1, 1, 1, NULL, NULL, 0, 0, 0, 0, 0, 0, 0, 0, NULL, 0, 0, 0, 0, 0, 0, 0, 0, 0, 1, 1, 1, 1, '', '2014-05-06 04:08:44', NULL, NULL, 'a', '9855', 1, NULL, NULL, b'1', NULL, NULL, 'web', '0.00', '0.00', '0.00', '0.00', 0, 0, '0.00', '0.00', '0.00', 0),
(324, NULL, NULL, 1, 'a', 'r', 0, NULL, 'F', NULL, 'archana', 'archanakp', 'kashyap', '1218124dfc3909b2c2202454453dd535', NULL, NULL, NULL, NULL, NULL, '', NULL, NULL, 1, NULL, 1, NULL, 1, '', 1, NULL, '{"emails":[{"e":"archanakp@aryavratinfotech.com","type":"p"}],"phs":[{"p":"9509595840","type":"p"}]}', NULL, NULL, NULL, NULL, NULL, 1, NULL, NULL, NULL, NULL, 1, NULL, NULL, NULL, NULL, NULL, NULL, NULL, 1, NULL, NULL, NULL, NULL, NULL, '', '', 0, 1, 1, 1, 1, 1, NULL, NULL, 0, 0, 0, 0, 0, 0, 0, 0, NULL, 0, 0, 0, 0, 0, 0, 0, 0, 0, 1, 1, 1, 1, '', '2014-05-08 11:55:42', NULL, NULL, 'a', NULL, 1, NULL, NULL, b'1', NULL, NULL, 'web', '0.00', '0.00', '0.00', '0.00', 0, 0, '0.00', '0.00', '0.00', 0),
(325, '1', 8, 0, 'a', 'r', 0, NULL, 'M', NULL, 'virendra', 'virendra', 'yadav', '1218124dfc3909b2c2202454453dd535', NULL, NULL, NULL, NULL, NULL, '', NULL, NULL, 1, NULL, 1, NULL, 1, '', 1, NULL, '{"emails":[{"e":"virendra@admin.com","type":"p"}],"phs":[{"p":"123456789","type":"p"}]}', NULL, NULL, NULL, NULL, NULL, 1, NULL, NULL, NULL, NULL, 1, NULL, NULL, NULL, NULL, NULL, NULL, NULL, 1, NULL, NULL, NULL, NULL, NULL, '', '', 0, 1, 1, 1, 1, 1, NULL, NULL, 0, 0, 0, 0, 0, 0, 0, 0, NULL, 0, 0, 0, 0, 0, 0, 0, 0, 0, 1, 1, 1, 1, '', '2014-05-14 13:16:29', NULL, NULL, 'a', NULL, 1, NULL, NULL, b'1', NULL, NULL, 'web', '0.00', '0.00', '0.00', '0.00', 0, 0, '0.00', '0.00', '0.00', 0),
(326, NULL, NULL, 0, 'g', 'r', 1, NULL, NULL, NULL, 'archana', 'archanakp', 'kashyap', '1218124dfc3909b2c2202454453dd535', NULL, NULL, NULL, NULL, NULL, '', NULL, NULL, 1, NULL, 1, NULL, 1, '', 1, NULL, '', NULL, NULL, NULL, NULL, NULL, 1, NULL, NULL, NULL, NULL, 1, NULL, NULL, NULL, NULL, NULL, NULL, NULL, 1, NULL, NULL, NULL, NULL, NULL, '', '', 0, 1, 1, 1, 1, 1, NULL, NULL, 0, 0, 0, 0, 0, 0, 0, 0, NULL, 0, 0, 0, 0, 0, 0, 0, 0, 0, 1, 1, 1, 1, '', '2014-05-17 04:19:25', NULL, NULL, 'a', NULL, 1, NULL, NULL, b'1', NULL, NULL, 'web', '0.00', '0.00', '0.00', '0.00', 0, 0, '0.00', '0.00', '0.00', 0),
(327, '4,2,11', NULL, 0, 'a', 'r', 0, NULL, 'M', NULL, 'Gajendra', 'gajendra', 'Rao', '1218124dfc3909b2c2202454453dd535', NULL, NULL, NULL, NULL, NULL, '', NULL, NULL, 1, NULL, 1, NULL, 1, '', 1, NULL, '{"emails":[{"e":"gajendra@admin.com","type":"p"}],"phs":[{"p":"919639639633","type":"p"}]}', NULL, NULL, NULL, NULL, NULL, 1, NULL, NULL, NULL, NULL, 1, NULL, NULL, NULL, NULL, NULL, NULL, NULL, 1, NULL, NULL, NULL, NULL, NULL, '', '', 0, 1, 1, 1, 1, 1, NULL, NULL, 0, 0, 0, 0, 0, 0, 0, 0, NULL, 0, 0, 0, 0, 0, 0, 0, 0, 0, 1, 1, 1, 1, '', '2014-05-22 11:05:18', '2014-05-22 13:32:36', '2014-05-22 13:38:16', 'a', NULL, 1, NULL, NULL, b'1', NULL, NULL, 'web', '0.00', '0.00', '0.00', '0.00', 0, 0, '0.00', '0.00', '0.00', 0);

-- --------------------------------------------------------

--
-- Table structure for table `gc_dta_user_activity`
--

CREATE TABLE IF NOT EXISTS `gc_dta_user_activity` (
  `activity_id` bigint(20) NOT NULL AUTO_INCREMENT,
  `by_user_id` bigint(20) NOT NULL,
  `of_user_id` bigint(20) NOT NULL,
  `activity_type` varchar(20) NOT NULL COMMENT 'can be signin, signout, forgotpwd, changepwd, any feature id (searchtask, searchtasker etc)',
  `activity_subtype` varchar(100) NOT NULL COMMENT 'used to hold activity sepecific data such as searchtask under which category',
  `comments` varchar(1000) NOT NULL COMMENT 'used to hold any activity related details, if required. E.g reason for sign in error',
  `from_ip` varchar(30) DEFAULT NULL,
  `created_at` timestamp NOT NULL DEFAULT CURRENT_TIMESTAMP,
  `source_app` varchar(10) DEFAULT NULL,
  PRIMARY KEY (`activity_id`),
  KEY `gc_dta_user_activity_idx1` (`created_at`,`by_user_id`,`activity_type`),
  KEY `gc_dta_user_activity_idx2` (`by_user_id`,`activity_type`,`created_at`)
) ENGINE=MyISAM  DEFAULT CHARSET=utf8 AUTO_INCREMENT=555 ;

--
-- Dumping data for table `gc_dta_user_activity`
--

INSERT INTO `gc_dta_user_activity` (`activity_id`, `by_user_id`, `of_user_id`, `activity_type`, `activity_subtype`, `comments`, `from_ip`, `created_at`, `source_app`) VALUES
(1, 298, 0, 'register', 'register', '', NULL, '2014-05-03 05:46:15', 'web'),
(2, 298, 0, 'login', '', '', NULL, '2014-05-03 05:55:30', 'web'),
(3, 298, 0, 'profile_update', 'profile_image_change', '', NULL, '2014-05-03 05:59:15', 'web'),
(4, 298, 0, 'profile_update', 'profile_update', '', NULL, '2014-05-03 05:59:47', 'web'),
(5, 298, 0, 'profile_update', 'profile_aboutus', '', NULL, '2014-05-03 06:01:11', 'web'),
(6, 298, 0, 'logout', '', '', NULL, '2014-05-03 06:02:34', 'web'),
(7, 299, 0, 'register', 'register', '', NULL, '2014-05-03 06:07:59', 'web'),
(8, 300, 0, 'register', 'register', '', NULL, '2014-05-03 06:09:38', 'web'),
(9, 301, 0, 'register', 'register', '', NULL, '2014-05-03 06:10:31', 'web'),
(10, 302, 0, 'register', 'register', '', NULL, '2014-05-03 06:11:13', 'web'),
(11, 299, 0, 'login', '', '', NULL, '2014-05-03 06:15:27', 'web'),
(12, 299, 0, 'login', '', '', NULL, '2014-05-03 06:15:27', 'web'),
(13, 299, 0, 'profile_update', 'profile_image_change', '', NULL, '2014-05-03 06:16:42', 'web'),
(14, 299, 0, 'profile_update', 'profile_update', '', NULL, '2014-05-03 06:16:46', 'web'),
(15, 299, 0, 'logout', '', '', NULL, '2014-05-03 06:16:50', 'web'),
(16, 301, 0, 'login', '', '', NULL, '2014-05-03 06:17:05', 'web'),
(17, 301, 0, 'profile_update', 'profile_image_change', '', NULL, '2014-05-03 06:17:45', 'web'),
(18, 301, 0, 'profile_update', 'profile_update', '', NULL, '2014-05-03 06:17:47', 'web'),
(19, 301, 0, 'logout', '', '', NULL, '2014-05-03 06:17:51', 'web'),
(20, 302, 0, 'login', '', '', NULL, '2014-05-03 06:18:05', 'web'),
(21, 302, 0, 'profile_update', 'profile_image_change', '', NULL, '2014-05-03 06:18:44', 'web'),
(22, 302, 0, 'profile_update', 'profile_update', '', NULL, '2014-05-03 06:18:47', 'web'),
(23, 302, 0, 'logout', '', '', NULL, '2014-05-03 06:18:55', 'web'),
(24, 300, 0, 'login', '', '', NULL, '2014-05-03 06:20:20', 'web'),
(25, 300, 0, 'profile_update', 'profile_image_change', '', NULL, '2014-05-03 06:21:06', 'web'),
(26, 300, 0, 'profile_update', 'profile_update', '', NULL, '2014-05-03 06:21:09', 'web'),
(27, 300, 0, 'logout', '', '', NULL, '2014-05-03 06:21:12', 'web'),
(28, 303, 0, 'register', 'register', '', NULL, '2014-05-03 06:24:21', 'web'),
(29, 303, 0, 'login', '', '', NULL, '2014-05-03 06:24:37', 'web'),
(30, 303, 0, 'profile_update', 'profile_image_change', '', NULL, '2014-05-03 06:25:17', 'web'),
(31, 303, 0, 'profile_update', 'profile_update', '', NULL, '2014-05-03 06:25:28', 'web'),
(32, 303, 0, 'logout', '', '', NULL, '2014-05-03 06:25:31', 'web'),
(33, 304, 0, 'register', 'register', '', NULL, '2014-05-03 06:26:07', 'web'),
(34, 304, 0, 'login', '', '', NULL, '2014-05-03 06:26:13', 'web'),
(35, 304, 0, 'profile_update', 'profile_image_change', '', NULL, '2014-05-03 06:26:43', 'web'),
(36, 304, 0, 'profile_update', 'profile_update', '', NULL, '2014-05-03 06:26:54', 'web'),
(37, 304, 0, 'logout', '', '', NULL, '2014-05-03 06:26:59', 'web'),
(38, 305, 0, 'register', 'register', '', NULL, '2014-05-03 06:27:39', 'web'),
(39, 305, 0, 'login', '', '', NULL, '2014-05-03 06:27:48', 'web'),
(40, 305, 0, 'login', '', '', NULL, '2014-05-03 06:27:48', 'web'),
(41, 305, 0, 'profile_update', 'profile_image_change', '', NULL, '2014-05-03 06:28:14', 'web'),
(42, 305, 0, 'profile_update', 'profile_update', '', NULL, '2014-05-03 06:28:24', 'web'),
(43, 305, 0, 'logout', '', '', NULL, '2014-05-03 06:28:36', 'web'),
(44, 306, 0, 'register', 'register', '', NULL, '2014-05-03 06:29:12', 'web'),
(45, 306, 0, 'login', '', '', NULL, '2014-05-03 06:29:19', 'web'),
(46, 306, 0, 'profile_update', 'profile_image_change', '', NULL, '2014-05-03 06:29:54', 'web'),
(47, 306, 0, 'profile_update', 'profile_update', '', NULL, '2014-05-03 06:30:07', 'web'),
(48, 306, 0, 'logout', '', '', NULL, '2014-05-03 06:30:10', 'web'),
(49, 307, 0, 'register', 'register', '', NULL, '2014-05-03 06:30:45', 'web'),
(50, 307, 0, 'login', '', '', NULL, '2014-05-03 06:31:00', 'web'),
(51, 307, 0, 'profile_update', 'profile_image_change', '', NULL, '2014-05-03 06:31:25', 'web'),
(52, 307, 0, 'profile_update', 'profile_update', '', NULL, '2014-05-03 06:31:34', 'web'),
(53, 307, 0, 'logout', '', '', NULL, '2014-05-03 06:31:37', 'web'),
(54, 308, 0, 'register', 'register', '', NULL, '2014-05-03 06:31:58', 'web'),
(55, 308, 0, 'login', '', '', NULL, '2014-05-03 06:32:17', 'web'),
(56, 308, 0, 'profile_update', 'profile_image_change', '', NULL, '2014-05-03 06:32:38', 'web'),
(57, 308, 0, 'profile_update', 'profile_update', '', NULL, '2014-05-03 06:32:50', 'web'),
(58, 308, 0, 'logout', '', '', NULL, '2014-05-03 06:32:55', 'web'),
(59, 309, 0, 'register', 'register', '', NULL, '2014-05-03 06:33:17', 'web'),
(60, 309, 0, 'login', '', '', NULL, '2014-05-03 06:33:27', 'web'),
(61, 309, 0, 'profile_update', 'profile_image_change', '', NULL, '2014-05-03 06:33:49', 'web'),
(62, 309, 0, 'profile_update', 'profile_update', '', NULL, '2014-05-03 06:34:03', 'web'),
(63, 309, 0, 'logout', '', '', NULL, '2014-05-03 06:34:05', 'web'),
(64, 310, 0, 'register', 'register', '', NULL, '2014-05-03 06:34:48', 'web'),
(65, 310, 0, 'login', '', '', NULL, '2014-05-03 06:35:03', 'web'),
(66, 310, 0, 'profile_update', 'profile_image_change', '', NULL, '2014-05-03 06:35:24', 'web'),
(67, 310, 0, 'profile_update', 'profile_update', '', NULL, '2014-05-03 06:35:26', 'web'),
(68, 310, 0, 'logout', '', '', NULL, '2014-05-03 06:36:11', 'web'),
(69, 311, 0, 'register', 'register', '', NULL, '2014-05-03 06:36:38', 'web'),
(70, 311, 0, 'login', '', '', NULL, '2014-05-03 06:36:47', 'web'),
(71, 311, 0, 'profile_update', 'profile_image_change', '', NULL, '2014-05-03 06:37:08', 'web'),
(72, 311, 0, 'profile_update', 'profile_update', '', NULL, '2014-05-03 06:37:20', 'web'),
(73, 312, 0, 'register', 'register', '', NULL, '2014-05-03 06:41:52', 'web'),
(74, 312, 0, 'login', '', '', NULL, '2014-05-03 06:42:40', 'web'),
(75, 312, 0, 'profile_update', 'profile_image_change', '', NULL, '2014-05-03 06:43:05', 'web'),
(76, 311, 0, 'logout', '', '', NULL, '2014-05-03 06:43:22', 'web'),
(77, 313, 0, 'register', 'register', '', NULL, '2014-05-03 06:43:34', 'web'),
(78, 312, 0, 'profile_update', 'profile_update', '', NULL, '2014-05-03 06:43:34', 'web'),
(79, 313, 0, 'login', '', '', NULL, '2014-05-03 06:43:57', 'web'),
(80, 313, 0, 'profile_update', 'profile_image_change', '', NULL, '2014-05-03 06:44:18', 'web'),
(81, 313, 0, 'profile_update', 'profile_update', '', NULL, '2014-05-03 06:44:50', 'web'),
(82, 313, 0, 'logout', '', '', NULL, '2014-05-03 06:44:56', 'web'),
(83, 314, 0, 'register', 'register', '', NULL, '2014-05-03 06:45:15', 'web'),
(84, 314, 0, 'login', '', '', NULL, '2014-05-03 06:45:27', 'web'),
(85, 314, 0, 'profile_update', 'profile_image_change', '', NULL, '2014-05-03 06:45:52', 'web'),
(86, 312, 0, 'profile_update', 'profile_update', '', NULL, '2014-05-03 06:46:30', 'web'),
(87, 314, 0, 'profile_update', 'profile_update', '', NULL, '2014-05-03 06:46:39', 'web'),
(88, 314, 0, 'logout', '', '', NULL, '2014-05-03 06:46:52', 'web'),
(89, 315, 0, 'register', 'register', '', NULL, '2014-05-03 06:47:23', 'web'),
(90, 315, 0, 'login', '', '', NULL, '2014-05-03 06:47:34', 'web'),
(91, 315, 0, 'profile_update', 'profile_image_change', '', NULL, '2014-05-03 06:47:54', 'web'),
(92, 315, 0, 'profile_update', 'profile_update', '', NULL, '2014-05-03 06:48:09', 'web'),
(93, 315, 0, 'profile_update', 'profile_aboutus', '', NULL, '2014-05-03 06:48:29', 'web'),
(94, 315, 0, 'profile_update', 'profile_contactinfo', '', NULL, '2014-05-03 06:48:46', 'web'),
(95, 315, 0, 'profile_update', 'profile_contactinfo', '', NULL, '2014-05-03 06:54:53', 'web'),
(96, 315, 0, 'profile_update', 'profile_addressinfo', '', NULL, '2014-05-03 06:56:36', 'web'),
(97, 315, 0, 'logout', '', '', NULL, '2014-05-03 06:56:47', 'web'),
(98, 316, 0, 'register', 'register', '', NULL, '2014-05-03 06:57:16', 'web'),
(99, 316, 0, 'login', '', '', NULL, '2014-05-03 06:57:47', 'web'),
(100, 316, 0, 'login', '', '', NULL, '2014-05-03 06:57:47', 'web'),
(101, 316, 0, 'profile_update', 'profile_image_change', '', NULL, '2014-05-03 06:59:10', 'web'),
(102, 316, 0, 'profile_update', 'profile_contactinfo', '', NULL, '2014-05-03 07:00:12', 'web'),
(103, 316, 0, 'profile_update', 'profile_addressinfo', '', NULL, '2014-05-03 07:00:52', 'web'),
(104, 316, 0, 'profile_update', 'profile_aboutus', '', NULL, '2014-05-03 07:02:36', 'web'),
(105, 316, 0, 'profile_update', 'profile_setting', '', NULL, '2014-05-03 07:03:01', 'web'),
(106, 316, 0, 'profile_update', 'profile_update', '', NULL, '2014-05-03 07:03:23', 'web'),
(107, 312, 0, 'profile_update', 'profile_update', '', NULL, '2014-05-03 07:06:06', 'web'),
(108, 316, 0, 'profile_update', 'profile_delete_schedule', '', NULL, '2014-05-03 07:12:14', 'web'),
(109, 316, 0, 'logout', '', '', NULL, '2014-05-03 07:15:14', 'web'),
(110, 303, 0, 'login', '', '', NULL, '2014-05-03 07:15:23', 'web'),
(111, 312, 0, 'profile_update', 'profile_setting', '', NULL, '2014-05-03 07:20:52', 'web'),
(112, 303, 0, 'profile_update', 'profile_addressinfo', '', NULL, '2014-05-03 08:08:05', 'web'),
(113, 303, 0, 'profile_update', 'profile_aboutus', '', NULL, '2014-05-03 08:09:19', 'web'),
(114, 303, 0, 'profile_update', 'profile_setting', '', NULL, '2014-05-03 08:09:35', 'web'),
(115, 303, 0, 'profile_update', 'profile_setting', '', NULL, '2014-05-03 08:09:50', 'web'),
(116, 312, 0, 'profile_update', 'profile_setting', '', NULL, '2014-05-03 08:21:45', 'web'),
(117, 312, 0, 'login', '', '', NULL, '2014-05-03 08:24:37', 'web'),
(118, 312, 0, 'profile_update', 'profile_update_paypal_account', '', NULL, '2014-05-03 08:26:36', 'web'),
(119, 312, 0, 'profile_update', 'profile_account_preference', '', NULL, '2014-05-03 08:28:59', 'web'),
(120, 303, 0, 'logout', '', '', NULL, '2014-05-03 08:30:53', 'web'),
(121, 304, 0, 'login', '', '', NULL, '2014-05-03 08:31:11', 'web'),
(122, 304, 0, 'profile_update', 'profile_aboutus', '', NULL, '2014-05-03 08:33:23', 'web'),
(123, 304, 0, 'profile_update', 'profile_account_update', '', NULL, '2014-05-03 08:39:44', 'web'),
(124, 312, 0, 'profile_update', 'profile_account_update', '', NULL, '2014-05-03 08:39:50', 'web'),
(125, 304, 0, 'profile_update', 'profile_contactinfo', '', NULL, '2014-05-03 08:40:02', 'web'),
(126, 312, 0, 'profile_update', 'profile_update_paypal_account', '', NULL, '2014-05-03 08:40:06', 'web'),
(127, 304, 0, 'profile_update', 'profile_addressinfo', '', NULL, '2014-05-03 08:40:54', 'web'),
(128, 312, 0, 'profile_update', 'profile_update', '', NULL, '2014-05-03 08:44:40', 'web'),
(129, 312, 0, 'profile_update', 'profile_aboutus', '', NULL, '2014-05-03 08:50:25', 'web'),
(130, 312, 0, 'profile_update', 'profile_account_update', '', NULL, '2014-05-03 08:51:15', 'web'),
(131, 304, 0, 'logout', '', '', NULL, '2014-05-03 09:18:56', 'web'),
(132, 305, 0, 'login', '', '', NULL, '2014-05-03 09:23:03', 'web'),
(133, 305, 0, 'profile_update', 'profile_addressinfo', '', NULL, '2014-05-03 09:24:04', 'web'),
(134, 305, 0, 'logout', '', '', NULL, '2014-05-03 09:26:28', 'web'),
(135, 306, 0, 'login', '', '', NULL, '2014-05-03 09:26:47', 'web'),
(136, 306, 0, 'profile_update', 'profile_addressinfo', '', NULL, '2014-05-03 09:27:17', 'web'),
(137, 312, 0, 'profile_update', 'profile_update', '', NULL, '2014-05-03 09:46:03', 'web'),
(138, 306, 0, 'logout', '', '', NULL, '2014-05-03 10:14:40', 'web'),
(139, 307, 0, 'login', '', '', NULL, '2014-05-03 10:15:11', 'web'),
(140, 307, 0, 'profile_update', 'profile_addressinfo', '', NULL, '2014-05-03 10:16:08', 'web'),
(141, 307, 0, 'logout', '', '', NULL, '2014-05-03 10:50:39', 'web'),
(142, 298, 0, 'login', '', '', NULL, '2014-05-03 10:50:55', 'web'),
(143, 298, 0, 'login', '', '', NULL, '2014-05-05 03:50:23', 'web'),
(144, 298, 0, 'login', '', '', NULL, '2014-05-05 04:08:24', 'web'),
(145, 298, 0, 'profile_update', 'profile_addressinfo', '', NULL, '2014-05-05 04:15:37', 'web'),
(146, 298, 0, 'logout', '', '', NULL, '2014-05-05 04:16:30', 'web'),
(147, 317, 0, 'register', 'register', '', NULL, '2014-05-05 04:17:37', 'web'),
(148, 317, 0, 'login', '', '', NULL, '2014-05-05 04:21:18', 'web'),
(149, 317, 0, 'profile_update', 'profile_addressinfo', '', NULL, '2014-05-05 04:22:41', 'web'),
(150, 317, 0, 'profile_update', 'profile_image_change', '', NULL, '2014-05-05 04:23:09', 'web'),
(151, 317, 0, 'profile_update', 'profile_update', '', NULL, '2014-05-05 04:23:56', 'web'),
(152, 317, 0, 'bookmark', 'bookmark_task', '', NULL, '2014-05-05 04:33:15', 'web'),
(153, 317, 0, 'logout', '', '', NULL, '2014-05-05 05:24:35', 'web'),
(154, 317, 0, 'login', '', '', NULL, '2014-05-05 05:25:24', 'web'),
(155, 317, 0, 'logout', '', '', NULL, '2014-05-05 06:08:52', 'web'),
(156, 298, 0, 'login', '', '', NULL, '2014-05-05 06:09:34', 'web'),
(157, 298, 0, 'logout', '', '', NULL, '2014-05-05 06:15:01', 'web'),
(158, 299, 0, 'login', '', '', NULL, '2014-05-05 06:15:15', 'web'),
(159, 299, 0, 'logout', '', '', NULL, '2014-05-05 06:26:24', 'web'),
(160, 301, 0, 'login', '', '', NULL, '2014-05-05 06:26:40', 'web'),
(161, 301, 0, 'logout', '', '', NULL, '2014-05-05 06:33:06', 'web'),
(162, 317, 0, 'login', '', '', NULL, '2014-05-05 06:35:02', 'web'),
(163, 317, 0, 'bookmark', 'bookmark_task', '', NULL, '2014-05-05 06:41:15', 'web'),
(164, 317, 0, 'bookmark', 'bookmark_task', '', NULL, '2014-05-05 06:41:28', 'web'),
(165, 317, 0, 'bookmark', 'bookmark_task', '', NULL, '2014-05-05 06:41:41', 'web'),
(166, 317, 0, 'bookmark', 'bookmark_task', '', NULL, '2014-05-05 06:42:04', 'web'),
(167, 317, 0, 'logout', '', '', NULL, '2014-05-05 07:13:32', 'web'),
(168, 298, 0, 'login', '', '', NULL, '2014-05-05 07:13:56', 'web'),
(169, 298, 0, 'logout', '', '', NULL, '2014-05-05 07:17:06', 'web'),
(170, 317, 0, 'login', '', '', NULL, '2014-05-05 07:17:42', 'web'),
(171, 317, 0, 'logout', '', '', NULL, '2014-05-05 07:18:03', 'web'),
(172, 298, 0, 'login', '', '', NULL, '2014-05-05 07:18:18', 'web'),
(173, 298, 0, 'bookmark', 'bookmark_task', '', NULL, '2014-05-05 07:19:02', 'web'),
(174, 298, 0, 'bookmark', 'bookmark_task', '', NULL, '2014-05-05 07:24:30', 'web'),
(175, 298, 0, 'logout', '', '', NULL, '2014-05-05 08:13:16', 'web'),
(176, 317, 0, 'login', '', '', NULL, '2014-05-05 08:13:49', 'web'),
(177, 298, 0, 'bookmark', 'bookmark_task', '', NULL, '2014-05-05 08:20:16', 'web'),
(178, 317, 0, 'login', '', '', NULL, '2014-05-05 09:00:50', 'web'),
(179, 307, 0, 'login', '', '', NULL, '2014-05-05 09:13:41', 'web'),
(180, 317, 0, 'logout', '', '', NULL, '2014-05-05 09:25:40', 'web'),
(181, 298, 0, 'login', '', '', NULL, '2014-05-05 09:25:53', 'web'),
(182, 317, 0, 'login', '', '', NULL, '2014-05-05 10:31:14', 'web'),
(183, 303, 0, 'login', '', '', NULL, '2014-05-05 10:54:10', 'web'),
(184, 303, 0, 'logout', '', '', NULL, '2014-05-05 10:55:05', 'web'),
(185, 302, 0, 'login', '', '', NULL, '2014-05-05 10:55:21', 'web'),
(186, 302, 0, 'logout', '', '', NULL, '2014-05-05 10:55:29', 'web'),
(187, 317, 0, 'login', '', '', NULL, '2014-05-05 10:55:52', 'web'),
(188, 317, 0, 'logout', '', '', NULL, '2014-05-05 10:56:35', 'web'),
(189, 317, 0, 'login', '', '', NULL, '2014-05-05 10:56:46', 'web'),
(190, 307, 0, 'login', '', '', NULL, '2014-05-05 10:59:01', 'web'),
(191, 307, 0, 'logout', '', '', NULL, '2014-05-05 11:00:23', 'web'),
(192, 317, 0, 'login', '', '', NULL, '2014-05-05 11:00:57', 'web'),
(193, 317, 0, 'logout', '', '', NULL, '2014-05-05 11:01:09', 'web'),
(194, 298, 0, 'login', '', '', NULL, '2014-05-05 11:01:25', 'web'),
(195, 317, 0, 'logout', '', '', NULL, '2014-05-05 11:38:05', 'web'),
(196, 298, 0, 'login', '', '', NULL, '2014-05-05 11:39:21', 'web'),
(197, 298, 0, 'logout', '', '', NULL, '2014-05-05 11:39:49', 'web'),
(198, 299, 0, 'login', '', '', NULL, '2014-05-05 11:40:02', 'web'),
(199, 299, 0, 'logout', '', '', NULL, '2014-05-05 11:40:25', 'web'),
(200, 298, 0, 'login', '', '', NULL, '2014-05-05 11:40:33', 'web'),
(201, 298, 0, 'logout', '', '', NULL, '2014-05-05 11:40:42', 'web'),
(202, 299, 0, 'login', '', '', NULL, '2014-05-05 11:40:54', 'web'),
(203, 299, 0, 'profile_update', 'profile_addressinfo', '', NULL, '2014-05-05 11:49:02', 'web'),
(204, 298, 0, 'logout', '', '', NULL, '2014-05-05 12:12:46', 'web'),
(205, 301, 0, 'login', '', '', NULL, '2014-05-05 12:13:00', 'web'),
(206, 301, 0, 'logout', '', '', NULL, '2014-05-05 12:17:36', 'web'),
(207, 302, 0, 'login', '', '', NULL, '2014-05-05 12:17:58', 'web'),
(208, 302, 0, 'logout', '', '', NULL, '2014-05-05 12:21:17', 'web'),
(209, 300, 0, 'login', '', '', NULL, '2014-05-05 12:21:32', 'web'),
(210, 300, 0, 'logout', '', '', NULL, '2014-05-05 12:23:51', 'web'),
(211, 299, 0, 'login', '', '', NULL, '2014-05-05 12:26:24', 'web'),
(212, 298, 0, 'logout', '', '', NULL, '2014-05-05 12:28:46', 'web'),
(213, 299, 0, 'login', '', '', NULL, '2014-05-05 12:29:01', 'web'),
(214, 299, 0, 'logout', '', '', NULL, '2014-05-05 12:38:23', 'web'),
(215, 298, 0, 'login', '', '', NULL, '2014-05-05 12:38:41', 'web'),
(216, 298, 0, 'logout', '', '', NULL, '2014-05-05 12:43:04', 'web'),
(217, 303, 0, 'login', '', '', NULL, '2014-05-05 12:43:23', 'web'),
(218, 303, 0, 'logout', '', '', NULL, '2014-05-05 12:47:07', 'web'),
(219, 299, 0, 'login', '', '', NULL, '2014-05-05 12:47:56', 'web'),
(220, 299, 0, 'logout', '', '', NULL, '2014-05-05 12:48:45', 'web'),
(221, 298, 0, 'login', '', '', NULL, '2014-05-05 12:49:06', 'web'),
(222, 298, 0, 'logout', '', '', NULL, '2014-05-05 12:59:55', 'web'),
(223, 299, 0, 'logout', '', '', NULL, '2014-05-05 13:56:50', 'web'),
(224, 316, 0, 'login', '', '', NULL, '2014-05-05 13:57:01', 'web'),
(225, 316, 0, 'profile_update', 'profile_aboutus', '', NULL, '2014-05-05 13:58:05', 'web'),
(226, 316, 0, 'profile_update', 'profile_aboutus', '', NULL, '2014-05-05 13:58:27', 'web'),
(227, 316, 0, 'profile_update', 'profile_aboutus', '', NULL, '2014-05-05 13:59:57', 'web'),
(228, 316, 0, 'profile_update', 'profile_aboutus', '', NULL, '2014-05-05 14:01:38', 'web'),
(229, 316, 0, 'profile_update', 'profile_aboutus', '', NULL, '2014-05-05 14:05:46', 'web'),
(230, 316, 0, 'login', '', '', NULL, '2014-05-06 03:44:19', 'web'),
(231, 317, 0, 'login', '', '', NULL, '2014-05-06 03:49:18', 'web'),
(232, 316, 0, 'logout', '', '', NULL, '2014-05-06 03:58:49', 'web'),
(233, 299, 0, 'login', '', '', NULL, '2014-05-06 03:59:20', 'web'),
(234, 318, 0, 'register', 'register', '', NULL, '2014-05-06 04:03:50', 'web'),
(235, 319, 0, 'register', 'register', '', NULL, '2014-05-06 04:04:07', 'web'),
(236, 320, 0, 'register', 'register', '', NULL, '2014-05-06 04:04:31', 'web'),
(237, 321, 0, 'register', 'register', '', NULL, '2014-05-06 04:04:45', 'web'),
(238, 322, 0, 'register', 'register', '', NULL, '2014-05-06 04:04:58', 'web'),
(239, 323, 0, 'register', 'register', '', NULL, '2014-05-06 04:08:44', 'web'),
(240, 312, 0, 'login', '', '', NULL, '2014-05-06 04:09:59', 'web'),
(241, 312, 0, 'login', '', '', NULL, '2014-05-06 04:09:59', 'web'),
(242, 312, 0, 'profile_update', 'profile_update', '', NULL, '2014-05-06 04:11:12', 'web'),
(243, 312, 0, 'profile_update', 'profile_update', '', NULL, '2014-05-06 04:11:15', 'web'),
(244, 312, 0, 'profile_update', 'profile_contactinfo', '', NULL, '2014-05-06 04:11:27', 'web'),
(245, 312, 0, 'profile_update', 'profile_addressinfo', '', NULL, '2014-05-06 04:13:24', 'web'),
(246, 312, 0, 'profile_update', 'profile_account_update', '', NULL, '2014-05-06 04:14:36', 'web'),
(247, 312, 0, 'profile_update', 'profile_update_paypal_account', '', NULL, '2014-05-06 04:14:49', 'web'),
(248, 312, 0, 'profile_update', 'profile_aboutus', '', NULL, '2014-05-06 04:27:42', 'web'),
(249, 299, 0, 'logout', '', '', NULL, '2014-05-06 04:49:09', 'web'),
(250, 298, 0, 'login', '', '', NULL, '2014-05-06 04:49:36', 'web'),
(251, 312, 0, 'profile_update', 'profile_image_change', '', NULL, '2014-05-06 04:55:03', 'web'),
(252, 312, 0, 'profile_update', 'profile_update', '', NULL, '2014-05-06 04:55:07', 'web'),
(253, 312, 0, 'logout', '', '', NULL, '2014-05-06 04:55:12', 'web'),
(254, 301, 0, 'login', '', '', NULL, '2014-05-06 04:56:05', 'web'),
(255, 301, 0, 'profile_update', 'profile_contactinfo', '', NULL, '2014-05-06 04:57:13', 'web'),
(256, 301, 0, 'profile_update', 'profile_addressinfo', '', NULL, '2014-05-06 04:58:16', 'web'),
(257, 301, 0, 'profile_update', 'profile_aboutus', '', NULL, '2014-05-06 05:01:36', 'web'),
(258, 301, 0, 'logout', '', '', NULL, '2014-05-06 05:11:08', 'web'),
(259, 304, 0, 'login', '', '', NULL, '2014-05-06 05:12:04', 'web'),
(260, 304, 0, 'logout', '', '', NULL, '2014-05-06 05:19:41', 'web'),
(261, 313, 0, 'login', '', '', NULL, '2014-05-06 05:20:25', 'web'),
(262, 313, 0, 'profile_update', 'profile_update', '', NULL, '2014-05-06 05:21:10', 'web'),
(263, 313, 0, 'profile_update', 'profile_contactinfo', '', NULL, '2014-05-06 05:21:44', 'web'),
(264, 313, 0, 'profile_update', 'profile_addressinfo', '', NULL, '2014-05-06 05:23:09', 'web'),
(265, 313, 0, 'profile_update', 'profile_aboutus', '', NULL, '2014-05-06 05:26:26', 'web'),
(266, 317, 0, 'bookmark', 'bookmark_task', '', NULL, '2014-05-06 05:31:59', 'web'),
(267, 313, 0, 'logout', '', '', NULL, '2014-05-06 05:34:39', 'web'),
(268, 316, 0, 'login', '', '', NULL, '2014-05-06 05:35:02', 'web'),
(269, 316, 0, 'logout', '', '', NULL, '2014-05-06 05:45:45', 'web'),
(270, 314, 0, 'login', '', '', NULL, '2014-05-06 05:55:11', 'web'),
(271, 317, 0, 'bookmark', 'bookmark_task', '', NULL, '2014-05-06 06:02:28', 'web'),
(272, 317, 0, 'bookmark', 'bookmark_task', '', NULL, '2014-05-06 06:50:56', 'web'),
(273, 317, 0, 'bookmark', 'bookmark_task', '', NULL, '2014-05-06 06:51:00', 'web'),
(274, 314, 0, 'profile_update', 'profile_contactinfo', '', NULL, '2014-05-06 07:10:11', 'web'),
(275, 314, 0, 'profile_update', 'profile_addressinfo', '', NULL, '2014-05-06 07:11:53', 'web'),
(276, 317, 0, 'profile_update', 'profile_contactinfo', '', NULL, '2014-05-06 07:13:01', 'web'),
(277, 317, 0, 'profile_update', 'profile_contactinfo', '', NULL, '2014-05-06 07:13:09', 'web'),
(278, 317, 0, 'profile_update', 'profile_addressinfo', '', NULL, '2014-05-06 07:13:19', 'web'),
(279, 317, 0, 'logout', '', '', NULL, '2014-05-06 08:31:34', 'web'),
(280, 317, 0, 'login', '', '', NULL, '2014-05-06 08:41:08', 'web'),
(281, 317, 0, 'logout', '', '', NULL, '2014-05-06 08:41:42', 'web'),
(282, 298, 0, 'logout', '', '', NULL, '2014-05-06 08:43:35', 'web'),
(283, 298, 0, 'login', '', '', NULL, '2014-05-06 09:22:36', 'web'),
(284, 298, 0, 'logout', '', '', NULL, '2014-05-06 09:23:41', 'web'),
(285, 299, 0, 'login', '', '', NULL, '2014-05-06 09:23:50', 'web'),
(286, 299, 0, 'profile_update', 'profile_aboutus', '', NULL, '2014-05-06 09:42:04', 'web'),
(287, 317, 0, 'login', '', '', NULL, '2014-05-06 09:53:54', 'web'),
(288, 317, 0, 'login', '', '', NULL, '2014-05-06 09:59:34', 'web'),
(289, 317, 0, 'logout', '', '', NULL, '2014-05-06 10:13:03', 'web'),
(290, 299, 0, 'login', '', '', NULL, '2014-05-06 10:13:14', 'web'),
(291, 299, 0, 'logout', '', '', NULL, '2014-05-06 10:14:18', 'web'),
(292, 316, 0, 'login', '', '', NULL, '2014-05-06 10:14:30', 'web'),
(293, 316, 0, 'login', '', '', NULL, '2014-05-06 10:19:24', 'web'),
(294, 316, 0, 'logout', '', '', NULL, '2014-05-06 10:21:32', 'web'),
(295, 304, 0, 'login', '', '', NULL, '2014-05-06 10:22:33', 'web'),
(296, 304, 0, 'logout', '', '', NULL, '2014-05-06 10:28:31', 'web'),
(297, 304, 0, 'login', '', '', NULL, '2014-05-06 10:31:45', 'web'),
(298, 299, 0, 'logout', '', '', NULL, '2014-05-06 12:01:20', 'web'),
(299, 299, 0, 'login', '', '', NULL, '2014-05-06 12:19:25', 'web'),
(300, 299, 0, 'logout', '', '', NULL, '2014-05-06 12:20:46', 'web'),
(301, 316, 0, 'logout', '', '', NULL, '2014-05-06 13:00:01', 'web'),
(302, 299, 0, 'login', '', '', NULL, '2014-05-06 13:10:48', 'web'),
(303, 299, 0, 'login', '', '', NULL, '2014-05-08 09:10:04', 'web'),
(304, 316, 0, 'login', '', '', NULL, '2014-05-08 09:27:18', 'web'),
(305, 316, 0, 'login', '', '', NULL, '2014-05-08 10:00:08', 'web'),
(306, 316, 0, 'login', '', '', NULL, '2014-05-08 10:00:08', 'web'),
(307, 303, 0, 'login', '', '', NULL, '2014-05-08 13:30:08', 'web'),
(308, 303, 0, 'login', '', '', NULL, '2014-05-08 13:30:09', 'web'),
(309, 303, 0, 'login', '', '', NULL, '2014-05-09 03:59:47', 'web'),
(310, 317, 0, 'login', '', '', NULL, '2014-05-09 05:33:05', 'web'),
(311, 317, 0, 'logout', '', '', NULL, '2014-05-09 05:33:43', 'web'),
(312, 299, 0, 'login', '', '', NULL, '2014-05-09 05:33:53', 'web'),
(313, 299, 0, 'logout', '', '', NULL, '2014-05-09 05:33:59', 'web'),
(314, 298, 0, 'login', '', '', NULL, '2014-05-09 05:34:07', 'web'),
(315, 298, 0, 'logout', '', '', NULL, '2014-05-09 05:34:12', 'web'),
(316, 316, 0, 'login', '', '', NULL, '2014-05-09 05:34:28', 'web'),
(317, 316, 0, 'login', '', '', NULL, '2014-05-09 11:23:40', 'web'),
(318, 316, 0, 'login', '', '', NULL, '2014-05-12 10:23:41', 'web'),
(319, 316, 0, 'login', '', '', NULL, '2014-05-12 10:24:20', 'web'),
(320, 316, 0, 'logout', '', '', NULL, '2014-05-12 11:09:14', 'web'),
(321, 316, 0, 'logout', '', '', NULL, '2014-05-12 11:09:46', 'web'),
(322, 316, 0, 'login', '', '', NULL, '2014-05-12 11:29:26', 'web'),
(323, 316, 0, 'login', '', '', NULL, '2014-05-13 04:02:56', 'web'),
(324, 316, 0, 'profile_update', 'profile_image_change', '', NULL, '2014-05-13 04:27:21', 'web'),
(325, 316, 0, 'profile_update', 'profile_video_change', '', NULL, '2014-05-13 04:28:46', 'web'),
(326, 316, 0, 'bookmark', 'bookmark_task', '', NULL, '2014-05-13 04:42:47', 'web'),
(327, 316, 0, 'bookmark', 'bookmark_task', '', NULL, '2014-05-13 04:42:50', 'web'),
(328, 316, 0, 'bookmark', 'bookmark_task', '', NULL, '2014-05-13 04:42:51', 'web'),
(329, 316, 0, 'profile_update', 'profile_update', '', NULL, '2014-05-13 04:50:25', 'web'),
(330, 316, 0, 'profile_update', 'profile_update', '', NULL, '2014-05-13 04:50:54', 'web'),
(331, 316, 0, 'login', '', '', NULL, '2014-05-13 05:50:06', 'web'),
(332, 316, 0, 'logout', '', '', NULL, '2014-05-13 06:07:37', 'web'),
(333, 1, 0, 'login', '', '', NULL, '2014-05-13 06:25:42', 'web'),
(334, 1, 0, 'logout', '', '', NULL, '2014-05-13 06:40:27', 'web'),
(335, 1, 0, 'login', '', '', NULL, '2014-05-13 06:42:24', 'web'),
(336, 1, 0, 'login', '', '', NULL, '2014-05-13 06:44:38', 'web'),
(337, 317, 0, 'logout', '', '', NULL, '2014-05-13 07:04:17', 'web'),
(338, 1, 0, 'login', '', '', NULL, '2014-05-13 07:04:23', 'web'),
(339, 1, 0, 'logout', '', '', NULL, '2014-05-13 08:45:06', 'web'),
(340, 1, 0, 'login', '', '', NULL, '2014-05-13 08:45:17', 'web'),
(341, 316, 0, 'logout', '', '', NULL, '2014-05-13 08:49:06', 'web'),
(342, 1, 0, 'login', '', '', NULL, '2014-05-13 08:49:12', 'web'),
(343, 316, 0, 'logout', '', '', NULL, '2014-05-13 10:53:42', 'web'),
(344, 1, 0, 'login', '', '', NULL, '2014-05-13 10:53:50', 'web'),
(345, 317, 0, 'logout', '', '', NULL, '2014-05-13 11:12:22', 'web'),
(346, 316, 0, 'login', '', '', NULL, '2014-05-13 11:12:31', 'web'),
(347, 316, 0, 'logout', '', '', NULL, '2014-05-13 11:12:42', 'web'),
(348, 1, 0, 'login', '', '', NULL, '2014-05-13 11:12:48', 'web'),
(349, 316, 0, 'login', '', '', NULL, '2014-05-14 03:49:32', 'web'),
(350, 316, 0, 'login', '', '', NULL, '2014-05-14 04:01:10', 'web'),
(351, 316, 0, 'logout', '', '', NULL, '2014-05-14 08:31:26', 'web'),
(352, 307, 0, 'login', '', '', NULL, '2014-05-14 11:08:08', 'web'),
(353, 307, 0, 'logout', '', '', NULL, '2014-05-14 11:08:18', 'web'),
(354, 307, 0, 'login', '', '', NULL, '2014-05-14 11:18:49', 'web'),
(355, 307, 0, 'logout', '', '', NULL, '2014-05-14 11:19:15', 'web'),
(356, 307, 0, 'login', '', '', NULL, '2014-05-14 11:22:23', 'web'),
(357, 307, 0, 'logout', '', '', NULL, '2014-05-14 11:22:26', 'web'),
(358, 1, 0, 'login', '', '', NULL, '2014-05-14 11:27:53', 'web'),
(359, 316, 0, 'login', '', '', NULL, '2014-05-14 12:17:27', 'web'),
(360, 325, 0, 'login', '', '', NULL, '2014-05-14 13:27:45', 'web'),
(361, 1, 0, 'login', '', '', NULL, '2014-05-14 13:47:01', 'web'),
(362, 325, 0, 'logout', '', '', NULL, '2014-05-14 13:49:34', 'web'),
(363, 1, 0, 'login', '', '', NULL, '2014-05-14 13:49:38', 'web'),
(364, 1, 0, 'logout', '', '', NULL, '2014-05-14 13:49:41', 'web'),
(365, 325, 0, 'login', '', '', NULL, '2014-05-14 13:50:03', 'web'),
(366, 1, 0, 'logout', '', '', NULL, '2014-05-14 13:51:08', 'web'),
(367, 325, 0, 'login', '', '', NULL, '2014-05-14 13:51:27', 'web'),
(368, 325, 0, 'login', '', '', NULL, '2014-05-15 05:01:25', 'web'),
(369, 325, 0, 'logout', '', '', NULL, '2014-05-15 05:03:22', 'web'),
(370, 325, 0, 'login', '', '', NULL, '2014-05-15 05:03:43', 'web'),
(371, 325, 0, 'logout', '', '', NULL, '2014-05-15 05:13:04', 'web'),
(372, 325, 0, 'login', '', '', NULL, '2014-05-15 05:14:14', 'web'),
(373, 324, 0, 'login', '', '', NULL, '2014-05-15 05:18:19', 'web'),
(374, 325, 0, 'login', '', '', NULL, '2014-05-15 05:25:34', 'web'),
(375, 325, 0, 'logout', '', '', NULL, '2014-05-15 05:28:24', 'web'),
(376, 325, 0, 'login', '', '', NULL, '2014-05-15 05:28:29', 'web'),
(377, 324, 0, 'logout', '', '', NULL, '2014-05-15 05:28:51', 'web'),
(378, 1, 0, 'login', '', '', NULL, '2014-05-15 05:28:54', 'web'),
(379, 1, 0, 'logout', '', '', NULL, '2014-05-15 05:28:57', 'web'),
(380, 324, 0, 'login', '', '', NULL, '2014-05-15 05:29:45', 'web'),
(381, 324, 0, 'logout', '', '', NULL, '2014-05-15 08:19:06', 'web'),
(382, 316, 0, 'login', '', '', NULL, '2014-05-15 08:19:21', 'web'),
(383, 303, 0, 'login', '', '', NULL, '2014-05-15 08:32:12', 'web'),
(384, 316, 0, 'login', '', '', NULL, '2014-05-15 12:05:41', 'web'),
(385, 316, 0, 'login', '', '', NULL, '2014-05-16 03:53:55', 'web'),
(386, 316, 0, 'login', '', '', NULL, '2014-05-16 04:44:18', 'web'),
(387, 316, 0, 'login', '', '', NULL, '2014-05-16 11:30:09', 'web'),
(388, 325, 0, 'login', '', '', NULL, '2014-05-16 11:43:20', 'web'),
(389, 316, 0, 'logout', '', '', NULL, '2014-05-16 11:46:42', 'web'),
(390, 325, 0, 'logout', '', '', NULL, '2014-05-16 11:47:54', 'web'),
(391, 325, 0, 'login', '', '', NULL, '2014-05-16 11:48:35', 'web'),
(392, 325, 0, 'logout', '', '', NULL, '2014-05-16 11:48:52', 'web'),
(393, 325, 0, 'login', '', '', NULL, '2014-05-16 11:49:10', 'web'),
(394, 325, 0, 'login', '', '', NULL, '2014-05-16 11:49:19', 'web'),
(395, 325, 0, 'logout', '', '', NULL, '2014-05-16 11:51:53', 'web'),
(396, 325, 0, 'login', '', '', NULL, '2014-05-16 11:52:13', 'web'),
(397, 325, 0, 'login', '', '', NULL, '2014-05-16 11:53:56', 'web'),
(398, 316, 0, 'login', '', '', NULL, '2014-05-16 13:06:14', 'web'),
(399, 325, 0, 'login', '', '', NULL, '2014-05-16 14:20:17', 'web'),
(400, 325, 0, 'logout', '', '', NULL, '2014-05-16 14:21:44', 'web'),
(401, 316, 0, 'login', '', '', NULL, '2014-05-16 14:23:54', 'web'),
(402, 316, 0, 'login', '', '', NULL, '2014-05-17 04:44:11', 'web'),
(403, 316, 0, 'login', '', '', NULL, '2014-05-17 13:53:09', 'web'),
(404, 316, 0, 'login', '', '', NULL, '2014-05-17 13:55:03', 'web'),
(405, 316, 0, 'login', '', '', NULL, '2014-05-17 14:07:50', 'web'),
(406, 316, 0, 'login', '', '', NULL, '2014-05-19 03:32:54', 'web'),
(407, 316, 0, 'login', '', '', NULL, '2014-05-19 05:00:37', 'web'),
(408, 316, 0, 'login', '', '', NULL, '2014-05-19 05:03:38', 'web'),
(409, 316, 0, 'login', '', '', NULL, '2014-05-19 07:17:24', 'web'),
(410, 316, 0, 'login', '', '', NULL, '2014-05-19 09:46:36', 'web'),
(411, 316, 0, 'login', '', '', NULL, '2014-05-19 10:00:29', 'web'),
(412, 316, 0, 'logout', '', '', NULL, '2014-05-19 11:31:32', 'web'),
(413, 298, 0, 'login', '', '', NULL, '2014-05-19 11:32:22', 'web'),
(414, 316, 0, 'login', '', '', NULL, '2014-05-19 12:47:04', 'web'),
(415, 316, 0, 'logout', '', '', NULL, '2014-05-19 13:38:23', 'web'),
(416, 316, 0, 'login', '', '', NULL, '2014-05-20 03:43:28', 'web'),
(417, 316, 0, 'login', '', '', NULL, '2014-05-20 04:04:37', 'web'),
(418, 316, 0, 'login', '', '', NULL, '2014-05-20 04:12:42', 'web'),
(419, 316, 0, 'login', '', '', NULL, '2014-05-20 04:29:50', 'web'),
(420, 316, 0, 'login', '', '', NULL, '2014-05-20 06:44:53', 'web'),
(421, 303, 0, 'login', '', '', NULL, '2014-05-20 07:00:52', 'web'),
(422, 303, 0, 'profile_update', 'profile_aboutus', '', NULL, '2014-05-20 07:04:51', 'web'),
(423, 303, 0, 'logout', '', '', NULL, '2014-05-20 07:22:49', 'web'),
(424, 302, 0, 'login', '', '', NULL, '2014-05-20 07:22:58', 'web'),
(425, 302, 0, 'profile_update', 'profile_aboutus', '', NULL, '2014-05-20 07:24:25', 'web'),
(426, 299, 0, 'login', '', '', NULL, '2014-05-20 07:27:51', 'web'),
(427, 299, 0, 'logout', '', '', NULL, '2014-05-20 09:42:56', 'web'),
(428, 316, 0, 'login', '', '', NULL, '2014-05-20 10:17:15', 'web'),
(429, 316, 0, 'login', '', '', NULL, '2014-05-20 10:21:05', 'web'),
(430, 316, 0, 'login', '', '', NULL, '2014-05-20 10:39:30', 'web'),
(431, 316, 0, 'login', '', '', NULL, '2014-05-20 10:40:36', 'web'),
(432, 1, 317, 'suspend', '', 'test suspend here...', NULL, '2014-05-20 12:04:51', NULL),
(433, 316, 0, 'login', '', '', NULL, '2014-05-20 12:04:57', 'web'),
(434, 316, 0, 'login', '', '', NULL, '2014-05-20 12:14:42', 'web'),
(435, 316, 0, 'login', '', '', NULL, '2014-05-20 13:50:47', 'web'),
(436, 316, 0, 'login', '', '', NULL, '2014-05-20 14:27:47', 'web'),
(437, 299, 0, 'login', '', '', NULL, '2014-05-20 14:45:56', 'web'),
(438, 299, 0, 'login', '', '', NULL, '2014-05-20 14:45:56', 'web'),
(439, 316, 0, 'login', '', '', NULL, '2014-05-21 03:28:23', 'web'),
(440, 316, 0, 'login', '', '', NULL, '2014-05-21 03:45:54', 'web'),
(441, 316, 0, 'logout', '', '', NULL, '2014-05-21 03:47:53', 'web'),
(442, 316, 0, 'login', '', '', NULL, '2014-05-21 05:29:34', 'web'),
(443, 299, 0, 'login', '', '', NULL, '2014-05-21 05:39:06', 'web'),
(444, 316, 0, 'profile_update', 'profile_account_update', '', NULL, '2014-05-21 06:00:15', 'web'),
(445, 316, 0, 'profile_update', 'profile_account_preference', '', NULL, '2014-05-21 06:01:08', 'web'),
(446, 316, 0, 'profile_update', 'profile_account_update', '', NULL, '2014-05-21 06:01:15', 'web'),
(447, 316, 0, 'profile_update', 'profile_account_update', '', NULL, '2014-05-21 06:02:16', 'web'),
(448, 316, 0, 'profile_update', 'profile_account_update', '', NULL, '2014-05-21 06:02:37', 'web'),
(449, 299, 0, 'logout', '', '', NULL, '2014-05-21 06:13:24', 'web'),
(450, 316, 0, 'login', '', '', NULL, '2014-05-21 07:49:20', 'web'),
(451, 316, 0, 'login', '', '', NULL, '2014-05-21 09:16:56', 'web'),
(452, 299, 0, 'login', '', '', NULL, '2014-05-21 09:22:35', 'web'),
(453, 316, 0, 'login', '', '', NULL, '2014-05-21 10:58:25', 'web'),
(454, 316, 0, 'login', '', '', NULL, '2014-05-21 12:51:28', 'web'),
(455, 316, 0, 'login', '', '', NULL, '2014-05-21 13:08:35', 'web'),
(456, 316, 0, 'login', '', '', NULL, '2014-05-21 13:08:45', 'web'),
(457, 299, 0, 'login', '', '', NULL, '2014-05-21 16:42:45', 'web'),
(458, 316, 0, 'login', '', '', NULL, '2014-05-22 04:04:48', 'web'),
(459, 316, 0, 'login', '', '', NULL, '2014-05-22 04:10:40', 'web'),
(460, 316, 0, 'login', '', '', NULL, '2014-05-22 04:12:26', 'web'),
(461, 316, 0, 'login', '', '', NULL, '2014-05-22 04:13:04', 'web'),
(462, 316, 0, 'login', '', '', NULL, '2014-05-22 04:36:30', 'web'),
(463, 316, 0, 'profile_update', 'profile_account_update', '', NULL, '2014-05-22 06:52:07', 'web'),
(464, 316, 0, 'profile_update', 'profile_account_update', '', NULL, '2014-05-22 06:53:24', 'web'),
(465, 316, 0, 'profile_update', 'profile_account_update', '', NULL, '2014-05-22 06:58:16', 'web'),
(466, 316, 0, 'profile_update', 'profile_account_update', '', NULL, '2014-05-22 07:12:31', 'web'),
(467, 316, 0, 'profile_update', 'profile_account_update', '', NULL, '2014-05-22 07:14:25', 'web'),
(468, 316, 0, 'profile_update', 'profile_account_update', '', NULL, '2014-05-22 07:19:40', 'web'),
(469, 316, 0, 'profile_update', 'profile_account_update', '', NULL, '2014-05-22 07:20:01', 'web'),
(470, 316, 0, 'profile_update', 'profile_account_update', '', NULL, '2014-05-22 07:22:47', 'web'),
(471, 316, 0, 'profile_update', 'profile_account_update', '', NULL, '2014-05-22 07:27:42', 'web'),
(472, 316, 0, 'profile_update', 'profile_account_update', '', NULL, '2014-05-22 08:21:36', 'web'),
(473, 316, 0, 'profile_update', 'profile_account_update', '', NULL, '2014-05-22 08:22:17', 'web'),
(474, 316, 0, 'profile_update', 'profile_account_update', '', NULL, '2014-05-22 08:32:09', 'web'),
(475, 316, 0, 'profile_update', 'profile_account_update', '', NULL, '2014-05-22 08:33:48', 'web'),
(476, 299, 0, 'login', '', '', NULL, '2014-05-22 09:40:26', 'web'),
(477, 316, 0, 'profile_update', 'profile_contactinfo', '', NULL, '2014-05-22 09:50:37', 'web'),
(478, 316, 0, 'profile_update', 'profile_contactinfo', '', NULL, '2014-05-22 09:50:45', 'web'),
(479, 316, 0, 'login', '', '', NULL, '2014-05-22 12:47:28', 'web'),
(480, 316, 0, 'login', '', '', NULL, '2014-05-22 12:47:29', 'web'),
(481, 316, 0, 'login', '', '', NULL, '2014-05-22 12:47:39', 'web'),
(482, 316, 0, 'login', '', '', NULL, '2014-05-23 03:47:14', 'web'),
(483, 316, 0, 'login', '', '', NULL, '2014-05-23 03:49:44', 'web'),
(484, 316, 0, 'logout', '', '', NULL, '2014-05-23 04:13:15', 'web'),
(485, 316, 0, 'login', '', '', NULL, '2014-05-23 04:13:22', 'web'),
(486, 316, 0, 'login', '', '', NULL, '2014-05-23 04:43:49', 'web'),
(487, 316, 0, 'logout', '', '', NULL, '2014-05-23 04:48:10', 'web'),
(488, 316, 0, 'login', '', '', NULL, '2014-05-23 05:19:25', 'web'),
(489, 316, 0, 'logout', '', '', NULL, '2014-05-23 05:29:42', 'web'),
(490, 316, 0, 'login', '', '', NULL, '2014-05-23 05:35:56', 'web'),
(491, 316, 0, 'login', '', '', NULL, '2014-05-23 05:35:56', 'web'),
(492, 316, 0, 'login', '', '', NULL, '2014-05-23 05:41:40', 'web'),
(493, 316, 0, 'login', '', '', NULL, '2014-05-23 06:53:55', 'web'),
(494, 316, 0, 'login', '', '', NULL, '2014-05-23 06:53:55', 'web'),
(495, 299, 0, 'profile_update', 'profile_contactinfo', '', NULL, '2014-05-23 07:15:09', 'web'),
(496, 299, 0, 'profile_update', 'profile_contactinfo', '', NULL, '2014-05-23 07:15:13', 'web'),
(497, 314, 0, 'login', '', '', NULL, '2014-05-23 09:15:10', 'web'),
(498, 314, 0, 'login', '', '', NULL, '2014-05-23 09:15:47', 'web'),
(499, 316, 0, 'login', '', '', NULL, '2014-05-23 09:48:03', 'web'),
(500, 316, 0, 'login', '', '', NULL, '2014-05-23 09:48:59', 'web'),
(501, 314, 0, 'logout', '', '', NULL, '2014-05-23 10:28:33', 'web'),
(502, 316, 0, 'login', '', '', NULL, '2014-05-23 10:31:00', 'web'),
(503, 299, 0, 'logout', '', '', NULL, '2014-05-23 10:31:37', 'web'),
(504, 299, 0, 'login', '', '', NULL, '2014-05-23 10:31:49', 'web'),
(505, 299, 0, 'logout', '', '', NULL, '2014-05-23 10:31:52', 'web'),
(506, 299, 0, 'login', '', '', NULL, '2014-05-23 10:32:05', 'web'),
(507, 299, 0, 'logout', '', '', NULL, '2014-05-23 10:32:08', 'web'),
(508, 299, 0, 'login', '', '', NULL, '2014-05-23 10:32:15', 'web'),
(509, 299, 0, 'logout', '', '', NULL, '2014-05-23 10:32:18', 'web'),
(510, 299, 0, 'login', '', '', NULL, '2014-05-23 10:32:26', 'web'),
(511, 299, 0, 'logout', '', '', NULL, '2014-05-23 10:35:33', 'web'),
(512, 299, 0, 'login', '', '', NULL, '2014-05-23 10:37:18', 'web'),
(513, 299, 0, 'logout', '', '', NULL, '2014-05-23 10:37:30', 'web'),
(514, 299, 0, 'login', '', '', NULL, '2014-05-23 10:38:43', 'web'),
(515, 299, 0, 'logout', '', '', NULL, '2014-05-23 10:38:53', 'web'),
(516, 299, 0, 'login', '', '', NULL, '2014-05-23 10:39:32', 'web'),
(517, 299, 0, 'logout', '', '', NULL, '2014-05-23 10:39:44', 'web'),
(518, 299, 0, 'login', '', '', NULL, '2014-05-23 10:40:42', 'web'),
(519, 299, 0, 'logout', '', '', NULL, '2014-05-23 10:40:54', 'web'),
(520, 299, 0, 'login', '', '', NULL, '2014-05-23 10:41:04', 'web'),
(521, 299, 0, 'login', '', '', NULL, '2014-05-23 10:41:46', 'web'),
(522, 299, 0, 'login', '', '', NULL, '2014-05-23 10:42:43', 'web'),
(523, 299, 0, 'login', '', '', NULL, '2014-05-23 10:43:18', 'web'),
(524, 299, 0, 'login', '', '', NULL, '2014-05-23 10:44:26', 'web'),
(525, 299, 0, 'logout', '', '', NULL, '2014-05-23 10:44:41', 'web'),
(526, 299, 0, 'login', '', '', NULL, '2014-05-23 10:51:00', 'web'),
(527, 316, 0, 'logout', '', '', NULL, '2014-05-23 10:55:26', 'web'),
(528, 299, 0, 'login', '', '', NULL, '2014-05-23 10:58:26', 'web'),
(529, 299, 0, 'logout', '', '', NULL, '2014-05-23 10:59:42', 'web'),
(530, 299, 0, 'login', '', '', NULL, '2014-05-23 11:00:01', 'web'),
(531, 299, 0, 'logout', '', '', NULL, '2014-05-23 11:00:26', 'web'),
(532, 299, 0, 'login', '', '', NULL, '2014-05-23 11:00:40', 'web'),
(533, 299, 0, 'logout', '', '', NULL, '2014-05-23 11:01:17', 'web'),
(534, 316, 0, 'login', '', '', NULL, '2014-05-23 11:03:44', 'web'),
(535, 316, 0, 'logout', '', '', NULL, '2014-05-23 11:07:57', 'web'),
(536, 316, 0, 'login', '', '', NULL, '2014-05-23 11:08:08', 'web'),
(537, 316, 0, 'logout', '', '', NULL, '2014-05-23 11:09:02', 'web'),
(538, 316, 0, 'login', '', '', NULL, '2014-05-23 11:10:35', 'web'),
(539, 316, 0, 'logout', '', '', NULL, '2014-05-23 11:11:17', 'web'),
(540, 327, 0, 'login', '', '', NULL, '2014-05-23 11:12:18', 'web'),
(541, 327, 0, 'logout', '', '', NULL, '2014-05-23 11:13:06', 'web'),
(542, 316, 0, 'login', '', '', NULL, '2014-05-23 11:24:56', 'web'),
(543, 316, 0, 'logout', '', '', NULL, '2014-05-23 11:25:00', 'web'),
(544, 327, 0, 'login', '', '', NULL, '2014-05-23 11:25:13', 'web'),
(545, 327, 0, 'logout', '', '', NULL, '2014-05-23 11:27:05', 'web'),
(546, 327, 0, 'login', '', '', NULL, '2014-05-23 11:27:45', 'web'),
(547, 316, 0, 'logout', '', '', NULL, '2014-05-23 11:33:55', 'web'),
(548, 321, 0, 'logout', '', '', NULL, '2014-05-23 11:35:25', 'web'),
(549, 327, 0, 'login', '', '', NULL, '2014-05-23 11:39:10', 'web'),
(550, 327, 0, 'logout', '', '', NULL, '2014-05-23 11:39:45', 'web'),
(551, 327, 0, 'login', '', '', NULL, '2014-05-23 11:39:53', 'web'),
(552, 316, 0, 'login', '', '', NULL, '2014-05-23 12:10:09', 'web'),
(553, 316, 0, 'logout', '', '', NULL, '2014-05-23 12:33:04', 'web'),
(554, 316, 0, 'login', '', '', NULL, '2014-05-23 13:18:53', 'web');

-- --------------------------------------------------------

--
-- Table structure for table `gc_dta_user_alert`
--

CREATE TABLE IF NOT EXISTS `gc_dta_user_alert` (
  `alert_id` bigint(20) NOT NULL AUTO_INCREMENT,
  `alert_type` varchar(20) NOT NULL,
  `alert_desc` varchar(100) DEFAULT NULL COMMENT 'if required to set description of an alert, otherwise, based on alert_type, desc can be generated',
  `for_user_id` bigint(20) NOT NULL COMMENT 'alter is for which user',
  `by_user_id` bigint(20) DEFAULT NULL COMMENT 'alert caused by some user like viewed for_user_id profile  ',
  `task_tasker_id` bigint(20) DEFAULT NULL COMMENT 'can be available, if alert is related to task such as bid received, task invitation, task allocation, task_rejection, profile viewed by etc',
  `is_seen` tinyint(1) NOT NULL DEFAULT '0' COMMENT 'false means ''for_user_id'' has not seen the alert yet',
  `seen_at` timestamp NULL DEFAULT NULL COMMENT 'when ''for_user_id'' has seen the alert?',
  `seen_from_source_app` varchar(10) DEFAULT NULL COMMENT 'from where ''for_user_id'' has seen it',
  `created_at` timestamp NOT NULL DEFAULT CURRENT_TIMESTAMP,
  `created_by` bigint(20) NOT NULL,
  `updated_at` datetime DEFAULT NULL,
  `updated_by` bigint(20) DEFAULT NULL,
  `source_app` varchar(10) DEFAULT NULL,
  `status` char(1) DEFAULT 'a',
  PRIMARY KEY (`alert_id`),
  KEY `gc_dta_user_alert_idx1` (`for_user_id`,`alert_type`,`is_seen`),
  KEY `gc_dta_user_alert_idx2` (`for_user_id`,`is_seen`,`alert_type`),
  KEY `fk_by_user_id` (`by_user_id`),
  KEY `fk_created_by` (`created_by`),
  KEY `fk_updated_by` (`updated_by`),
  KEY `gc_dta_user_alert_foruserid_isseen` (`for_user_id`,`is_seen`)
) ENGINE=InnoDB  DEFAULT CHARSET=utf8 AUTO_INCREMENT=372 ;

--
-- Dumping data for table `gc_dta_user_alert`
--

INSERT INTO `gc_dta_user_alert` (`alert_id`, `alert_type`, `alert_desc`, `for_user_id`, `by_user_id`, `task_tasker_id`, `is_seen`, `seen_at`, `seen_from_source_app`, `created_at`, `created_by`, `updated_at`, `updated_by`, `source_app`, `status`) VALUES
(1, 'instant', 'tasker_invited', 303, 304, 1, 1, '2014-05-08 13:30:32', 'web', '2014-05-03 09:04:15', 304, NULL, NULL, 'web', 'a'),
(2, 'instant', 'tasker_invited', 303, 304, 2, 1, '2014-05-08 13:30:32', 'web', '2014-05-03 09:06:52', 304, NULL, NULL, 'web', 'a'),
(3, 'inperson', 'tasker_invited', 303, 305, 3, 0, NULL, NULL, '2014-05-03 09:25:43', 305, NULL, NULL, 'web', 'a'),
(4, 'inperson', 'tasker_invited', 303, 305, 3, 0, NULL, NULL, '2014-05-03 09:25:52', 305, NULL, NULL, 'web', 'a'),
(5, 'inperson', 'task_edited', 303, 305, 3, 0, NULL, NULL, '2014-05-03 09:26:16', 305, NULL, NULL, 'web', 'a'),
(6, 'inperson', 'tasker_invited', 303, 306, 5, 0, NULL, NULL, '2014-05-03 09:33:06', 306, NULL, NULL, 'web', 'a'),
(7, 'inperson', 'tasker_invited', 305, 306, 6, 0, NULL, NULL, '2014-05-03 09:33:10', 306, NULL, NULL, 'web', 'a'),
(8, 'instant', 'tasker_invited', 303, 306, 7, 1, '2014-05-08 13:30:32', 'web', '2014-05-03 09:41:39', 306, NULL, NULL, 'web', 'a'),
(9, 'instant', 'tasker_invited', 305, 306, 8, 0, NULL, NULL, '2014-05-03 09:41:42', 306, NULL, NULL, 'web', 'a'),
(10, 'inperson', 'tasker_invited', 303, 306, 9, 0, NULL, NULL, '2014-05-03 09:50:50', 306, NULL, NULL, 'web', 'a'),
(11, 'inperson', 'tasker_invited', 305, 306, 10, 0, NULL, NULL, '2014-05-03 09:50:50', 306, NULL, NULL, 'web', 'a'),
(12, 'inperson', 'tasker_invited', 303, 306, 11, 0, NULL, NULL, '2014-05-03 10:13:12', 306, NULL, NULL, 'web', 'a'),
(13, 'inperson', 'tasker_invited', 305, 306, 12, 0, NULL, NULL, '2014-05-03 10:13:12', 306, NULL, NULL, 'web', 'a'),
(14, 'inperson', 'tasker_invited', 303, 306, 13, 0, NULL, NULL, '2014-05-03 10:14:25', 306, NULL, NULL, 'web', 'a'),
(15, 'inperson', 'tasker_invited', 305, 306, 14, 0, NULL, NULL, '2014-05-03 10:14:29', 306, NULL, NULL, 'web', 'a'),
(16, 'instant', 'tasker_invited', 303, 307, 15, 1, '2014-05-08 13:30:34', 'web', '2014-05-03 10:17:44', 307, NULL, NULL, 'web', 'a'),
(17, 'instant', 'tasker_invited', 305, 307, 16, 0, NULL, NULL, '2014-05-03 10:17:45', 307, NULL, NULL, 'web', 'a'),
(18, 'instant', 'tasker_invited', 306, 307, 17, 0, NULL, NULL, '2014-05-03 10:17:48', 307, NULL, NULL, 'web', 'a'),
(19, 'instant', 'tasker_invited', 303, 307, 18, 1, '2014-05-08 13:30:35', 'web', '2014-05-03 10:18:58', 307, NULL, NULL, 'web', 'a'),
(20, 'instant', 'tasker_invited', 305, 307, 19, 0, NULL, NULL, '2014-05-03 10:18:59', 307, NULL, NULL, 'web', 'a'),
(21, 'instant', 'tasker_invited', 306, 307, 20, 0, NULL, NULL, '2014-05-03 10:18:59', 307, NULL, NULL, 'web', 'a'),
(22, 'instant', 'tasker_invited', 303, 307, 21, 1, '2014-05-08 13:30:36', 'web', '2014-05-03 10:23:06', 307, NULL, NULL, 'web', 'a'),
(23, 'instant', 'tasker_invited', 305, 307, 22, 0, NULL, NULL, '2014-05-03 10:23:06', 307, NULL, NULL, 'web', 'a'),
(24, 'instant', 'tasker_invited', 306, 307, 23, 0, NULL, NULL, '2014-05-03 10:23:07', 307, NULL, NULL, 'web', 'a'),
(25, 'virtual', 'proposal_created', 303, 298, 24, 0, NULL, NULL, '2014-05-03 10:54:07', 298, NULL, NULL, 'web', 'a'),
(26, 'instant', 'proposal_created', 307, 317, 25, 0, NULL, NULL, '2014-05-05 04:41:18', 317, NULL, NULL, 'web', 'a'),
(27, 'instant', 'proposal_created', 307, 317, 26, 0, NULL, NULL, '2014-05-05 04:41:32', 317, NULL, NULL, 'web', 'a'),
(28, 'instant', 'proposal_created', 307, 317, 27, 0, NULL, NULL, '2014-05-05 05:07:09', 317, NULL, NULL, 'web', 'a'),
(29, 'instant', 'proposal_created', 307, 317, 28, 0, NULL, NULL, '2014-05-05 05:27:56', 317, NULL, NULL, 'web', 'a'),
(30, 'instant', 'proposal_created', 307, 317, 29, 0, NULL, NULL, '2014-05-05 05:52:43', 317, NULL, NULL, 'web', 'a'),
(31, 'instant', 'proposal_created', 307, 317, 30, 0, NULL, NULL, '2014-05-05 05:53:13', 317, NULL, NULL, 'web', 'a'),
(32, 'instant', 'proposal_created', 307, 317, 31, 0, NULL, NULL, '2014-05-05 06:02:08', 317, NULL, NULL, 'web', 'a'),
(33, 'instant', 'proposal_created', 307, 317, 32, 0, NULL, NULL, '2014-05-05 06:05:25', 317, NULL, NULL, 'web', 'a'),
(34, 'instant', 'proposal_created', 307, 317, 33, 0, NULL, NULL, '2014-05-05 06:08:23', 317, NULL, NULL, 'web', 'a'),
(35, 'virtual', 'proposal_created', 317, 298, 34, 1, '2014-05-06 04:36:04', 'web', '2014-05-05 06:12:18', 298, NULL, NULL, 'web', 'a'),
(36, 'instant', 'proposal_created', 307, 298, 35, 0, NULL, NULL, '2014-05-05 06:13:41', 298, NULL, NULL, 'web', 'a'),
(37, 'instant', 'proposal_created', 307, 298, 36, 0, NULL, NULL, '2014-05-05 06:14:31', 298, NULL, NULL, 'web', 'a'),
(38, 'virtual', 'proposal_created', 317, 299, 37, 1, '2014-05-06 04:36:14', 'web', '2014-05-05 06:22:29', 299, NULL, NULL, 'web', 'a'),
(39, 'instant', 'proposal_created', 307, 299, 38, 0, NULL, NULL, '2014-05-05 06:23:39', 299, NULL, NULL, 'web', 'a'),
(40, 'instant', 'proposal_created', 307, 299, 39, 0, NULL, NULL, '2014-05-05 06:24:57', 299, NULL, NULL, 'web', 'a'),
(41, 'instant', 'proposal_created', 307, 299, 40, 0, NULL, NULL, '2014-05-05 06:26:12', 299, NULL, NULL, 'web', 'a'),
(42, 'virtual', 'proposal_created', 317, 301, 41, 1, '2014-05-06 04:36:15', 'web', '2014-05-05 06:29:07', 301, NULL, NULL, 'web', 'a'),
(43, 'instant', 'proposal_created', 307, 301, 42, 0, NULL, NULL, '2014-05-05 06:30:48', 301, NULL, NULL, 'web', 'a'),
(44, 'instant', 'proposal_created', 307, 301, 43, 0, NULL, NULL, '2014-05-05 06:32:45', 301, NULL, NULL, 'web', 'a'),
(45, 'inperson', 'tasker_invited', 303, 317, 44, 0, NULL, NULL, '2014-05-05 06:46:18', 317, NULL, NULL, 'web', 'a'),
(46, 'inperson', 'tasker_invited', 306, 317, 45, 0, NULL, NULL, '2014-05-05 06:46:21', 317, NULL, NULL, 'web', 'a'),
(47, 'inperson', 'tasker_invited', 307, 317, 46, 0, NULL, NULL, '2014-05-05 06:46:21', 317, NULL, NULL, 'web', 'a'),
(48, 'virtual', 'proposal_accepted', 301, 317, 41, 1, '2014-05-06 05:04:58', 'web', '2014-05-05 06:46:58', 317, NULL, NULL, 'web', 'a'),
(49, 'virtual', 'proposal_accepted', 299, 317, 37, 1, '2014-05-20 23:59:16', 'web', '2014-05-05 06:47:01', 317, NULL, NULL, 'web', 'a'),
(50, 'instant', 'tasker_invited', 303, 317, 47, 1, '2014-05-08 13:30:35', 'web', '2014-05-05 06:49:30', 317, NULL, NULL, 'web', 'a'),
(51, 'instant', 'tasker_invited', 305, 317, 48, 0, NULL, NULL, '2014-05-05 06:49:30', 317, NULL, NULL, 'web', 'a'),
(52, 'instant', 'tasker_invited', 306, 317, 49, 0, NULL, NULL, '2014-05-05 06:49:31', 317, NULL, NULL, 'web', 'a'),
(53, 'instant', 'tasker_invited', 307, 317, 50, 0, NULL, NULL, '2014-05-05 06:49:33', 317, NULL, NULL, 'web', 'a'),
(54, 'virtual', 'proposal_created', 304, 317, 51, 1, '2014-05-06 10:27:58', 'web', '2014-05-05 09:10:41', 317, NULL, NULL, 'web', 'a'),
(55, 'virtual', 'proposal_created', 304, 317, 52, 1, '2014-05-06 10:27:58', 'web', '2014-05-05 09:11:21', 317, NULL, NULL, 'web', 'a'),
(56, 'instant', 'proposal_accepted', 301, 307, 42, 1, '2014-05-06 05:04:55', 'web', '2014-05-05 09:14:18', 307, NULL, NULL, 'web', 'a'),
(57, 'instant', 'proposal_accepted', 299, 307, 38, 1, '2014-05-20 14:46:54', 'web', '2014-05-05 09:14:22', 307, NULL, NULL, 'web', 'a'),
(58, 'instant', 'proposal_accepted', 298, 307, 35, 0, NULL, NULL, '2014-05-05 09:15:29', 307, NULL, NULL, 'web', 'a'),
(59, 'instant', 'proposal_accepted', 298, 307, 36, 0, NULL, NULL, '2014-05-05 09:15:40', 307, NULL, NULL, 'web', 'a'),
(60, 'instant', 'proposal_accepted', 299, 307, 39, 1, '2014-05-20 14:46:55', 'web', '2014-05-05 09:15:42', 307, NULL, NULL, 'web', 'a'),
(61, 'instant', 'proposal_accepted', 301, 307, 43, 1, '2014-05-06 05:04:47', 'web', '2014-05-05 09:15:42', 307, NULL, NULL, 'web', 'a'),
(62, 'instant', 'proposal_accepted', 317, 307, 32, 1, '2014-05-06 04:20:20', 'web', '2014-05-05 09:15:56', 307, NULL, NULL, 'web', 'a'),
(63, 'inperson', 'tasker_invited', 303, 307, 53, 0, NULL, NULL, '2014-05-05 09:17:59', 307, NULL, NULL, 'web', 'a'),
(64, 'inperson', 'tasker_invited', 305, 307, 54, 0, NULL, NULL, '2014-05-05 09:17:59', 307, NULL, NULL, 'web', 'a'),
(65, 'inperson', 'tasker_invited', 306, 307, 55, 0, NULL, NULL, '2014-05-05 09:17:59', 307, NULL, NULL, 'web', 'a'),
(66, 'inperson', 'tasker_invited', 303, 307, 53, 0, NULL, NULL, '2014-05-05 09:19:06', 307, NULL, NULL, 'web', 'a'),
(67, 'inperson', 'tasker_invited', 305, 307, 54, 0, NULL, NULL, '2014-05-05 09:19:06', 307, NULL, NULL, 'web', 'a'),
(68, 'inperson', 'tasker_invited', 306, 307, 55, 0, NULL, NULL, '2014-05-05 09:19:06', 307, NULL, NULL, 'web', 'a'),
(69, 'virtual', 'proposal_created', 317, 307, 56, 1, '2014-05-06 04:36:15', 'web', '2014-05-05 09:22:28', 307, NULL, NULL, 'web', 'a'),
(70, 'virtual', 'task_canceled', 307, 317, 56, 0, NULL, NULL, '2014-05-05 09:22:59', 317, NULL, NULL, 'web', 'a'),
(71, 'virtual', 'proposal_created', 317, 298, 57, 1, '2014-05-06 04:36:15', 'web', '2014-05-05 09:30:01', 298, NULL, NULL, 'web', 'a'),
(72, 'instant', 'tasker_invited', 303, 298, 58, 1, '2014-05-09 06:01:29', 'web', '2014-05-05 11:26:35', 298, NULL, NULL, 'web', 'a'),
(73, 'instant', 'tasker_invited', 305, 298, 59, 0, NULL, NULL, '2014-05-05 11:26:35', 298, NULL, NULL, 'web', 'a'),
(74, 'instant', 'tasker_invited', 306, 298, 60, 0, NULL, NULL, '2014-05-05 11:26:36', 298, NULL, NULL, 'web', 'a'),
(75, 'instant', 'tasker_invited', 307, 298, 61, 0, NULL, NULL, '2014-05-05 11:26:36', 298, NULL, NULL, 'web', 'a'),
(76, 'inperson', 'tasker_invited', 303, 299, 62, 0, NULL, NULL, '2014-05-05 11:52:27', 299, NULL, NULL, 'web', 'a'),
(77, 'inperson', 'tasker_invited', 305, 299, 63, 0, NULL, NULL, '2014-05-05 11:52:29', 299, NULL, NULL, 'web', 'a'),
(78, 'inperson', 'tasker_invited', 306, 299, 64, 0, NULL, NULL, '2014-05-05 11:52:31', 299, NULL, NULL, 'web', 'a'),
(79, 'inperson', 'tasker_invited', 307, 299, 65, 0, NULL, NULL, '2014-05-05 11:52:32', 299, NULL, NULL, 'web', 'a'),
(80, 'instant', 'tasker_invited', 303, 299, 66, 1, '2014-05-09 06:01:29', 'web', '2014-05-05 11:53:58', 299, NULL, NULL, 'web', 'a'),
(81, 'instant', 'tasker_invited', 305, 299, 67, 0, NULL, NULL, '2014-05-05 11:53:58', 299, NULL, NULL, 'web', 'a'),
(82, 'instant', 'tasker_invited', 306, 299, 68, 0, NULL, NULL, '2014-05-05 11:53:58', 299, NULL, NULL, 'web', 'a'),
(83, 'instant', 'tasker_invited', 307, 299, 69, 0, NULL, NULL, '2014-05-05 11:53:58', 299, NULL, NULL, 'web', 'a'),
(84, 'virtual', 'proposal_created', 299, 298, 70, 1, '2014-05-21 09:23:15', 'web', '2014-05-05 11:56:36', 298, NULL, NULL, 'web', 'a'),
(85, 'virtual', 'proposal_created', 299, 298, 71, 1, '2014-05-20 23:59:16', 'web', '2014-05-05 12:00:06', 298, NULL, NULL, 'web', 'a'),
(86, 'virtual', 'proposal_created', 299, 298, 72, 1, '2014-05-20 23:59:16', 'web', '2014-05-05 12:02:34', 298, NULL, NULL, 'web', 'a'),
(87, 'inperson', 'task_canceled', 307, 299, 65, 0, NULL, NULL, '2014-05-05 12:03:21', 299, NULL, NULL, 'web', 'a'),
(88, 'inperson', 'task_canceled', 306, 299, 64, 0, NULL, NULL, '2014-05-05 12:03:21', 299, NULL, NULL, 'web', 'a'),
(89, 'inperson', 'task_canceled', 305, 299, 63, 0, NULL, NULL, '2014-05-05 12:03:21', 299, NULL, NULL, 'web', 'a'),
(90, 'inperson', 'task_canceled', 303, 299, 62, 0, NULL, NULL, '2014-05-05 12:03:21', 299, NULL, NULL, 'web', 'a'),
(91, 'instant', 'task_canceled', 307, 299, 69, 0, NULL, NULL, '2014-05-05 12:03:25', 299, NULL, NULL, 'web', 'a'),
(92, 'instant', 'task_canceled', 306, 299, 68, 0, NULL, NULL, '2014-05-05 12:03:25', 299, NULL, NULL, 'web', 'a'),
(93, 'instant', 'task_canceled', 305, 299, 67, 0, NULL, NULL, '2014-05-05 12:03:25', 299, NULL, NULL, 'web', 'a'),
(94, 'instant', 'task_canceled', 303, 299, 66, 0, NULL, NULL, '2014-05-05 12:03:25', 299, NULL, NULL, 'web', 'a'),
(95, 'virtual', 'proposal_created', 299, 298, 73, 1, '2014-05-21 09:23:16', 'web', '2014-05-05 12:10:15', 298, NULL, NULL, 'web', 'a'),
(96, 'virtual', 'proposal_created', 299, 298, 74, 1, '2014-05-21 09:23:17', 'web', '2014-05-05 12:11:14', 298, NULL, NULL, 'web', 'a'),
(97, 'virtual', 'proposal_created', 299, 298, 75, 1, '2014-05-21 09:23:19', 'web', '2014-05-05 12:11:35', 298, NULL, NULL, 'web', 'a'),
(98, 'virtual', 'proposal_created', 299, 301, 76, 0, NULL, NULL, '2014-05-05 12:14:07', 301, NULL, NULL, 'web', 'a'),
(99, 'virtual', 'proposal_created', 299, 301, 77, 0, NULL, NULL, '2014-05-05 12:14:25', 301, NULL, NULL, 'web', 'a'),
(100, 'virtual', 'proposal_created', 299, 301, 78, 1, '2014-05-21 09:23:16', 'web', '2014-05-05 12:14:41', 301, NULL, NULL, 'web', 'a'),
(101, 'virtual', 'proposal_created', 299, 301, 79, 1, '2014-05-21 09:23:16', 'web', '2014-05-05 12:15:13', 301, NULL, NULL, 'web', 'a'),
(102, 'virtual', 'proposal_created', 299, 301, 80, 1, '2014-05-21 09:23:17', 'web', '2014-05-05 12:15:56', 301, NULL, NULL, 'web', 'a'),
(103, 'virtual', 'proposal_created', 299, 301, 81, 0, NULL, NULL, '2014-05-05 12:16:12', 301, NULL, NULL, 'web', 'a'),
(104, 'virtual', 'proposal_created', 299, 302, 82, 0, NULL, NULL, '2014-05-05 12:19:11', 302, NULL, NULL, 'web', 'a'),
(105, 'virtual', 'proposal_created', 299, 302, 83, 0, NULL, NULL, '2014-05-05 12:19:33', 302, NULL, NULL, 'web', 'a'),
(106, 'virtual', 'proposal_created', 299, 302, 84, 0, NULL, NULL, '2014-05-05 12:19:49', 302, NULL, NULL, 'web', 'a'),
(107, 'virtual', 'proposal_created', 299, 302, 85, 0, NULL, NULL, '2014-05-05 12:20:05', 302, NULL, NULL, 'web', 'a'),
(108, 'virtual', 'proposal_created', 299, 302, 86, 0, NULL, NULL, '2014-05-05 12:20:29', 302, NULL, NULL, 'web', 'a'),
(109, 'virtual', 'proposal_created', 299, 302, 87, 0, NULL, NULL, '2014-05-05 12:20:43', 302, NULL, NULL, 'web', 'a'),
(110, 'virtual', 'proposal_created', 299, 300, 88, 0, NULL, NULL, '2014-05-05 12:22:24', 300, NULL, NULL, 'web', 'a'),
(111, 'virtual', 'proposal_created', 299, 300, 89, 0, NULL, NULL, '2014-05-05 12:22:38', 300, NULL, NULL, 'web', 'a'),
(112, 'virtual', 'proposal_created', 299, 300, 90, 0, NULL, NULL, '2014-05-05 12:22:50', 300, NULL, NULL, 'web', 'a'),
(113, 'virtual', 'proposal_created', 299, 300, 91, 0, NULL, NULL, '2014-05-05 12:23:08', 300, NULL, NULL, 'web', 'a'),
(114, 'virtual', 'proposal_created', 299, 300, 92, 0, NULL, NULL, '2014-05-05 12:23:20', 300, NULL, NULL, 'web', 'a'),
(115, 'virtual', 'proposal_created', 299, 300, 93, 0, NULL, NULL, '2014-05-05 12:23:40', 300, NULL, NULL, 'web', 'a'),
(116, 'virtual', 'proposal_created', 299, 303, 94, 0, NULL, NULL, '2014-05-05 12:44:26', 303, NULL, NULL, 'web', 'a'),
(117, 'virtual', 'proposal_created', 299, 303, 95, 0, NULL, NULL, '2014-05-05 12:44:43', 303, NULL, NULL, 'web', 'a'),
(118, 'virtual', 'proposal_created', 299, 303, 96, 0, NULL, NULL, '2014-05-05 12:45:10', 303, NULL, NULL, 'web', 'a'),
(119, 'virtual', 'proposal_created', 299, 303, 97, 0, NULL, NULL, '2014-05-05 12:45:22', 303, NULL, NULL, 'web', 'a'),
(120, 'virtual', 'proposal_created', 299, 303, 98, 0, NULL, NULL, '2014-05-05 12:45:35', 303, NULL, NULL, 'web', 'a'),
(121, 'virtual', 'proposal_created', 299, 303, 99, 0, NULL, NULL, '2014-05-05 12:46:05', 303, NULL, NULL, 'web', 'a'),
(122, 'virtual', 'proposal_accepted', 298, 317, 34, 0, NULL, NULL, '2014-05-06 04:36:51', 317, NULL, NULL, 'web', 'a'),
(123, 'instant', 'proposal_rejected_by_tasker', 307, 317, 32, 0, NULL, NULL, '2014-05-06 04:37:22', 317, NULL, NULL, 'web', 'a'),
(124, 'instant', 'task_edited', 307, 298, 61, 0, NULL, NULL, '2014-05-06 06:48:46', 298, NULL, NULL, 'web', 'a'),
(125, 'instant', 'task_edited', 306, 298, 60, 0, NULL, NULL, '2014-05-06 06:48:47', 298, NULL, NULL, 'web', 'a'),
(126, 'instant', 'task_edited', 305, 298, 59, 0, NULL, NULL, '2014-05-06 06:48:47', 298, NULL, NULL, 'web', 'a'),
(127, 'instant', 'task_edited', 303, 298, 58, 0, NULL, NULL, '2014-05-06 06:48:47', 298, NULL, NULL, 'web', 'a'),
(128, 'instant', 'task_edited', 307, 298, 61, 0, NULL, NULL, '2014-05-06 06:49:16', 298, NULL, NULL, 'web', 'a'),
(129, 'instant', 'task_edited', 306, 298, 60, 0, NULL, NULL, '2014-05-06 06:49:16', 298, NULL, NULL, 'web', 'a'),
(130, 'instant', 'task_edited', 305, 298, 59, 0, NULL, NULL, '2014-05-06 06:49:16', 298, NULL, NULL, 'web', 'a'),
(131, 'instant', 'task_edited', 303, 298, 58, 0, NULL, NULL, '2014-05-06 06:49:16', 298, NULL, NULL, 'web', 'a'),
(132, 'instant', 'task_edited', 307, 298, 61, 0, NULL, NULL, '2014-05-06 06:50:26', 298, NULL, NULL, 'web', 'a'),
(133, 'instant', 'task_edited', 306, 298, 60, 0, NULL, NULL, '2014-05-06 06:50:26', 298, NULL, NULL, 'web', 'a'),
(134, 'instant', 'task_edited', 305, 298, 59, 0, NULL, NULL, '2014-05-06 06:50:26', 298, NULL, NULL, 'web', 'a'),
(135, 'instant', 'task_edited', 303, 298, 58, 0, NULL, NULL, '2014-05-06 06:50:26', 298, NULL, NULL, 'web', 'a'),
(136, 'inperson', 'tasker_invited', 313, 314, 100, 0, NULL, NULL, '2014-05-06 07:19:26', 314, NULL, NULL, 'web', 'a'),
(137, 'inperson', 'task_edited', 313, 314, 100, 0, NULL, NULL, '2014-05-06 07:20:09', 314, NULL, NULL, 'web', 'a'),
(138, 'virtual', 'task_edited', 303, 299, 94, 0, NULL, NULL, '2014-05-06 09:24:40', 299, NULL, NULL, 'web', 'a'),
(139, 'virtual', 'task_edited', 300, 299, 88, 0, NULL, NULL, '2014-05-06 09:24:40', 299, NULL, NULL, 'web', 'a'),
(140, 'virtual', 'task_edited', 302, 299, 82, 0, NULL, NULL, '2014-05-06 09:24:42', 299, NULL, NULL, 'web', 'a'),
(141, 'virtual', 'task_edited', 301, 299, 76, 0, NULL, NULL, '2014-05-06 09:24:42', 299, NULL, NULL, 'web', 'a'),
(142, 'virtual', 'task_edited', 298, 299, 73, 0, NULL, NULL, '2014-05-06 09:24:42', 299, NULL, NULL, 'web', 'a'),
(143, 'virtual', 'task_edited', 303, 299, 95, 0, NULL, NULL, '2014-05-06 09:25:18', 299, NULL, NULL, 'web', 'a'),
(144, 'virtual', 'task_edited', 300, 299, 89, 0, NULL, NULL, '2014-05-06 09:25:18', 299, NULL, NULL, 'web', 'a'),
(145, 'virtual', 'task_edited', 302, 299, 83, 0, NULL, NULL, '2014-05-06 09:25:18', 299, NULL, NULL, 'web', 'a'),
(146, 'virtual', 'task_edited', 301, 299, 77, 0, NULL, NULL, '2014-05-06 09:25:19', 299, NULL, NULL, 'web', 'a'),
(147, 'virtual', 'task_edited', 298, 299, 74, 0, NULL, NULL, '2014-05-06 09:25:19', 299, NULL, NULL, 'web', 'a'),
(148, 'inperson', 'tasker_invited', 303, 316, 101, 0, NULL, NULL, '2014-05-06 10:58:11', 316, NULL, NULL, 'web', 'a'),
(149, 'inperson', 'tasker_invited', 305, 316, 102, 0, NULL, NULL, '2014-05-06 10:58:11', 316, NULL, NULL, 'web', 'a'),
(150, 'inperson', 'tasker_invited', 306, 316, 103, 0, NULL, NULL, '2014-05-06 10:58:11', 316, NULL, NULL, 'web', 'a'),
(151, 'inperson', 'tasker_invited', 307, 316, 104, 0, NULL, NULL, '2014-05-06 10:58:11', 316, NULL, NULL, 'web', 'a'),
(152, 'inperson', 'tasker_invited', 313, 316, 105, 0, NULL, NULL, '2014-05-06 10:58:11', 316, NULL, NULL, 'web', 'a'),
(153, 'inperson', 'tasker_invited', 303, 316, 101, 0, NULL, NULL, '2014-05-06 11:04:01', 316, NULL, NULL, 'web', 'a'),
(154, 'inperson', 'tasker_invited', 305, 316, 102, 0, NULL, NULL, '2014-05-06 11:04:01', 316, NULL, NULL, 'web', 'a'),
(155, 'inperson', 'tasker_invited', 306, 316, 103, 0, NULL, NULL, '2014-05-06 11:04:02', 316, NULL, NULL, 'web', 'a'),
(156, 'inperson', 'tasker_invited', 307, 316, 104, 0, NULL, NULL, '2014-05-06 11:04:02', 316, NULL, NULL, 'web', 'a'),
(157, 'inperson', 'tasker_invited', 313, 316, 105, 0, NULL, NULL, '2014-05-06 11:04:02', 316, NULL, NULL, 'web', 'a'),
(158, 'inperson', 'tasker_invited', 303, 316, 101, 0, NULL, NULL, '2014-05-06 11:04:10', 316, NULL, NULL, 'web', 'a'),
(159, 'inperson', 'tasker_invited', 305, 316, 102, 0, NULL, NULL, '2014-05-06 11:04:10', 316, NULL, NULL, 'web', 'a'),
(160, 'inperson', 'tasker_invited', 306, 316, 103, 0, NULL, NULL, '2014-05-06 11:04:10', 316, NULL, NULL, 'web', 'a'),
(161, 'inperson', 'tasker_invited', 307, 316, 104, 0, NULL, NULL, '2014-05-06 11:04:10', 316, NULL, NULL, 'web', 'a'),
(162, 'inperson', 'tasker_invited', 313, 316, 105, 0, NULL, NULL, '2014-05-06 11:04:11', 316, NULL, NULL, 'web', 'a'),
(163, 'inperson', 'tasker_invited', 303, 316, 101, 0, NULL, NULL, '2014-05-06 11:04:31', 316, NULL, NULL, 'web', 'a'),
(164, 'inperson', 'tasker_invited', 305, 316, 102, 0, NULL, NULL, '2014-05-06 11:04:31', 316, NULL, NULL, 'web', 'a'),
(165, 'inperson', 'tasker_invited', 306, 316, 103, 0, NULL, NULL, '2014-05-06 11:04:31', 316, NULL, NULL, 'web', 'a'),
(166, 'inperson', 'tasker_invited', 307, 316, 104, 0, NULL, NULL, '2014-05-06 11:04:31', 316, NULL, NULL, 'web', 'a'),
(167, 'inperson', 'tasker_invited', 313, 316, 105, 0, NULL, NULL, '2014-05-06 11:04:31', 316, NULL, NULL, 'web', 'a'),
(168, 'inperson', 'tasker_invited', 303, 316, 101, 0, NULL, NULL, '2014-05-06 11:12:46', 316, NULL, NULL, 'web', 'a'),
(169, 'inperson', 'tasker_invited', 305, 316, 102, 0, NULL, NULL, '2014-05-06 11:12:46', 316, NULL, NULL, 'web', 'a'),
(170, 'inperson', 'tasker_invited', 306, 316, 103, 0, NULL, NULL, '2014-05-06 11:12:46', 316, NULL, NULL, 'web', 'a'),
(171, 'inperson', 'tasker_invited', 307, 316, 104, 0, NULL, NULL, '2014-05-06 11:12:46', 316, NULL, NULL, 'web', 'a'),
(172, 'inperson', 'tasker_invited', 313, 316, 105, 0, NULL, NULL, '2014-05-06 11:12:46', 316, NULL, NULL, 'web', 'a'),
(173, 'inperson', 'tasker_invited', 303, 316, 101, 0, NULL, NULL, '2014-05-06 11:12:55', 316, NULL, NULL, 'web', 'a'),
(174, 'inperson', 'tasker_invited', 305, 316, 102, 0, NULL, NULL, '2014-05-06 11:12:55', 316, NULL, NULL, 'web', 'a'),
(175, 'inperson', 'tasker_invited', 306, 316, 103, 0, NULL, NULL, '2014-05-06 11:12:55', 316, NULL, NULL, 'web', 'a'),
(176, 'inperson', 'tasker_invited', 307, 316, 104, 0, NULL, NULL, '2014-05-06 11:12:55', 316, NULL, NULL, 'web', 'a'),
(177, 'inperson', 'tasker_invited', 313, 316, 105, 0, NULL, NULL, '2014-05-06 11:12:55', 316, NULL, NULL, 'web', 'a'),
(178, 'inperson', 'tasker_invited', 303, 316, 101, 0, NULL, NULL, '2014-05-06 11:14:53', 316, NULL, NULL, 'web', 'a'),
(179, 'inperson', 'tasker_invited', 305, 316, 102, 0, NULL, NULL, '2014-05-06 11:14:53', 316, NULL, NULL, 'web', 'a'),
(180, 'inperson', 'tasker_invited', 306, 316, 103, 0, NULL, NULL, '2014-05-06 11:14:53', 316, NULL, NULL, 'web', 'a'),
(181, 'inperson', 'tasker_invited', 307, 316, 104, 0, NULL, NULL, '2014-05-06 11:14:53', 316, NULL, NULL, 'web', 'a'),
(182, 'inperson', 'tasker_invited', 313, 316, 105, 0, NULL, NULL, '2014-05-06 11:14:53', 316, NULL, NULL, 'web', 'a'),
(183, 'inperson', 'tasker_invited', 303, 316, 101, 0, NULL, NULL, '2014-05-06 11:42:09', 316, NULL, NULL, 'web', 'a'),
(184, 'inperson', 'tasker_invited', 305, 316, 102, 0, NULL, NULL, '2014-05-06 11:42:09', 316, NULL, NULL, 'web', 'a'),
(185, 'inperson', 'tasker_invited', 306, 316, 103, 0, NULL, NULL, '2014-05-06 11:42:09', 316, NULL, NULL, 'web', 'a'),
(186, 'inperson', 'tasker_invited', 307, 316, 104, 0, NULL, NULL, '2014-05-06 11:42:09', 316, NULL, NULL, 'web', 'a'),
(187, 'inperson', 'tasker_invited', 313, 316, 105, 0, NULL, NULL, '2014-05-06 11:42:09', 316, NULL, NULL, 'web', 'a'),
(188, 'inperson', 'tasker_invited', 303, 316, 106, 0, NULL, NULL, '2014-05-06 11:43:21', 316, NULL, NULL, 'web', 'a'),
(189, 'inperson', 'tasker_invited', 305, 316, 107, 0, NULL, NULL, '2014-05-06 11:43:21', 316, NULL, NULL, 'web', 'a'),
(190, 'inperson', 'tasker_invited', 306, 316, 108, 0, NULL, NULL, '2014-05-06 11:43:21', 316, NULL, NULL, 'web', 'a'),
(191, 'inperson', 'tasker_invited', 307, 316, 109, 0, NULL, NULL, '2014-05-06 11:43:21', 316, NULL, NULL, 'web', 'a'),
(192, 'inperson', 'tasker_invited', 313, 316, 110, 0, NULL, NULL, '2014-05-06 11:43:21', 316, NULL, NULL, 'web', 'a'),
(193, 'inperson', 'tasker_invited', 303, 316, 106, 0, NULL, NULL, '2014-05-06 11:43:26', 316, NULL, NULL, 'web', 'a'),
(194, 'inperson', 'tasker_invited', 305, 316, 107, 0, NULL, NULL, '2014-05-06 11:43:26', 316, NULL, NULL, 'web', 'a'),
(195, 'inperson', 'tasker_invited', 306, 316, 108, 0, NULL, NULL, '2014-05-06 11:43:28', 316, NULL, NULL, 'web', 'a'),
(196, 'inperson', 'tasker_invited', 307, 316, 109, 0, NULL, NULL, '2014-05-06 11:43:28', 316, NULL, NULL, 'web', 'a'),
(197, 'inperson', 'tasker_invited', 313, 316, 110, 0, NULL, NULL, '2014-05-06 11:43:28', 316, NULL, NULL, 'web', 'a'),
(198, 'inperson', 'tasker_invited', 303, 316, 106, 0, NULL, NULL, '2014-05-06 11:43:35', 316, NULL, NULL, 'web', 'a'),
(199, 'inperson', 'tasker_invited', 305, 316, 107, 0, NULL, NULL, '2014-05-06 11:43:35', 316, NULL, NULL, 'web', 'a'),
(200, 'inperson', 'tasker_invited', 306, 316, 108, 0, NULL, NULL, '2014-05-06 11:43:35', 316, NULL, NULL, 'web', 'a'),
(201, 'inperson', 'tasker_invited', 307, 316, 109, 0, NULL, NULL, '2014-05-06 11:43:35', 316, NULL, NULL, 'web', 'a'),
(202, 'inperson', 'tasker_invited', 313, 316, 110, 0, NULL, NULL, '2014-05-06 11:43:35', 316, NULL, NULL, 'web', 'a'),
(203, 'instant', 'tasker_invited', 303, 316, 111, 0, NULL, NULL, '2014-05-06 11:55:34', 316, NULL, NULL, 'web', 'a'),
(204, 'instant', 'tasker_invited', 305, 316, 112, 0, NULL, NULL, '2014-05-06 11:55:34', 316, NULL, NULL, 'web', 'a'),
(205, 'instant', 'tasker_invited', 306, 316, 113, 0, NULL, NULL, '2014-05-06 11:55:34', 316, NULL, NULL, 'web', 'a'),
(206, 'instant', 'tasker_invited', 307, 316, 114, 0, NULL, NULL, '2014-05-06 11:55:34', 316, NULL, NULL, 'web', 'a'),
(207, 'instant', 'tasker_invited', 313, 316, 115, 0, NULL, NULL, '2014-05-06 11:55:35', 316, NULL, NULL, 'web', 'a'),
(208, 'instant', 'tasker_invited', 303, 316, 111, 0, NULL, NULL, '2014-05-06 12:08:30', 316, NULL, NULL, 'web', 'a'),
(209, 'instant', 'tasker_invited', 305, 316, 112, 0, NULL, NULL, '2014-05-06 12:08:30', 316, NULL, NULL, 'web', 'a'),
(210, 'instant', 'tasker_invited', 306, 316, 113, 0, NULL, NULL, '2014-05-06 12:08:30', 316, NULL, NULL, 'web', 'a'),
(211, 'instant', 'tasker_invited', 307, 316, 114, 0, NULL, NULL, '2014-05-06 12:08:30', 316, NULL, NULL, 'web', 'a'),
(212, 'instant', 'tasker_invited', 313, 316, 115, 0, NULL, NULL, '2014-05-06 12:08:30', 316, NULL, NULL, 'web', 'a'),
(213, 'instant', 'tasker_invited', 303, 316, 111, 0, NULL, NULL, '2014-05-06 12:10:49', 316, NULL, NULL, 'web', 'a'),
(214, 'instant', 'tasker_invited', 305, 316, 112, 0, NULL, NULL, '2014-05-06 12:10:49', 316, NULL, NULL, 'web', 'a'),
(215, 'instant', 'tasker_invited', 306, 316, 113, 0, NULL, NULL, '2014-05-06 12:10:49', 316, NULL, NULL, 'web', 'a'),
(216, 'instant', 'tasker_invited', 307, 316, 114, 0, NULL, NULL, '2014-05-06 12:10:49', 316, NULL, NULL, 'web', 'a'),
(217, 'instant', 'tasker_invited', 313, 316, 115, 0, NULL, NULL, '2014-05-06 12:10:49', 316, NULL, NULL, 'web', 'a'),
(218, 'instant', 'tasker_invited', 303, 316, 116, 0, NULL, NULL, '2014-05-06 12:13:00', 316, NULL, NULL, 'web', 'a'),
(219, 'instant', 'tasker_invited', 305, 316, 117, 0, NULL, NULL, '2014-05-06 12:13:01', 316, NULL, NULL, 'web', 'a'),
(220, 'instant', 'tasker_invited', 306, 316, 118, 0, NULL, NULL, '2014-05-06 12:13:01', 316, NULL, NULL, 'web', 'a'),
(221, 'instant', 'tasker_invited', 307, 316, 119, 0, NULL, NULL, '2014-05-06 12:13:01', 316, NULL, NULL, 'web', 'a'),
(222, 'instant', 'tasker_invited', 313, 316, 120, 0, NULL, NULL, '2014-05-06 12:13:01', 316, NULL, NULL, 'web', 'a'),
(223, 'instant', 'tasker_invited', 303, 316, 116, 0, NULL, NULL, '2014-05-06 12:13:30', 316, NULL, NULL, 'web', 'a'),
(224, 'instant', 'tasker_invited', 305, 316, 117, 0, NULL, NULL, '2014-05-06 12:13:30', 316, NULL, NULL, 'web', 'a'),
(225, 'instant', 'tasker_invited', 306, 316, 118, 0, NULL, NULL, '2014-05-06 12:13:30', 316, NULL, NULL, 'web', 'a'),
(226, 'instant', 'tasker_invited', 307, 316, 119, 0, NULL, NULL, '2014-05-06 12:13:30', 316, NULL, NULL, 'web', 'a'),
(227, 'instant', 'tasker_invited', 313, 316, 120, 0, NULL, NULL, '2014-05-06 12:13:30', 316, NULL, NULL, 'web', 'a'),
(228, 'instant', 'task_edited', 313, 316, 120, 0, NULL, NULL, '2014-05-06 12:21:05', 316, NULL, NULL, 'web', 'a'),
(229, 'instant', 'task_edited', 307, 316, 119, 0, NULL, NULL, '2014-05-06 12:21:05', 316, NULL, NULL, 'web', 'a'),
(230, 'instant', 'task_edited', 306, 316, 118, 0, NULL, NULL, '2014-05-06 12:21:05', 316, NULL, NULL, 'web', 'a'),
(231, 'instant', 'task_edited', 305, 316, 117, 0, NULL, NULL, '2014-05-06 12:21:05', 316, NULL, NULL, 'web', 'a'),
(232, 'instant', 'task_edited', 303, 316, 116, 0, NULL, NULL, '2014-05-06 12:21:05', 316, NULL, NULL, 'web', 'a'),
(233, 'virtual', 'task_canceled', 303, 299, 95, 0, NULL, NULL, '2014-05-06 14:18:59', 299, NULL, NULL, 'web', 'a'),
(234, 'virtual', 'task_canceled', 300, 299, 89, 0, NULL, NULL, '2014-05-06 14:18:59', 299, NULL, NULL, 'web', 'a'),
(235, 'virtual', 'task_canceled', 302, 299, 83, 0, NULL, NULL, '2014-05-06 14:18:59', 299, NULL, NULL, 'web', 'a'),
(236, 'virtual', 'task_canceled', 301, 299, 77, 0, NULL, NULL, '2014-05-06 14:18:59', 299, NULL, NULL, 'web', 'a'),
(237, 'virtual', 'task_canceled', 298, 299, 74, 0, NULL, NULL, '2014-05-06 14:18:59', 299, NULL, NULL, 'web', 'a'),
(238, 'virtual', 'task_canceled', 303, 299, 94, 0, NULL, NULL, '2014-05-06 14:25:30', 299, NULL, NULL, 'web', 'a'),
(239, 'virtual', 'task_canceled', 300, 299, 88, 0, NULL, NULL, '2014-05-06 14:25:30', 299, NULL, NULL, 'web', 'a'),
(240, 'virtual', 'task_canceled', 302, 299, 82, 0, NULL, NULL, '2014-05-06 14:25:30', 299, NULL, NULL, 'web', 'a'),
(241, 'virtual', 'task_canceled', 301, 299, 76, 0, NULL, NULL, '2014-05-06 14:25:30', 299, NULL, NULL, 'web', 'a'),
(242, 'virtual', 'task_canceled', 298, 299, 73, 0, NULL, NULL, '2014-05-06 14:25:30', 299, NULL, NULL, 'web', 'a'),
(243, 'virtual', 'task_canceled', 303, 299, 96, 0, NULL, NULL, '2014-05-06 14:26:04', 299, NULL, NULL, 'web', 'a'),
(244, 'virtual', 'task_canceled', 300, 299, 90, 0, NULL, NULL, '2014-05-06 14:26:04', 299, NULL, NULL, 'web', 'a'),
(245, 'virtual', 'task_canceled', 302, 299, 84, 0, NULL, NULL, '2014-05-06 14:26:04', 299, NULL, NULL, 'web', 'a'),
(246, 'virtual', 'task_canceled', 301, 299, 78, 0, NULL, NULL, '2014-05-06 14:26:04', 299, NULL, NULL, 'web', 'a'),
(247, 'virtual', 'task_canceled', 298, 299, 75, 0, NULL, NULL, '2014-05-06 14:26:04', 299, NULL, NULL, 'web', 'a'),
(248, 'virtual', 'task_canceled', 303, 299, 97, 0, NULL, NULL, '2014-05-06 14:27:37', 299, NULL, NULL, 'web', 'a'),
(249, 'virtual', 'task_canceled', 300, 299, 91, 0, NULL, NULL, '2014-05-06 14:27:37', 299, NULL, NULL, 'web', 'a'),
(250, 'virtual', 'task_canceled', 302, 299, 85, 0, NULL, NULL, '2014-05-06 14:27:38', 299, NULL, NULL, 'web', 'a'),
(251, 'virtual', 'task_canceled', 301, 299, 79, 0, NULL, NULL, '2014-05-06 14:27:38', 299, NULL, NULL, 'web', 'a'),
(252, 'virtual', 'task_canceled', 298, 299, 70, 0, NULL, NULL, '2014-05-06 14:27:38', 299, NULL, NULL, 'web', 'a'),
(253, 'instant', 'task_canceled', 307, 299, 69, 0, NULL, NULL, '2014-05-06 14:27:56', 299, NULL, NULL, 'web', 'a'),
(254, 'instant', 'task_canceled', 306, 299, 68, 0, NULL, NULL, '2014-05-06 14:27:56', 299, NULL, NULL, 'web', 'a'),
(255, 'instant', 'task_canceled', 305, 299, 67, 0, NULL, NULL, '2014-05-06 14:27:56', 299, NULL, NULL, 'web', 'a'),
(256, 'instant', 'task_canceled', 303, 299, 66, 0, NULL, NULL, '2014-05-06 14:27:56', 299, NULL, NULL, 'web', 'a'),
(257, 'virtual', 'task_canceled', 303, 299, 98, 0, NULL, NULL, '2014-05-06 14:31:35', 299, NULL, NULL, 'web', 'a'),
(258, 'virtual', 'task_canceled', 300, 299, 92, 0, NULL, NULL, '2014-05-06 14:31:35', 299, NULL, NULL, 'web', 'a'),
(259, 'virtual', 'task_canceled', 302, 299, 86, 0, NULL, NULL, '2014-05-06 14:31:35', 299, NULL, NULL, 'web', 'a'),
(260, 'virtual', 'task_canceled', 301, 299, 80, 0, NULL, NULL, '2014-05-06 14:31:35', 299, NULL, NULL, 'web', 'a'),
(261, 'virtual', 'task_canceled', 298, 299, 71, 0, NULL, NULL, '2014-05-06 14:31:35', 299, NULL, NULL, 'web', 'a'),
(262, 'virtual', 'task_canceled', 303, 299, 99, 0, NULL, NULL, '2014-05-06 14:33:54', 299, NULL, NULL, 'web', 'a'),
(263, 'virtual', 'task_canceled', 300, 299, 93, 0, NULL, NULL, '2014-05-06 14:33:54', 299, NULL, NULL, 'web', 'a'),
(264, 'virtual', 'task_canceled', 302, 299, 87, 0, NULL, NULL, '2014-05-06 14:33:55', 299, NULL, NULL, 'web', 'a'),
(265, 'virtual', 'task_canceled', 301, 299, 81, 0, NULL, NULL, '2014-05-06 14:33:55', 299, NULL, NULL, 'web', 'a'),
(266, 'virtual', 'task_canceled', 298, 299, 72, 0, NULL, NULL, '2014-05-06 14:33:55', 299, NULL, NULL, 'web', 'a'),
(267, 'virtual', 'task_canceled', 303, 299, 96, 0, NULL, NULL, '2014-05-06 14:38:00', 299, NULL, NULL, 'web', 'a'),
(268, 'virtual', 'task_canceled', 300, 299, 90, 0, NULL, NULL, '2014-05-06 14:38:00', 299, NULL, NULL, 'web', 'a'),
(269, 'virtual', 'task_canceled', 302, 299, 84, 0, NULL, NULL, '2014-05-06 14:38:00', 299, NULL, NULL, 'web', 'a'),
(270, 'virtual', 'task_canceled', 301, 299, 78, 0, NULL, NULL, '2014-05-06 14:38:00', 299, NULL, NULL, 'web', 'a'),
(271, 'virtual', 'task_canceled', 298, 299, 75, 0, NULL, NULL, '2014-05-06 14:38:00', 299, NULL, NULL, 'web', 'a'),
(272, 'virtual', 'task_canceled', 303, 299, 97, 0, NULL, NULL, '2014-05-06 14:50:09', 299, NULL, NULL, 'web', 'a'),
(273, 'virtual', 'task_canceled', 300, 299, 91, 0, NULL, NULL, '2014-05-06 14:50:09', 299, NULL, NULL, 'web', 'a'),
(274, 'virtual', 'task_canceled', 302, 299, 85, 0, NULL, NULL, '2014-05-06 14:50:09', 299, NULL, NULL, 'web', 'a'),
(275, 'virtual', 'task_canceled', 301, 299, 79, 0, NULL, NULL, '2014-05-06 14:50:09', 299, NULL, NULL, 'web', 'a'),
(276, 'virtual', 'task_canceled', 298, 299, 70, 0, NULL, NULL, '2014-05-06 14:50:10', 299, NULL, NULL, 'web', 'a'),
(277, 'instant', 'task_canceled', 307, 299, 69, 0, NULL, NULL, '2014-05-06 14:52:45', 299, NULL, NULL, 'web', 'a'),
(278, 'instant', 'task_canceled', 306, 299, 68, 0, NULL, NULL, '2014-05-06 14:52:45', 299, NULL, NULL, 'web', 'a'),
(279, 'instant', 'task_canceled', 305, 299, 67, 0, NULL, NULL, '2014-05-06 14:52:45', 299, NULL, NULL, 'web', 'a'),
(280, 'instant', 'task_canceled', 303, 299, 66, 0, NULL, NULL, '2014-05-06 14:52:45', 299, NULL, NULL, 'web', 'a'),
(281, 'virtual', 'task_canceled', 303, 299, 96, 0, NULL, NULL, '2014-05-06 14:54:20', 299, NULL, NULL, 'web', 'a'),
(282, 'virtual', 'task_canceled', 300, 299, 90, 0, NULL, NULL, '2014-05-06 14:54:20', 299, NULL, NULL, 'web', 'a'),
(283, 'virtual', 'task_canceled', 302, 299, 84, 0, NULL, NULL, '2014-05-06 14:54:20', 299, NULL, NULL, 'web', 'a'),
(284, 'virtual', 'task_canceled', 301, 299, 78, 0, NULL, NULL, '2014-05-06 14:54:20', 299, NULL, NULL, 'web', 'a'),
(285, 'virtual', 'task_canceled', 298, 299, 75, 0, NULL, NULL, '2014-05-06 14:54:20', 299, NULL, NULL, 'web', 'a'),
(286, 'virtual', 'task_canceled', 303, 299, 97, 0, NULL, NULL, '2014-05-06 14:56:09', 299, NULL, NULL, 'web', 'a'),
(287, 'virtual', 'task_canceled', 300, 299, 91, 0, NULL, NULL, '2014-05-06 14:56:09', 299, NULL, NULL, 'web', 'a'),
(288, 'virtual', 'task_canceled', 302, 299, 85, 0, NULL, NULL, '2014-05-06 14:56:09', 299, NULL, NULL, 'web', 'a'),
(289, 'virtual', 'task_canceled', 301, 299, 79, 0, NULL, NULL, '2014-05-06 14:56:09', 299, NULL, NULL, 'web', 'a'),
(290, 'virtual', 'task_canceled', 298, 299, 70, 0, NULL, NULL, '2014-05-06 14:56:09', 299, NULL, NULL, 'web', 'a'),
(291, 'virtual', 'task_canceled', 303, 299, 96, 0, NULL, NULL, '2014-05-06 14:57:03', 299, NULL, NULL, 'web', 'a'),
(292, 'virtual', 'task_canceled', 300, 299, 90, 0, NULL, NULL, '2014-05-06 14:57:03', 299, NULL, NULL, 'web', 'a'),
(293, 'virtual', 'task_canceled', 302, 299, 84, 0, NULL, NULL, '2014-05-06 14:57:03', 299, NULL, NULL, 'web', 'a'),
(294, 'virtual', 'task_canceled', 301, 299, 78, 0, NULL, NULL, '2014-05-06 14:57:03', 299, NULL, NULL, 'web', 'a'),
(295, 'virtual', 'task_canceled', 298, 299, 75, 0, NULL, NULL, '2014-05-06 14:57:03', 299, NULL, NULL, 'web', 'a'),
(296, 'virtual', 'task_canceled', 303, 299, 97, 0, NULL, NULL, '2014-05-06 14:57:41', 299, NULL, NULL, 'web', 'a'),
(297, 'virtual', 'task_canceled', 300, 299, 91, 0, NULL, NULL, '2014-05-06 14:57:41', 299, NULL, NULL, 'web', 'a'),
(298, 'virtual', 'task_canceled', 302, 299, 85, 0, NULL, NULL, '2014-05-06 14:57:41', 299, NULL, NULL, 'web', 'a'),
(299, 'virtual', 'task_canceled', 301, 299, 79, 0, NULL, NULL, '2014-05-06 14:57:41', 299, NULL, NULL, 'web', 'a'),
(300, 'virtual', 'task_canceled', 298, 299, 70, 0, NULL, NULL, '2014-05-06 14:57:41', 299, NULL, NULL, 'web', 'a'),
(301, 'virtual', 'proposal_created', 303, 316, 121, 0, NULL, NULL, '2014-05-09 05:35:54', 316, NULL, NULL, 'web', 'a'),
(302, 'inperson', 'task_edited', 313, 316, 110, 0, NULL, NULL, '2014-05-13 10:47:47', 316, NULL, NULL, 'web', 'a'),
(303, 'inperson', 'task_edited', 307, 316, 109, 0, NULL, NULL, '2014-05-13 10:47:47', 316, NULL, NULL, 'web', 'a'),
(304, 'inperson', 'task_edited', 306, 316, 108, 0, NULL, NULL, '2014-05-13 10:47:47', 316, NULL, NULL, 'web', 'a'),
(305, 'inperson', 'task_edited', 305, 316, 107, 0, NULL, NULL, '2014-05-13 10:47:47', 316, NULL, NULL, 'web', 'a'),
(306, 'inperson', 'task_edited', 303, 316, 106, 0, NULL, NULL, '2014-05-13 10:47:47', 316, NULL, NULL, 'web', 'a'),
(307, 'inperson', 'task_edited', 307, 317, 46, 0, NULL, NULL, '2014-05-13 10:56:30', 317, NULL, NULL, 'web', 'a'),
(308, 'inperson', 'task_edited', 306, 317, 45, 0, NULL, NULL, '2014-05-13 10:56:30', 317, NULL, NULL, 'web', 'a'),
(309, 'inperson', 'task_edited', 303, 317, 44, 0, NULL, NULL, '2014-05-13 10:56:30', 317, NULL, NULL, 'web', 'a'),
(310, 'inperson', 'task_edited', 307, 317, 46, 0, NULL, NULL, '2014-05-13 10:58:05', 317, NULL, NULL, 'web', 'a'),
(311, 'inperson', 'task_edited', 306, 317, 45, 0, NULL, NULL, '2014-05-13 10:58:05', 317, NULL, NULL, 'web', 'a'),
(312, 'inperson', 'task_edited', 303, 317, 44, 0, NULL, NULL, '2014-05-13 10:58:05', 317, NULL, NULL, 'web', 'a'),
(313, 'virtual', 'task_edited', 307, 316, 176, 0, NULL, NULL, '2014-05-21 13:44:31', 316, NULL, NULL, 'web', 'a'),
(314, 'virtual', 'task_edited', 317, 316, 175, 0, NULL, NULL, '2014-05-21 13:44:31', 316, NULL, NULL, 'web', 'a'),
(315, 'virtual', 'task_edited', 303, 316, 174, 0, NULL, NULL, '2014-05-21 13:44:32', 316, NULL, NULL, 'web', 'a'),
(316, 'virtual', 'task_edited', 309, 316, 173, 0, NULL, NULL, '2014-05-21 13:44:32', 316, NULL, NULL, 'web', 'a'),
(317, 'virtual', 'task_edited', 309, 316, 180, 0, NULL, NULL, '2014-05-21 13:45:08', 316, NULL, NULL, 'web', 'a'),
(318, 'virtual', 'task_edited', 303, 316, 179, 0, NULL, NULL, '2014-05-21 13:45:08', 316, NULL, NULL, 'web', 'a'),
(319, 'virtual', 'task_edited', 317, 316, 178, 0, NULL, NULL, '2014-05-21 13:45:08', 316, NULL, NULL, 'web', 'a'),
(320, 'virtual', 'task_edited', 307, 316, 177, 0, NULL, NULL, '2014-05-21 13:45:08', 316, NULL, NULL, 'web', 'a'),
(321, 'virtual', 'task_edited', 307, 316, 184, 0, NULL, NULL, '2014-05-21 13:51:18', 316, NULL, NULL, 'web', 'a'),
(322, 'virtual', 'task_edited', 317, 316, 183, 0, NULL, NULL, '2014-05-21 13:51:18', 316, NULL, NULL, 'web', 'a'),
(323, 'virtual', 'task_edited', 303, 316, 182, 0, NULL, NULL, '2014-05-21 13:51:18', 316, NULL, NULL, 'web', 'a'),
(324, 'virtual', 'task_edited', 309, 316, 181, 0, NULL, NULL, '2014-05-21 13:51:18', 316, NULL, NULL, 'web', 'a'),
(325, 'virtual', 'task_edited', 309, 316, 188, 0, NULL, NULL, '2014-05-21 13:52:19', 316, NULL, NULL, 'web', 'a'),
(326, 'virtual', 'task_edited', 303, 316, 187, 0, NULL, NULL, '2014-05-21 13:52:19', 316, NULL, NULL, 'web', 'a'),
(327, 'virtual', 'task_edited', 317, 316, 186, 0, NULL, NULL, '2014-05-21 13:52:19', 316, NULL, NULL, 'web', 'a'),
(328, 'virtual', 'task_edited', 307, 316, 185, 0, NULL, NULL, '2014-05-21 13:52:19', 316, NULL, NULL, 'web', 'a'),
(329, 'virtual', 'task_edited', 307, 316, 192, 0, NULL, NULL, '2014-05-21 13:52:48', 316, NULL, NULL, 'web', 'a'),
(330, 'virtual', 'task_edited', 317, 316, 191, 0, NULL, NULL, '2014-05-21 13:52:48', 316, NULL, NULL, 'web', 'a'),
(331, 'virtual', 'task_edited', 303, 316, 190, 0, NULL, NULL, '2014-05-21 13:52:49', 316, NULL, NULL, 'web', 'a'),
(332, 'virtual', 'task_edited', 309, 316, 189, 0, NULL, NULL, '2014-05-21 13:52:49', 316, NULL, NULL, 'web', 'a'),
(333, 'virtual', 'task_edited', 308, 316, 196, 0, NULL, NULL, '2014-05-21 13:56:14', 316, NULL, NULL, 'web', 'a'),
(334, 'virtual', 'task_edited', 303, 316, 195, 0, NULL, NULL, '2014-05-21 13:56:14', 316, NULL, NULL, 'web', 'a'),
(335, 'virtual', 'task_edited', 317, 316, 194, 0, NULL, NULL, '2014-05-21 13:56:14', 316, NULL, NULL, 'web', 'a'),
(336, 'virtual', 'task_edited', 307, 316, 193, 0, NULL, NULL, '2014-05-21 13:56:17', 316, NULL, NULL, 'web', 'a'),
(337, 'virtual', 'task_edited', 307, 316, 200, 0, NULL, NULL, '2014-05-21 13:57:01', 316, NULL, NULL, 'web', 'a'),
(338, 'virtual', 'task_edited', 317, 316, 199, 0, NULL, NULL, '2014-05-21 13:57:01', 316, NULL, NULL, 'web', 'a'),
(339, 'virtual', 'task_edited', 303, 316, 198, 0, NULL, NULL, '2014-05-21 13:57:01', 316, NULL, NULL, 'web', 'a'),
(340, 'virtual', 'task_edited', 308, 316, 197, 0, NULL, NULL, '2014-05-21 13:57:01', 316, NULL, NULL, 'web', 'a'),
(341, 'virtual', 'task_edited', 308, 316, 204, 0, NULL, NULL, '2014-05-21 13:58:10', 316, NULL, NULL, 'web', 'a'),
(342, 'virtual', 'task_edited', 303, 316, 203, 0, NULL, NULL, '2014-05-21 13:58:10', 316, NULL, NULL, 'web', 'a'),
(343, 'virtual', 'task_edited', 317, 316, 202, 0, NULL, NULL, '2014-05-21 13:58:10', 316, NULL, NULL, 'web', 'a'),
(344, 'virtual', 'task_edited', 307, 316, 201, 0, NULL, NULL, '2014-05-21 13:58:10', 316, NULL, NULL, 'web', 'a'),
(345, 'virtual', 'task_edited', 307, 316, 208, 0, NULL, NULL, '2014-05-21 13:58:31', 316, NULL, NULL, 'web', 'a'),
(346, 'virtual', 'task_edited', 317, 316, 207, 0, NULL, NULL, '2014-05-21 13:58:31', 316, NULL, NULL, 'web', 'a'),
(347, 'virtual', 'task_edited', 303, 316, 206, 0, NULL, NULL, '2014-05-21 13:58:31', 316, NULL, NULL, 'web', 'a'),
(348, 'virtual', 'task_edited', 308, 316, 205, 0, NULL, NULL, '2014-05-21 13:58:31', 316, NULL, NULL, 'web', 'a'),
(349, 'virtual', 'task_edited', 308, 316, 215, 0, NULL, NULL, '2014-05-22 04:54:26', 316, NULL, NULL, 'web', 'a'),
(350, 'virtual', 'task_edited', 303, 316, 214, 0, NULL, NULL, '2014-05-22 04:54:26', 316, NULL, NULL, 'web', 'a'),
(351, 'virtual', 'task_edited', 317, 316, 213, 0, NULL, NULL, '2014-05-22 04:54:26', 316, NULL, NULL, 'web', 'a'),
(352, 'virtual', 'task_edited', 307, 316, 212, 0, NULL, NULL, '2014-05-22 04:54:26', 316, NULL, NULL, 'web', 'a'),
(353, 'virtual', 'tasker_invited', 316, 317, 221, 0, NULL, NULL, '2014-05-23 11:43:56', 317, NULL, NULL, 'web', 'a'),
(354, 'virtual', 'tasker_invited', 309, 317, 222, 0, NULL, NULL, '2014-05-23 11:43:56', 317, NULL, NULL, 'web', 'a'),
(355, 'virtual', 'tasker_invited', 307, 317, 223, 0, NULL, NULL, '2014-05-23 11:43:56', 317, NULL, NULL, 'web', 'a'),
(356, 'virtual', 'tasker_invited', 303, 317, 224, 0, NULL, NULL, '2014-05-23 11:43:56', 317, NULL, NULL, 'web', 'a'),
(357, 'virtual', 'tasker_invited', 301, 317, 225, 0, NULL, NULL, '2014-05-23 11:43:57', 317, NULL, NULL, 'web', 'a'),
(358, 'virtual', 'tasker_invited', 308, 317, 226, 0, NULL, NULL, '2014-05-23 11:43:57', 317, NULL, NULL, 'web', 'a'),
(359, 'virtual', 'tasker_invited', 316, 317, 227, 0, NULL, NULL, '2014-05-23 11:44:14', 317, NULL, NULL, 'web', 'a'),
(360, 'virtual', 'tasker_invited', 309, 317, 228, 0, NULL, NULL, '2014-05-23 11:44:14', 317, NULL, NULL, 'web', 'a'),
(361, 'virtual', 'tasker_invited', 307, 317, 229, 0, NULL, NULL, '2014-05-23 11:44:15', 317, NULL, NULL, 'web', 'a'),
(362, 'virtual', 'tasker_invited', 303, 317, 230, 0, NULL, NULL, '2014-05-23 11:44:15', 317, NULL, NULL, 'web', 'a'),
(363, 'virtual', 'tasker_invited', 301, 317, 231, 0, NULL, NULL, '2014-05-23 11:44:15', 317, NULL, NULL, 'web', 'a'),
(364, 'virtual', 'tasker_invited', 308, 317, 232, 0, NULL, NULL, '2014-05-23 11:44:15', 317, NULL, NULL, 'web', 'a'),
(365, 'virtual', 'tasker_invited', 316, 317, 233, 0, NULL, NULL, '2014-05-23 11:46:18', 317, NULL, NULL, 'web', 'a'),
(366, 'virtual', 'tasker_invited', 309, 317, 234, 0, NULL, NULL, '2014-05-23 11:46:18', 317, NULL, NULL, 'web', 'a'),
(367, 'virtual', 'tasker_invited', 303, 317, 235, 0, NULL, NULL, '2014-05-23 11:46:19', 317, NULL, NULL, 'web', 'a'),
(368, 'virtual', 'tasker_invited', 307, 317, 236, 0, NULL, NULL, '2014-05-23 11:46:20', 317, NULL, NULL, 'web', 'a'),
(369, 'virtual', 'task_edited', 301, 317, 237, 0, NULL, NULL, '2014-05-23 11:54:03', 317, NULL, NULL, 'web', 'a'),
(370, 'virtual', 'task_edited', 301, 317, 238, 0, NULL, NULL, '2014-05-23 11:55:51', 317, NULL, NULL, 'web', 'a'),
(371, 'virtual', 'task_edited', 301, 317, 239, 0, NULL, NULL, '2014-05-23 11:59:02', 317, NULL, NULL, 'web', 'a');

-- --------------------------------------------------------

--
-- Table structure for table `gc_dta_user_attrib`
--

CREATE TABLE IF NOT EXISTS `gc_dta_user_attrib` (
  `user_id` bigint(20) NOT NULL DEFAULT '0' COMMENT 'attribute related to which user?',
  `attrib_type` varchar(30) NOT NULL COMMENT 'attribute type such as preference, filter_task, filter_tasker, filter_poster, credit_card, fb, tw auth details etc.',
  `attrib_subtype` varchar(50) DEFAULT NULL,
  `attrib_desc` varchar(30) NOT NULL DEFAULT '' COMMENT 'attribute sub type such as filter name or sub type under attrib_type e.g. filter1',
  `val_bigint` bigint(20) DEFAULT NULL COMMENT 'Long integer value',
  `val_int` int(11) DEFAULT NULL COMMENT 'Integer value',
  `val_real` decimal(15,2) DEFAULT NULL COMMENT 'real value',
  `val_str` varchar(8000) DEFAULT NULL COMMENT 'string value, for example filter and preferences related data',
  `val_dt` datetime DEFAULT NULL COMMENT 'date value',
  `created_at` timestamp NOT NULL DEFAULT CURRENT_TIMESTAMP,
  `created_by` bigint(20) NOT NULL,
  `updated_at` datetime DEFAULT NULL,
  `updated_by` bigint(20) DEFAULT NULL,
  `source_app` varchar(10) DEFAULT NULL,
  `status` char(1) DEFAULT 'a',
  PRIMARY KEY (`user_id`,`attrib_type`,`attrib_desc`)
) ENGINE=InnoDB DEFAULT CHARSET=utf8 COMMENT='This table holds user attributes which are assigned on need basis and not always required for each user. for example, search filters etc.';

--
-- Dumping data for table `gc_dta_user_attrib`
--

INSERT INTO `gc_dta_user_attrib` (`user_id`, `attrib_type`, `attrib_subtype`, `attrib_desc`, `val_bigint`, `val_int`, `val_real`, `val_str`, `val_dt`, `created_at`, `created_by`, `updated_at`, `updated_by`, `source_app`, `status`) VALUES
(298, 'filter_task', NULL, 'asasa', NULL, NULL, NULL, 'http://192.168.1.200:8080/greencometdev/public/tasks/?quick_filter=bookmark_subtype', NULL, '2014-05-05 09:47:12', 298, NULL, NULL, NULL, 'a'),
(298, 'filter_task', NULL, 'sasassas', NULL, NULL, NULL, 'http://192.168.1.200:8080/greencometdev/public/tasks/?quick_filter=account_type', NULL, '2014-05-05 09:47:27', 298, NULL, NULL, NULL, 'a'),
(298, 'filter_tasker', NULL, '34556', NULL, NULL, NULL, 'http://192.168.1.200:8080/greencometdev/poster/findtasker?quick_filter=account_type', NULL, '2014-05-05 09:13:35', 298, NULL, NULL, NULL, 'a'),
(298, 'filter_tasker_mytasks', NULL, 'asdasdasd', NULL, NULL, NULL, 'http://192.168.1.200:8080/greencometdev/tasker/mytasks?Task[state]=f', NULL, '2014-05-05 10:31:22', 298, NULL, NULL, NULL, 'a');

-- --------------------------------------------------------

--
-- Table structure for table `gc_dta_user_bookmark`
--

CREATE TABLE IF NOT EXISTS `gc_dta_user_bookmark` (
  `bookmark_id` bigint(20) NOT NULL AUTO_INCREMENT,
  `user_id` bigint(20) DEFAULT NULL COMMENT 'Bookmark information of which user',
  `bookmark_type` varchar(30) NOT NULL COMMENT 'task, tasker, poster',
  `bookmark_subtype` char(1) NOT NULL DEFAULT 'r' COMMENT 'f = favorite, r = mark read, s = mark saved for later selection',
  `task_id` bigint(20) DEFAULT NULL,
  `bookmark_user_id` bigint(20) DEFAULT NULL,
  `created_at` timestamp NOT NULL DEFAULT CURRENT_TIMESTAMP,
  `created_by` bigint(20) NOT NULL,
  `updated_at` datetime DEFAULT NULL,
  `updated_by` bigint(20) DEFAULT NULL,
  `source_app` varchar(10) DEFAULT NULL,
  `status` char(1) DEFAULT 'a',
  PRIMARY KEY (`bookmark_id`),
  KEY `idx1_gc_dta_user_bookmark_type` (`user_id`,`bookmark_type`,`bookmark_subtype`)
) ENGINE=InnoDB  DEFAULT CHARSET=utf8 COMMENT='This table holds all bookmarks information created by a user. Based on value of bookmark_type, bookmark_user_id or task_id column will have valid value' AUTO_INCREMENT=20 ;

--
-- Dumping data for table `gc_dta_user_bookmark`
--

INSERT INTO `gc_dta_user_bookmark` (`bookmark_id`, `user_id`, `bookmark_type`, `bookmark_subtype`, `task_id`, `bookmark_user_id`, `created_at`, `created_by`, `updated_at`, `updated_by`, `source_app`, `status`) VALUES
(1, 317, 'task', 'f', 634, NULL, '2014-05-05 04:33:15', 317, NULL, NULL, 'web', 'a'),
(3, 317, 'tasker', 'f', NULL, 316, '2014-05-05 06:41:15', 317, NULL, NULL, 'web', 'a'),
(4, 317, 'tasker', 'f', NULL, 314, '2014-05-05 06:41:28', 317, NULL, NULL, 'web', 'a'),
(5, 317, 'tasker', 'f', NULL, 307, '2014-05-05 06:41:41', 317, NULL, NULL, 'web', 'a'),
(6, 317, 'tasker', 'f', NULL, 302, '2014-05-05 06:42:04', 317, NULL, NULL, 'web', 'a'),
(7, 298, 'task', 'f', 638, NULL, '2014-05-05 07:19:02', 298, NULL, NULL, 'web', 'a'),
(8, 298, 'task', 'f', 614, NULL, '2014-05-05 07:24:29', 298, NULL, NULL, 'web', 'a'),
(10, 298, 'tasker', 'f', NULL, 309, '2014-05-05 08:20:16', 298, NULL, NULL, 'web', 'a'),
(13, 317, 'tasker', 'f', NULL, 323, '2014-05-06 06:02:28', 317, NULL, NULL, 'web', 'a'),
(15, 317, 'task', 'f', 661, NULL, '2014-05-06 06:51:00', 317, NULL, NULL, 'web', 'a'),
(17, 316, 'task', 'r', 615, NULL, '2014-05-13 04:42:44', 316, NULL, NULL, 'web', 'a'),
(19, 316, 'task', 'f', 615, NULL, '2014-05-13 04:42:50', 316, NULL, NULL, 'web', 'a');

-- --------------------------------------------------------

--
-- Table structure for table `gc_dta_user_connection`
--

CREATE TABLE IF NOT EXISTS `gc_dta_user_connection` (
  `user_id` bigint(20) NOT NULL DEFAULT '0' COMMENT 'connection info of which user',
  `connected_user_id` varchar(30) NOT NULL COMMENT 'user_id is connected with which user id',
  `approval_status` char(1) NOT NULL DEFAULT 'a' COMMENT 'a = approved, r = rejected, p = approval pending',
  `approved_at` timestamp NULL DEFAULT NULL,
  `created_at` timestamp NOT NULL DEFAULT CURRENT_TIMESTAMP,
  `created_by` bigint(20) NOT NULL,
  `updated_at` datetime DEFAULT NULL,
  `updated_by` bigint(20) DEFAULT NULL,
  `source_app` varchar(10) DEFAULT NULL,
  `status` char(1) DEFAULT 'a',
  PRIMARY KEY (`user_id`,`connected_user_id`)
) ENGINE=InnoDB DEFAULT CHARSET=utf8 COMMENT='This table holds all connections related details of a user_id. Once connection is approved, a new record is created for by swaping user_id and connected_user_id values.';

-- --------------------------------------------------------

--
-- Table structure for table `gc_dta_user_contact`
--

CREATE TABLE IF NOT EXISTS `gc_dta_user_contact` (
  `contact_id` varchar(250) NOT NULL DEFAULT '',
  `contact_type` char(1) DEFAULT NULL,
  `user_id` bigint(20) NOT NULL,
  `is_primary` bigint(20) NOT NULL,
  `is_login_allowed` tinyint(1) NOT NULL DEFAULT '1',
  `created_at` timestamp NOT NULL DEFAULT CURRENT_TIMESTAMP,
  `last_updated_at` timestamp NULL DEFAULT NULL,
  `status` char(1) DEFAULT 'a',
  `source_app` varchar(10) DEFAULT NULL,
  PRIMARY KEY (`contact_id`),
  KEY `gc_dta_user_contact_idx1` (`user_id`)
) ENGINE=InnoDB DEFAULT CHARSET=utf8;

--
-- Dumping data for table `gc_dta_user_contact`
--

INSERT INTO `gc_dta_user_contact` (`contact_id`, `contact_type`, `user_id`, `is_primary`, `is_login_allowed`, `created_at`, `last_updated_at`, `status`, `source_app`) VALUES
('9610040782', 'P', 1, 1, 1, '2014-03-11 11:58:08', NULL, 'a', NULL),
('alexanderc@gmail.com', 'E', 304, 1, 1, '2014-05-03 06:26:05', NULL, 'a', 'web'),
('alice@gmail.com', 'E', 323, 1, 1, '2014-05-06 04:08:44', NULL, 'a', 'web'),
('archanakp@aryavratinfotech.com', 'E', 324, 1, 1, '2014-05-08 11:55:42', NULL, 'a', 'web'),
('ashrafnet@gmail.com', 'E', 305, 1, 1, '2014-05-03 06:27:39', NULL, 'a', 'web'),
('denislvin@gmail.com', 'E', 311, 1, 1, '2014-05-03 06:36:38', NULL, 'a', 'web'),
('gajendra.rao@aryavratinfotech.com', 'E', 317, 1, 1, '2014-05-05 04:17:37', NULL, 'a', 'web'),
('gajendra@admin.com', 'E', 327, 1, 1, '2014-05-22 11:05:18', NULL, 'a', 'web'),
('haroldh@gmail.com', 'E', 308, 1, 1, '2014-05-03 06:31:58', NULL, 'a', 'web'),
('jamiefrayer@gmail.com', 'E', 302, 1, 1, '2014-05-03 06:11:11', NULL, 'a', 'web'),
('jenifertoussant@gmail.com', 'E', 299, 1, 1, '2014-05-03 06:07:59', NULL, 'a', 'web'),
('jidongwang@gmail.com', 'E', 315, 1, 1, '2014-05-03 06:47:23', NULL, 'a', 'web'),
('john@gmail.com', 'E', 320, 1, 1, '2014-05-06 04:04:30', NULL, 'a', 'web'),
('jolenemartin@gmail.com', 'E', 300, 1, 1, '2014-05-03 06:09:36', NULL, 'a', 'web'),
('khrystyner@gmail.com', 'E', 307, 1, 1, '2014-05-03 06:30:43', NULL, 'a', 'web'),
('liliau@gmail.com', 'E', 314, 1, 1, '2014-05-03 06:45:15', NULL, 'a', 'web'),
('marisa@gmail.com', 'E', 313, 1, 1, '2014-05-03 06:43:32', NULL, 'a', 'web'),
('mary@gmail.com', 'E', 318, 1, 1, '2014-05-06 04:03:50', NULL, 'a', 'web'),
('mukul2@gmail.com', 'E', 1, 1, 1, '2014-01-27 06:23:15', NULL, 'a', NULL),
('mukulmedatwal@gmail.com', 'E', 316, 1, 1, '2014-05-03 06:57:16', NULL, 'a', 'web'),
('nataliasmirnova@gmail.com', 'E', 310, 1, 1, '2014-05-03 06:34:46', NULL, 'a', 'web'),
('pake@gmail.com', 'E', 322, 1, 1, '2014-05-06 04:04:58', NULL, 'a', 'web'),
('parker@gmail.com', 'E', 321, 1, 1, '2014-05-06 04:04:45', NULL, 'a', 'web'),
('rolanda@gmail.com', 'E', 301, 1, 1, '2014-05-03 06:10:31', NULL, 'a', 'web'),
('sergeykoshkarev@gmail.com', 'E', 309, 1, 1, '2014-05-03 06:33:17', NULL, 'a', 'web'),
('shareemthahir@gmail.com', 'E', 303, 1, 1, '2014-05-03 06:24:21', NULL, 'a', 'web'),
('soslanaldatov@gmail.com', 'E', 298, 1, 1, '2014-05-03 05:46:14', NULL, 'a', 'web'),
('tedpalmisciano@gmail.com', 'E', 306, 1, 1, '2014-05-03 06:29:12', NULL, 'a', 'web'),
('vidya.bhushan40@gmail.com', 'E', 312, 1, 1, '2014-05-03 06:41:52', NULL, 'a', 'web'),
('vidya@gmail.com', 'E', 319, 1, 1, '2014-05-06 04:04:07', NULL, 'a', 'web'),
('virendra@admin.com', 'E', 325, 1, 1, '2014-05-14 13:16:29', NULL, 'a', 'web');

-- --------------------------------------------------------

--
-- Table structure for table `gc_dta_user_contact_pending`
--

CREATE TABLE IF NOT EXISTS `gc_dta_user_contact_pending` (
  `tran_id` bigint(20) NOT NULL AUTO_INCREMENT,
  `contact_id` varchar(250) DEFAULT NULL,
  `contact_type` char(1) DEFAULT NULL,
  `user_id` bigint(20) NOT NULL,
  `is_primary` int(20) NOT NULL,
  `created_at` timestamp NOT NULL DEFAULT CURRENT_TIMESTAMP,
  `last_updated_at` timestamp NULL DEFAULT NULL,
  `status` char(1) DEFAULT 'a',
  `source_app` varchar(10) DEFAULT NULL,
  PRIMARY KEY (`tran_id`),
  UNIQUE KEY `contact_type` (`contact_type`),
  KEY `fk_dtausercontactpending_userid` (`user_id`),
  KEY `gc_dta_user_contact_pending_idx1` (`contact_id`)
) ENGINE=InnoDB DEFAULT CHARSET=utf8 AUTO_INCREMENT=1 ;

-- --------------------------------------------------------

--
-- Table structure for table `gc_dta_user_device`
--

CREATE TABLE IF NOT EXISTS `gc_dta_user_device` (
  `user_device_id` bigint(20) NOT NULL AUTO_INCREMENT,
  `user_id` bigint(20) DEFAULT NULL,
  `sim_serial_number` varchar(30) DEFAULT NULL,
  `device_mac_addr` varchar(200) DEFAULT NULL,
  `emei_meid_esn` varchar(20) DEFAULT NULL,
  `device_model` varchar(20) DEFAULT NULL,
  `device_density` varchar(20) DEFAULT NULL,
  `device_resolution` varchar(20) DEFAULT NULL,
  `os_type` char(1) NOT NULL COMMENT 'a-android, i-ios',
  `os_ver` varchar(20) DEFAULT NULL COMMENT 'os version like 4.2.0',
  `os_kernal_ver` varchar(20) DEFAULT NULL,
  `os_build_num` varchar(20) DEFAULT NULL,
  `sim_operator_nm` varchar(30) DEFAULT NULL COMMENT 'SIM operator name',
  `sim_operator` varchar(30) DEFAULT NULL COMMENT 'SIM operator MCCMNC',
  `sim_network_operator` varchar(30) DEFAULT NULL COMMENT 'SIM  network operator MNCMNC, where SIM is registered',
  `sim_country_iso` varchar(20) DEFAULT NULL COMMENT 'SIM  network operator MCCMNC, where SIM is registered (IN,US, UK)',
  `iv_client_ver` varchar(20) DEFAULT NULL COMMENT 'Client app version like <appname>_01.00.123',
  `country_code` char(3) DEFAULT NULL COMMENT 'SIM  country code',
  `state_id` int(11) DEFAULT NULL,
  `city_id` int(11) DEFAULT NULL,
  `cloud_key_to_notify` varchar(200) DEFAULT NULL,
  `status` char(1) DEFAULT 'a',
  `remote_device_id` varchar(256) CHARACTER SET latin1 DEFAULT NULL COMMENT 'Handset set device unique id',
  `last_fetched_msg_id` bigint(20) DEFAULT '0',
  `last_fetched_contact_trno` bigint(20) DEFAULT '0',
  `last_accessed` timestamp NOT NULL DEFAULT CURRENT_TIMESTAMP,
  `created_at` datetime NOT NULL,
  `last_fetched_msg_activity_id` bigint(20) DEFAULT '0',
  `last_fetched_profile_trno` bigint(20) DEFAULT '0',
  `is_pending_iv_join_pn` tinyint(4) DEFAULT '0',
  `first_iv_client_ver` varchar(20) DEFAULT NULL,
  `cloud_key_last_error` varchar(255) DEFAULT NULL COMMENT 'Handset app level cloud key for push notifications',
  `actions_required` varchar(500) DEFAULT NULL COMMENT 'Handset app need to executed these commands when active',
  `contact_id` varchar(200) DEFAULT NULL COMMENT 'contact id (phone/email) used for Sign In/Sign Up',
  `sim_network_operator_nm` varchar(30) DEFAULT NULL COMMENT 'SIM operator name where it is registered',
  `phone_num_edited` tinyint(4) DEFAULT '1',
  PRIMARY KEY (`user_device_id`),
  UNIQUE KEY `user_id_1` (`user_id`,`remote_device_id`),
  KEY `iv_user_device_idx_device_id` (`remote_device_id`)
) ENGINE=InnoDB  DEFAULT CHARSET=utf8 AUTO_INCREMENT=155 ;

-- --------------------------------------------------------

--
-- Table structure for table `gc_dta_user_rating`
--

CREATE TABLE IF NOT EXISTS `gc_dta_user_rating` (
  `user_rating_trno` bigint(20) NOT NULL AUTO_INCREMENT COMMENT 'entry id',
  `task_id` bigint(20) NOT NULL COMMENT 'Rating is given against which task?',
  `rating_for` char(1) NOT NULL COMMENT 'Rating is given for_user_id, ''p'' means for Poster ''t'' means for Tasker',
  `by_user_id` bigint(20) NOT NULL COMMENT 'user_id of the user, who has given the rating',
  `for_user_id` bigint(20) NOT NULL COMMENT 'user_id of the user, for whom rating is given',
  `created_at` timestamp NOT NULL DEFAULT CURRENT_TIMESTAMP,
  `created_by` bigint(20) NOT NULL,
  `updated_at` datetime DEFAULT NULL,
  `updated_by` bigint(20) DEFAULT NULL,
  `source_app` varchar(10) DEFAULT NULL,
  `status` char(1) DEFAULT 'a' COMMENT ' ''a'' means active, ''d'' means deleted',
  PRIMARY KEY (`user_rating_trno`)
) ENGINE=InnoDB DEFAULT CHARSET=utf8 COMMENT='This table holds a task related rating master information' AUTO_INCREMENT=1 ;

-- --------------------------------------------------------

--
-- Table structure for table `gc_dta_user_rating_dtl`
--

CREATE TABLE IF NOT EXISTS `gc_dta_user_rating_dtl` (
  `user_rating_trno` bigint(20) NOT NULL DEFAULT '0',
  `rating_id` int(11) NOT NULL,
  `rating` decimal(5,2) DEFAULT '0.00' COMMENT 'rating value in range 0-max allowed rating value',
  `status` char(1) DEFAULT 'a' COMMENT ' ''a'' means active, ''d'' means deleted',
  PRIMARY KEY (`user_rating_trno`,`rating_id`)
) ENGINE=InnoDB DEFAULT CHARSET=utf8 COMMENT='This table holds rating_id wise rating value.';

-- --------------------------------------------------------

--
-- Table structure for table `gc_dta_user_speciality`
--

CREATE TABLE IF NOT EXISTS `gc_dta_user_speciality` (
  `user_id` bigint(20) NOT NULL,
  `skill_id` int(11) NOT NULL,
  `country_code` char(2) DEFAULT NULL,
  `state_id` int(11) DEFAULT NULL,
  `region_id` int(11) DEFAULT NULL,
  `city_id` int(11) DEFAULT NULL,
  `created_at` timestamp NOT NULL DEFAULT CURRENT_TIMESTAMP,
  `status` char(1) DEFAULT 'a',
  `source_app` varchar(10) DEFAULT NULL,
  PRIMARY KEY (`user_id`,`skill_id`),
  KEY `fk_dtauserspeciality_skillid` (`skill_id`),
  KEY `gc_dta_user_speciality_idx1` (`state_id`),
  KEY `gc_dta_user_speciality_idx2` (`city_id`),
  KEY `gc_dta_user_speciality_idx3` (`region_id`),
  KEY `gc_dta_user_speciality_idx4` (`country_code`)
) ENGINE=InnoDB DEFAULT CHARSET=utf8;

--
-- Dumping data for table `gc_dta_user_speciality`
--

INSERT INTO `gc_dta_user_speciality` (`user_id`, `skill_id`, `country_code`, `state_id`, `region_id`, `city_id`, `created_at`, `status`, `source_app`) VALUES
(299, 1, NULL, NULL, NULL, NULL, '2014-05-06 09:42:03', 'a', 'web'),
(299, 2, NULL, NULL, NULL, NULL, '2014-05-06 09:42:03', 'a', 'web'),
(299, 14, NULL, NULL, NULL, NULL, '2014-05-06 09:42:03', 'a', 'web'),
(299, 15, NULL, NULL, NULL, NULL, '2014-05-06 09:42:03', 'a', 'web'),
(301, 15, NULL, NULL, NULL, NULL, '2014-05-06 05:01:34', 'a', 'web'),
(301, 16, NULL, NULL, NULL, NULL, '2014-05-06 05:01:35', 'a', 'web'),
(301, 17, NULL, NULL, NULL, NULL, '2014-05-06 05:01:36', 'a', 'web'),
(301, 25, NULL, NULL, NULL, NULL, '2014-05-06 05:01:36', 'a', 'web'),
(302, 108, NULL, NULL, NULL, NULL, '2014-05-20 07:24:25', 'a', 'web'),
(303, 108, NULL, NULL, NULL, NULL, '2014-05-20 07:04:49', 'a', 'web'),
(312, 1, NULL, NULL, NULL, NULL, '2014-05-06 04:27:39', 'a', 'web'),
(312, 2, NULL, NULL, NULL, NULL, '2014-05-06 04:27:39', 'a', 'web'),
(312, 15, NULL, NULL, NULL, NULL, '2014-05-06 04:27:39', 'a', 'web'),
(313, 44, NULL, NULL, NULL, NULL, '2014-05-06 05:26:23', 'a', 'web'),
(313, 45, NULL, NULL, NULL, NULL, '2014-05-06 05:26:23', 'a', 'web'),
(313, 73, NULL, NULL, NULL, NULL, '2014-05-06 05:26:23', 'a', 'web'),
(316, 1, NULL, NULL, NULL, NULL, '2014-05-05 14:05:44', 'a', 'web'),
(316, 2, NULL, NULL, NULL, NULL, '2014-05-05 14:05:44', 'a', 'web'),
(316, 14, NULL, NULL, NULL, NULL, '2014-05-05 14:05:44', 'a', 'web'),
(316, 15, NULL, NULL, NULL, NULL, '2014-05-05 14:05:46', 'a', 'web'),
(316, 16, NULL, NULL, NULL, NULL, '2014-05-05 14:05:46', 'a', 'web');

-- --------------------------------------------------------

--
-- Table structure for table `gc_dta_user_work_hours`
--

CREATE TABLE IF NOT EXISTS `gc_dta_user_work_hours` (
  `user_id` bigint(20) NOT NULL,
  `day` int(1) NOT NULL DEFAULT '0',
  `start_hour` char(4) NOT NULL,
  `end_hour` char(4) NOT NULL,
  `created_at` timestamp NOT NULL DEFAULT CURRENT_TIMESTAMP,
  `last_updated_at` timestamp NULL DEFAULT NULL,
  `status` char(1) DEFAULT 'a',
  `source_app` varchar(10) DEFAULT NULL,
  PRIMARY KEY (`user_id`,`day`,`start_hour`,`end_hour`),
  KEY `idx_gc_dta_user_work_hours` (`day`,`start_hour`,`end_hour`,`user_id`)
) ENGINE=InnoDB DEFAULT CHARSET=utf8;

-- --------------------------------------------------------

--
-- Table structure for table `gc_dta_user_work_location`
--

CREATE TABLE IF NOT EXISTS `gc_dta_user_work_location` (
  `user_id` bigint(20) NOT NULL,
  `country_code` char(2) NOT NULL DEFAULT '',
  `state_id` int(11) DEFAULT NULL,
  `region_id` int(11) DEFAULT NULL,
  `city_id` int(11) DEFAULT NULL,
  `created_at` timestamp NOT NULL DEFAULT CURRENT_TIMESTAMP,
  `status` char(1) DEFAULT 'a',
  `source_app` varchar(10) DEFAULT NULL,
  PRIMARY KEY (`user_id`,`country_code`),
  KEY `gc_dta_user_work_location_idx1` (`state_id`),
  KEY `gc_dta_user_work_location_idx2` (`region_id`),
  KEY `gc_dta_user_work_location_idx3` (`city_id`),
  KEY `fk_dta_user_work_location_country_code` (`country_code`)
) ENGINE=InnoDB DEFAULT CHARSET=utf8;

--
-- Dumping data for table `gc_dta_user_work_location`
--

INSERT INTO `gc_dta_user_work_location` (`user_id`, `country_code`, `state_id`, `region_id`, `city_id`, `created_at`, `status`, `source_app`) VALUES
(301, 'US', NULL, NULL, NULL, '2014-05-06 05:01:36', 'a', 'web'),
(303, 'CA', NULL, NULL, NULL, '2014-05-20 07:04:51', 'a', 'web'),
(303, 'UK', NULL, NULL, NULL, '2014-05-20 07:04:51', 'a', 'web'),
(303, 'US', NULL, NULL, NULL, '2014-05-20 07:04:49', 'a', 'web'),
(304, 'CA', NULL, NULL, NULL, '2014-05-03 08:33:23', 'a', 'web'),
(304, 'UK', NULL, NULL, NULL, '2014-05-03 08:33:21', 'a', 'web'),
(304, 'US', NULL, NULL, NULL, '2014-05-03 08:33:21', 'a', 'web'),
(312, 'IN', NULL, NULL, NULL, '2014-05-06 04:27:40', 'a', 'web'),
(313, 'CA', NULL, NULL, NULL, '2014-05-06 05:26:25', 'a', 'web');

-- --------------------------------------------------------

--
-- Table structure for table `gc_mst_blocked_ip`
--

CREATE TABLE IF NOT EXISTS `gc_mst_blocked_ip` (
  `blocked_ip_id` int(11) NOT NULL AUTO_INCREMENT,
  `ip_address` varchar(40) NOT NULL COMMENT 'Blocked IP4 and IPv6 address, which can include wild char like 202.120.*',
  `start_dt` timestamp NOT NULL DEFAULT CURRENT_TIMESTAMP ON UPDATE CURRENT_TIMESTAMP COMMENT 'Blocking start period, null value means as soon record is created',
  `end_dt` timestamp NOT NULL DEFAULT '0000-00-00 00:00:00' COMMENT 'Blocking end period, null value means for ever',
  `reason` varchar(2000) DEFAULT NULL COMMENT 'Reason for blocking',
  `status` varchar(1) DEFAULT 'a' COMMENT 'a means in blocked state, d means unblocked/deleted, in case record cannot be deleted',
  `create_at` timestamp NOT NULL DEFAULT CURRENT_TIMESTAMP,
  `created_by` bigint(20) DEFAULT NULL,
  `update_at` timestamp NULL DEFAULT NULL,
  `updated_by` bigint(20) DEFAULT NULL,
  PRIMARY KEY (`blocked_ip_id`),
  KEY `gc_dta_blocked_ip_idx1` (`ip_address`)
) ENGINE=MyISAM  DEFAULT CHARSET=utf8 COMMENT='List of blocked IP addresses. Read on this table is more frequent.' AUTO_INCREMENT=39 ;

--
-- Dumping data for table `gc_mst_blocked_ip`
--

INSERT INTO `gc_mst_blocked_ip` (`blocked_ip_id`, `ip_address`, `start_dt`, `end_dt`, `reason`, `status`, `create_at`, `created_by`, `update_at`, `updated_by`) VALUES
(37, '123.456.7.890', '2014-05-23 12:59:35', '2014-05-23 07:50:40', 'invalid ip', 'a', '2014-05-23 12:31:08', 0, '0000-00-00 00:00:00', 0),
(35, '192.168.1.200:8080', '2014-05-23 12:59:34', '2014-05-23 07:50:40', 'reported', 'a', '2014-05-23 12:29:39', 0, '0000-00-00 00:00:00', 0),
(34, '123.456.7.890', '2014-05-23 13:00:05', '2015-08-10 17:00:00', 'Invalid content', '1', '2014-05-23 12:09:16', 0, '0000-00-00 00:00:00', 0),
(36, '192.168.1.200:8080', '2014-05-23 13:00:08', '2014-05-23 07:50:40', 'content issues', 'a', '2014-05-23 12:30:33', 0, '0000-00-00 00:00:00', 0),
(38, '192.168.1.200:8060', '2014-05-23 12:59:52', '0000-00-00 00:00:00', 'content issues', 'n', '2014-05-23 12:50:44', 0, '0000-00-00 00:00:00', 0);

-- --------------------------------------------------------

--
-- Table structure for table `gc_mst_category`
--

CREATE TABLE IF NOT EXISTS `gc_mst_category` (
  `category_id` int(11) NOT NULL AUTO_INCREMENT,
  `is_virtual` tinyint(1) NOT NULL DEFAULT '1',
  `is_inperson` tinyint(1) NOT NULL DEFAULT '1',
  `is_instant` tinyint(1) NOT NULL DEFAULT '1',
  `parent_id` int(11) DEFAULT NULL,
  `default_min_price` int(11) DEFAULT '0',
  `default_max_price` int(11) DEFAULT '0',
  `default_estimated_hours` int(5) DEFAULT '0',
  `task_post_cnt` int(11) DEFAULT '0',
  `task_post_total_hours` int(11) DEFAULT '0',
  `task_post_total_price` int(11) DEFAULT '0',
  `task_done_cnt` int(11) DEFAULT '0',
  `task_done_total_hours` int(11) DEFAULT '0',
  `task_done_total_price` int(11) DEFAULT '0',
  `task_cancel_cnt` int(11) DEFAULT '0',
  `task_cancel_total_hours` int(11) DEFAULT '0',
  `task_cancel_total_price` int(11) DEFAULT '0',
  PRIMARY KEY (`category_id`),
  KEY `idx_gc_mst_category_is_virtual` (`is_virtual`),
  KEY `idx_gc_mst_category_is_inperson` (`is_inperson`),
  KEY `idx_gc_mst_category_is_instant` (`is_instant`)
) ENGINE=InnoDB  DEFAULT CHARSET=utf8 AUTO_INCREMENT=81 ;

--
-- Dumping data for table `gc_mst_category`
--

INSERT INTO `gc_mst_category` (`category_id`, `is_virtual`, `is_inperson`, `is_instant`, `parent_id`, `default_min_price`, `default_max_price`, `default_estimated_hours`, `task_post_cnt`, `task_post_total_hours`, `task_post_total_price`, `task_done_cnt`, `task_done_total_hours`, `task_done_total_price`, `task_cancel_cnt`, `task_cancel_total_hours`, `task_cancel_total_price`) VALUES
(1, 0, 1, 1, NULL, 0, 0, 0, 0, 0, 0, 0, 0, 0, 0, 0, 0),
(2, 1, 1, 1, NULL, 0, 0, 0, 0, 0, 0, 0, 0, 0, 0, 0, 0),
(3, 1, 1, 0, NULL, 0, 0, 0, 0, 0, 0, 0, 0, 0, 0, 0, 0),
(4, 0, 1, 1, NULL, 0, 0, 0, 0, 0, 0, 0, 0, 0, 0, 0, 0),
(5, 1, 0, 1, NULL, 0, 0, 0, 0, 0, 0, 0, 0, 0, 0, 0, 0),
(6, 1, 1, 0, NULL, 0, 0, 0, 0, 0, 0, 0, 0, 0, 0, 0, 0),
(9, 0, 1, 1, NULL, 0, 0, 0, 0, 0, 0, 0, 0, 0, 0, 0, 0),
(10, 1, 1, 1, NULL, 0, 0, 0, 0, 0, 0, 0, 0, 0, 0, 0, 0),
(11, 1, 1, 1, NULL, 0, 0, 0, 0, 0, 0, 0, 0, 0, 0, 0, 0),
(12, 1, 1, 1, NULL, 0, 0, 0, 0, 0, 0, 0, 0, 0, 0, 0, 0),
(13, 1, 1, 1, NULL, 0, 0, 0, 0, 0, 0, 0, 0, 0, 0, 0, 0),
(14, 1, 1, 1, NULL, 0, 0, 0, 0, 0, 0, 0, 0, 0, 0, 0, 0),
(15, 1, 1, 1, NULL, 0, 0, 0, 0, 0, 0, 0, 0, 0, 0, 0, 0),
(16, 1, 1, 1, NULL, 0, 0, 0, 0, 0, 0, 0, 0, 0, 0, 0, 0),
(17, 1, 1, 1, NULL, 0, 0, 0, 0, 0, 0, 0, 0, 0, 0, 0, 0),
(18, 1, 1, 1, NULL, 0, 0, 0, 0, 0, 0, 0, 0, 0, 0, 0, 0),
(19, 0, 1, 1, NULL, 0, 0, 0, 0, 0, 0, 0, 0, 0, 0, 0, 0),
(20, 1, 0, 0, 70, 0, 0, 0, 0, 0, 0, 0, 0, 0, 0, 0, 0),
(21, 0, 1, 1, NULL, 100, 1000, 10, 0, 0, 0, 0, 0, 0, 0, 0, 0),
(22, 0, 0, 1, NULL, 0, 1000, 1, 0, 0, 0, 0, 0, 0, 0, 0, 0),
(23, 1, 0, 0, NULL, 0, 0, 0, 0, 0, 0, 0, 0, 0, 0, 0, 0),
(24, 1, 0, 0, 23, 12, 250, 4, 0, 0, 0, 0, 0, 0, 0, 0, 0),
(25, 1, 1, 1, 23, 10, 10, 10, 0, 0, 0, 0, 0, 0, 0, 0, 0),
(26, 1, 1, 1, NULL, 0, 0, 0, 0, 0, 0, 0, 0, 0, 0, 0, 0),
(27, 0, 1, 0, NULL, 10, 10, NULL, 0, 0, 0, 0, 0, 0, 0, 0, 0),
(28, 0, 1, 1, NULL, 10, 500, 8, 0, 0, 0, 0, 0, 0, 0, 0, 0),
(29, 1, 1, 1, NULL, 0, 0, 0, 0, 0, 0, 0, 0, 0, 0, 0, 0),
(30, 1, 1, 1, NULL, 60, 250, 4, 0, 0, 0, 0, 0, 0, 0, 0, 0),
(31, 0, 1, 1, NULL, 0, 0, 0, 0, 0, 0, 0, 0, 0, 0, 0, 0),
(32, 0, 1, 1, 31, 10, 100, 5, 0, 0, 0, 0, 0, 0, 0, 0, 0),
(33, 0, 1, 1, NULL, 0, 0, 0, 0, 0, 0, 0, 0, 0, 0, 0, 0),
(34, 0, 1, 1, NULL, 0, 0, 0, 0, 0, 0, 0, 0, 0, 0, 0, 0),
(35, 0, 1, 0, NULL, 0, 0, 0, 0, 0, 0, 0, 0, 0, 0, 0, 0),
(36, 0, 1, 0, NULL, 0, 0, 0, 0, 0, 0, 0, 0, 0, 0, 0, 0),
(38, 1, 1, 1, 20, 0, 0, 0, 0, 0, 0, 0, 0, 0, 0, 0, 0),
(39, 1, 1, 1, NULL, 0, 0, 0, 0, 0, 0, 0, 0, 0, 0, 0, 0),
(45, 1, 0, 1, NULL, 0, 0, 0, 0, 0, 0, 0, 0, 0, 0, 0, 0),
(46, 1, 0, 0, 23, 0, 0, 0, 0, 0, 0, 0, 0, 0, 0, 0, 0),
(47, 1, 0, 0, 23, 100, 200, 100, 0, 0, 0, 0, 0, 0, 0, 0, 0),
(49, 1, 0, 0, 23, 0, 0, 0, 0, 0, 0, 0, 0, 0, 0, 0, 0),
(57, 1, 1, 1, 21, 0, 0, 0, 0, 0, 0, 0, 0, 0, 0, 0, 0),
(64, 0, 0, 1, 21, 0, 0, 0, 0, 0, 0, 0, 0, 0, 0, 0, 0),
(66, 0, 0, 1, NULL, 0, 0, 0, 0, 0, 0, 0, 0, 0, 0, 0, 0),
(68, 0, 1, 1, NULL, 0, 0, 0, 0, 0, 0, 0, 0, 0, 0, 0, 0),
(70, 1, 0, 0, NULL, 0, 0, 0, 0, 0, 0, 0, 0, 0, 0, 0, 0),
(71, 1, 0, 0, 70, 0, 0, 0, 0, 0, 0, 0, 0, 0, 0, 0, 0),
(72, 1, 0, 0, 70, 0, 0, 0, 0, 0, 0, 0, 0, 0, 0, 0, 0),
(73, 1, 0, 0, 70, 0, 0, 0, 0, 0, 0, 0, 0, 0, 0, 0, 0),
(74, 1, 0, 0, 70, 0, 0, 0, 0, 0, 0, 0, 0, 0, 0, 0, 0),
(75, 1, 0, 0, 70, 0, 0, 0, 0, 0, 0, 0, 0, 0, 0, 0, 0),
(76, 1, 0, 0, 70, 0, 0, 0, 0, 0, 0, 0, 0, 0, 0, 0, 0),
(77, 1, 0, 0, NULL, 0, 0, 0, 0, 0, 0, 0, 0, 0, 0, 0, 0),
(78, 1, 0, 0, 77, 0, 0, 0, 0, 0, 0, 0, 0, 0, 0, 0, 0),
(79, 1, 0, 0, 77, 0, 0, 0, 0, 0, 0, 0, 0, 0, 0, 0, 0),
(80, 1, 0, 0, 77, 20, 50, 3, 0, 0, 0, 0, 0, 0, 0, 0, 0);

-- --------------------------------------------------------

--
-- Table structure for table `gc_mst_category_locale`
--

CREATE TABLE IF NOT EXISTS `gc_mst_category_locale` (
  `category_id` int(11) NOT NULL,
  `parent_id` int(11) NOT NULL,
  `language_code` varchar(5) NOT NULL,
  `category_name` varchar(40) NOT NULL,
  `category_image` varchar(500) DEFAULT NULL,
  `category_desc` varchar(1000) DEFAULT NULL,
  `category_status` tinyint(1) NOT NULL DEFAULT '1',
  `category_priority` int(11) DEFAULT NULL,
  `create_timestamp` timestamp NOT NULL DEFAULT CURRENT_TIMESTAMP,
  `created_by` bigint(20) DEFAULT NULL,
  `update_timestamp` timestamp NULL DEFAULT NULL,
  `updated_by` bigint(20) DEFAULT NULL,
  `task_templates` varchar(6000) DEFAULT NULL,
  PRIMARY KEY (`language_code`,`category_id`),
  KEY `fk_categorylocale_categoryid` (`category_id`),
  KEY `fk_categorylocale_createdby` (`created_by`),
  KEY `fk_categorylocale_updatedby` (`updated_by`)
) ENGINE=InnoDB DEFAULT CHARSET=utf8;

--
-- Dumping data for table `gc_mst_category_locale`
--

INSERT INTO `gc_mst_category_locale` (`category_id`, `parent_id`, `language_code`, `category_name`, `category_image`, `category_desc`, `category_status`, `category_priority`, `create_timestamp`, `created_by`, `update_timestamp`, `updated_by`, `task_templates`) VALUES
(20, 70, 'en_us', 'Logo Design', '1_1400154589_uploaded.png', NULL, 1, 10, '2014-02-03 19:16:29', NULL, NULL, NULL, '[{"title":"Delivery","desc":"Identify the distance standpoint, verifying which stops along the delivery route are closest and progressively further away.\\r\\n\\r\\nVerify the order prior to physically removing the merchandise from your vehicle and delivering it to its final destination.\\r\\nAble to deliver customer orders to the right address."}]'),
(21, 0, 'en_us', 'Restaurant Delivery', '1_1395904512_uploaded.png', NULL, 1, 7, '2014-02-03 19:16:47', NULL, NULL, NULL, ''),
(22, 0, 'en_us', 'Shipping', NULL, NULL, 1, 1, '2014-02-03 19:17:03', NULL, NULL, NULL, '[{"title":"Shipping","desc":"Acquire contact information of each account on your delivery route. This goes beyond the physical address. By having the current name and telephone number of your point of contact, you can directly address the proper source with any questions, concerns or updates.\\r\\n\\r\\nWork in clusters, grouping the stops along your delivery route that are close in proximity to each other."}]'),
(23, 0, 'en_us', 'It And Programming', '1_1395904181_uploaded.png', NULL, 1, 11, '2014-02-03 19:17:30', NULL, NULL, NULL, '[{"title":"IT & Programming","desc":"Computer hardware skills such as are needed to keep several servers (production, backup, development) running smoothly.\\r\\nThe person must be able to work independently and in a team setting. Must be able to communicate with all levels of audience, the person will need to show confidence and initiative and have a solid commitment to quality solutions."}]'),
(24, 23, 'en_us', 'Website Design', '1_1395830951_uploaded.png', NULL, 1, 5, '2014-02-03 19:17:43', NULL, NULL, NULL, '[{"title":"Website Design","desc":"Plans site design by clarifying goals; designing functionality. Develops site navigation by categorizing content; funneling traffic through content. Develops site content and graphics by coordinating with copywriters and graphic artists; designing images, icons, banners, audio enhancements, etc.\\r\\nPrepares site by installing and configuring server software; installing programming language using authoring and formatting tools; ensuring cross-platform compatibility; establishing links.\\r\\nEstablishes locatability by registering with search engines. Upgrades site by updating content and graphics; monitoring performance and results; identifying and evaluating improvement options; introducing new technology; maintaining links.\\r\\nProtects site by designing and installing security precautions.\\r\\nMaintains site appearance by developing and enforcing content and display standards; editing submissions."}]'),
(25, 23, 'en_us', 'Web Development', '1_1395903852_uploaded.png', NULL, 1, 6, '2014-02-03 19:17:57', NULL, NULL, NULL, ''),
(27, 0, 'en_us', 'Yard Work', NULL, NULL, 1, 4, '2014-02-03 19:18:32', NULL, NULL, NULL, '[{"title":"Yard Work","desc":"Care for established lawns by mulching, aerating, weeding, grubbing and removing thatch, and trimming and edging around flower beds, walks, and walls.\\r\\nPlant seeds, bulbs, foliage, flowering plants, grass, ground covers, trees, and shrubs, and apply mulch for protection, using gardening tools.\\r\\nAttach wires from planted trees to support stakes.\\r\\nMow and edge lawns, using power mowers and edgers.\\r\\nMix and spray or spread fertilizers, herbicides, or insecticides onto grass, shrubs, and trees, using hand or automatic sprayers or spreaders."}]'),
(28, 0, 'en_us', 'Snow Removal', NULL, NULL, 1, 3, '2014-02-03 19:18:48', NULL, NULL, NULL, '[{"title":"Snow Removal","desc":"Vast working experience with snow removal equipment \\r\\nProfound knowledge of mechanical and electrical maintenance \\r\\nProficient with safety rules \\r\\nAbility to travel to different client sites with limited advance notice \\r\\nAbility to work with minimal supervision \\r\\nMaintain the work area and equipment in a clean and orderly condition"}]'),
(30, 0, 'en_us', 'Landscaping', '1_1396243072_uploaded.png', NULL, 1, 2, '2014-02-03 19:19:20', NULL, NULL, NULL, '[{"title":"Test1","desc":"test1 desc11"},{"title":"Test3","desc":"test2 desc33"}]'),
(31, 0, 'en_us', 'Pet Care', NULL, NULL, 1, 9, '2014-02-03 19:20:00', NULL, NULL, NULL, ''),
(32, 31, 'en_us', 'Dog Walking', NULL, NULL, 1, 8, '2014-02-03 19:20:16', NULL, NULL, NULL, ''),
(34, 0, 'en_us', 'Instruction', '1_1395904330_uploaded.png', NULL, 1, 17, '2014-02-03 19:20:50', NULL, NULL, NULL, ''),
(35, 0, 'en_us', 'Tutor', '1_1395904313_uploaded.png', NULL, 1, 16, '2014-02-03 19:21:04', NULL, NULL, NULL, ''),
(36, 0, 'en_us', 'Yoga', NULL, NULL, 1, 15, '2014-02-03 19:21:21', NULL, NULL, NULL, ''),
(46, 23, 'en_us', 'Php', '1_1395904238_uploaded.png', NULL, 1, 14, '2014-02-24 06:32:15', NULL, NULL, NULL, ''),
(47, 23, 'en_us', 'Dot Net', '1_1395904220_uploaded.png', NULL, 1, 13, '2014-02-24 06:32:59', NULL, NULL, NULL, ''),
(49, 23, 'en_us', 'C++', '1_1395904203_uploaded.png', NULL, 1, 12, '2014-02-26 04:22:34', NULL, NULL, NULL, '[{"title":"drtyert","desc":""}]'),
(64, 21, 'en_us', 'Home Delivery', '1_1395904270_uploaded.png', NULL, 1, 18, '2014-03-03 06:03:23', NULL, NULL, NULL, ''),
(66, 0, 'en_us', 'Taxi', NULL, NULL, 1, 19, '2014-03-05 04:27:31', NULL, NULL, NULL, ''),
(68, 0, 'en_us', 'Gardening', '1_1395904980_uploaded.png', NULL, 1, 20, '2014-03-06 06:35:13', NULL, NULL, NULL, ''),
(70, 0, 'en_us', 'Design & Multimedia', NULL, NULL, 1, 21, '2014-03-31 04:14:31', NULL, NULL, NULL, ''),
(71, 70, 'en_us', 'Graphic Design', NULL, NULL, 1, 22, '2014-03-31 04:15:20', NULL, NULL, NULL, ''),
(72, 70, 'en_us', 'Animation', NULL, NULL, 1, 23, '2014-03-31 04:15:37', NULL, NULL, NULL, ''),
(73, 70, 'en_us', 'Photography', NULL, NULL, 1, 24, '2014-03-31 04:15:51', NULL, NULL, NULL, ''),
(74, 70, 'en_us', 'Banner Ads', NULL, NULL, 1, 25, '2014-03-31 04:16:07', NULL, NULL, NULL, ''),
(75, 70, 'en_us', 'Corporate Identity Kit', NULL, NULL, 1, 26, '2014-03-31 04:16:29', NULL, NULL, NULL, ''),
(76, 70, 'en_us', 'Emails & Newsletters', NULL, NULL, 1, 27, '2014-03-31 04:16:44', NULL, NULL, NULL, ''),
(77, 0, 'en_us', 'Writing & Translation', NULL, NULL, 1, 28, '2014-03-31 04:17:02', NULL, NULL, NULL, ''),
(78, 77, 'en_us', 'Article Writing', NULL, NULL, 1, 29, '2014-03-31 04:17:15', NULL, NULL, NULL, ''),
(79, 77, 'en_us', 'Web Content', NULL, NULL, 1, 30, '2014-03-31 04:17:27', NULL, NULL, NULL, ''),
(80, 77, 'en_us', 'Translation', NULL, NULL, 1, 31, '2014-03-31 04:17:51', NULL, NULL, NULL, '[{"title":"111111","desc":"1111111111"},{"title":"333333333333","desc":"333333333333"}]');

-- --------------------------------------------------------

--
-- Table structure for table `gc_mst_category_question`
--

CREATE TABLE IF NOT EXISTS `gc_mst_category_question` (
  `question_id` bigint(20) NOT NULL AUTO_INCREMENT,
  `question_type` char(1) NOT NULL DEFAULT 'l' COMMENT 'l = logical answer, v = online verification purpose, d = descriptive answer',
  `question_for` char(1) NOT NULL DEFAULT 't' COMMENT 'p = poster to provide answer, t = tasker to provide answer, b = both poster and tasker to provide answer under for category',
  `is_answer_must` tinyint(1) NOT NULL DEFAULT '0' COMMENT 'true = answer of this question is REQUIRED from the "question_for" column value basis. False means no',
  PRIMARY KEY (`question_id`)
) ENGINE=InnoDB  DEFAULT CHARSET=utf8 AUTO_INCREMENT=107 ;

--
-- Dumping data for table `gc_mst_category_question`
--

INSERT INTO `gc_mst_category_question` (`question_id`, `question_type`, `question_for`, `is_answer_must`) VALUES
(15, 'l', 't', 0),
(16, 'l', 't', 0),
(25, 'd', 'b', 0),
(27, 'd', 't', 0),
(28, 'd', 't', 0),
(29, 'd', 't', 0),
(30, 'd', 'p', 1),
(31, 'd', 't', 0),
(32, 'd', 't', 1),
(33, 'd', 't', 0),
(34, 'd', 't', 0),
(35, 'd', 't', 0),
(39, 'l', 't', 0),
(40, 'l', 'p', 1),
(43, '', '', 0),
(44, 'd', 'b', 0),
(45, 'd', '', 0),
(46, 'd', 'b', 0),
(47, '', '', 0),
(48, 'd', '', 0),
(49, 'l', '', 0),
(50, 'd', 'b', 0),
(51, 'd', 'b', 0),
(52, 'd', 'b', 0),
(53, 'd', 'b', 0),
(54, 'd', 't', 0),
(55, 'd', 't', 0),
(56, 'd', 't', 0),
(57, 'd', '', 0),
(58, 'd', 't', 0),
(59, 'd', 't', 0),
(60, 'd', 't', 0),
(61, 'd', 'b', 0),
(62, '', 'b', 0),
(63, '', 'b', 0),
(64, '', 'b', 0),
(65, '', 'b', 0),
(66, '', 'b', 0),
(67, '', 'b', 0),
(68, '', 'b', 0),
(69, '', 'b', 0),
(70, '', 'b', 0),
(71, '', 'b', 0),
(72, '', 'b', 0),
(73, '', 'b', 0),
(74, '', 'b', 0),
(75, '', 'b', 0),
(76, '', 'b', 0),
(77, '', 'b', 0),
(78, '', 'b', 0),
(79, '', 'b', 0),
(80, '', 'b', 0),
(81, '', 'b', 0),
(82, '', 'b', 0),
(83, '', 'b', 0),
(84, '', 'b', 0),
(85, '', 'b', 0),
(86, '', 'b', 0),
(87, '', 'b', 0),
(88, '', 'b', 0),
(89, '', 'b', 0),
(90, '', 'b', 0),
(91, '', 'b', 0),
(92, '', 'b', 0),
(93, '', 'b', 0),
(94, '', 'b', 0),
(95, '', 'b', 0),
(96, '', 'b', 0),
(97, '', 'b', 0),
(98, '', 'b', 0),
(99, '', 'b', 0),
(100, '', 'b', 0),
(101, '', 'b', 0),
(102, '', 'b', 0),
(103, '', 'b', 0),
(104, '', 'b', 0),
(105, '', 'b', 0),
(106, '', 'b', 0);

-- --------------------------------------------------------

--
-- Table structure for table `gc_mst_category_question_locale`
--

CREATE TABLE IF NOT EXISTS `gc_mst_category_question_locale` (
  `category_id` int(11) NOT NULL,
  `language_code` varchar(5) NOT NULL,
  `question_id` bigint(20) NOT NULL,
  `question_desc` varchar(2000) NOT NULL,
  `expected_answer_logical` tinyint(1) NOT NULL DEFAULT '0',
  `expected_answer_desc` varchar(1000) DEFAULT NULL,
  `created_at` timestamp NOT NULL DEFAULT CURRENT_TIMESTAMP,
  `created_by` bigint(20) DEFAULT NULL,
  `updated_at` timestamp NOT NULL DEFAULT '0000-00-00 00:00:00',
  `updated_by` bigint(20) DEFAULT NULL,
  `status` char(1) DEFAULT 'a',
  PRIMARY KEY (`category_id`,`language_code`,`question_id`),
  KEY `fk_category_question_locale_language_code` (`language_code`),
  KEY `fk_category_question_locale_created_by` (`created_by`),
  KEY `fk_category_question_locale_updated_by` (`updated_by`),
  KEY `idx_gc_mst_category_question_locale_question_id` (`question_id`,`language_code`,`category_id`)
) ENGINE=InnoDB DEFAULT CHARSET=utf8;

--
-- Dumping data for table `gc_mst_category_question_locale`
--

INSERT INTO `gc_mst_category_question_locale` (`category_id`, `language_code`, `question_id`, `question_desc`, `expected_answer_logical`, `expected_answer_desc`, `created_at`, `created_by`, `updated_at`, `updated_by`, `status`) VALUES
(20, 'en_us', 59, ' What adjectives should best describe your logo?', 0, '', '2014-03-31 05:54:14', 1, '0000-00-00 00:00:00', NULL, 'a'),
(20, 'en_us', 60, 'Where will you logo be used?', 0, '', '2014-03-31 05:54:46', 1, '0000-00-00 00:00:00', NULL, 'a'),
(20, 'en_us', 61, ' What logos appeal to you and why?', 0, '', '2014-03-31 05:55:16', 1, '0000-00-00 00:00:00', NULL, 'a'),
(21, 'en_us', 39, 'We need dress code ?', 0, NULL, '2014-02-27 11:59:53', 1, '0000-00-00 00:00:00', NULL, 'a'),
(22, 'en_us', 62, 'Where will my order be sent from?', 0, '', '2014-03-31 09:24:39', 1, '0000-00-00 00:00:00', NULL, 'a'),
(22, 'en_us', 63, 'When should my order arrive?', 0, '', '2014-03-31 09:25:07', 1, '0000-00-00 00:00:00', NULL, 'a'),
(22, 'en_us', 64, 'What about customs?', 0, '', '2014-03-31 09:25:36', 1, '0000-00-00 00:00:00', NULL, 'a'),
(22, 'en_us', 65, 'A tracking number was received, but no tracking information is available.', 0, '', '2014-03-31 09:26:17', 1, '0000-00-00 00:00:00', NULL, 'a'),
(22, 'en_us', 66, 'Shipping and Delivery / 20 Frequently Asked Questions / Knowledge Base - Redbubble Support', 0, '', '2014-03-31 09:27:26', 1, '0000-00-00 00:00:00', NULL, 'a'),
(23, 'en_us', 44, 'Given two arrays, 1,2,3,4,5 and 2,3,1,0,5 find which number is not present in the second array.', 0, 'Here is a quick tip to solve this programming question:  put the elements of the second array in the Hashtable and for every element of the first array, check whether it’s present in the hash or not, O/P all those elements from the first array that are not present in the hash table\r\n\r\nRead more: http://javarevisited.blogspot.com/2011/06/top-programming-interview-questions.html#ixzz2xVz0eLip\r\n', '2014-03-31 05:21:57', 1, '0000-00-00 00:00:00', NULL, 'a'),
(23, 'en_us', 45, 'In which header file is the NULL macro defined?', 0, '', '2014-03-31 05:26:38', 1, '0000-00-00 00:00:00', NULL, 'a'),
(23, 'en_us', 46, 'The keyword used to transfer control from a function back to the calling function is', 0, '', '2014-03-31 05:27:17', 1, '0000-00-00 00:00:00', NULL, 'a'),
(24, 'en_us', 25, 'What does 508 refer to in web design?', 0, NULL, '2014-02-24 06:23:20', 1, '0000-00-00 00:00:00', NULL, 'a'),
(24, 'en_us', 28, 'To keep with accessibility standards, text size should be defined as?', 0, NULL, '2014-02-24 06:24:56', 1, '0000-00-00 00:00:00', NULL, 'a'),
(24, 'en_us', 30, 'CSS stands for what?', 1, 'test new', '2014-02-24 06:36:04', 1, '0000-00-00 00:00:00', 1, 'a'),
(24, 'en_us', 35, 'Who is making the Web standards?', 0, NULL, '2014-02-24 06:57:29', 1, '0000-00-00 00:00:00', NULL, 'a'),
(24, 'en_us', 43, 'Html code', 0, '', '2014-03-06 07:29:54', 1, '0000-00-00 00:00:00', NULL, 'a'),
(25, 'en_us', 47, 'What is HTML?', 0, '', '2014-03-31 05:29:43', 1, '0000-00-00 00:00:00', NULL, 'a'),
(25, 'en_us', 48, 'What is XHTML?', 0, '', '2014-03-31 05:30:11', 1, '0000-00-00 00:00:00', NULL, 'a'),
(25, 'en_us', 49, 'Are favicons a security risk?', 1, NULL, '2014-03-31 05:30:44', 1, '0000-00-00 00:00:00', NULL, 'a'),
(25, 'en_us', 50, 'What is an HTML heading?', 0, '', '2014-03-31 05:31:09', 1, '0000-00-00 00:00:00', NULL, 'a'),
(26, 'en_us', 15, 'What Is Computer Language', 0, NULL, '2014-02-21 10:21:06', 1, '0000-00-00 00:00:00', NULL, 'a'),
(26, 'en_us', 16, 'what is foreach loop', 0, NULL, '2014-02-21 10:22:17', 1, '0000-00-00 00:00:00', NULL, 'a'),
(27, 'en_us', 67, 'How do I pay', 0, '', '2014-03-31 09:34:01', 1, '0000-00-00 00:00:00', NULL, 'a'),
(27, 'en_us', 68, 'What day will you come? ', 0, '', '2014-03-31 09:34:39', 1, '0000-00-00 00:00:00', NULL, 'a'),
(27, 'en_us', 69, 'Can I change the frequency of my service?', 0, '', '2014-03-31 09:35:01', 1, '0000-00-00 00:00:00', NULL, 'a'),
(27, 'en_us', 70, ' What if a service is skipped? ', 0, '', '2014-03-31 09:36:13', 1, '0000-00-00 00:00:00', NULL, 'a'),
(28, 'en_us', 71, 'Will the City issue a warning before they issue a ticket for failure to remove snow?', 0, '', '2014-03-31 09:39:18', 1, '0000-00-00 00:00:00', NULL, 'a'),
(28, 'en_us', 72, 'How much of my sidewalk do I have to clear?', 0, '', '2014-03-31 09:39:41', 1, '0000-00-00 00:00:00', NULL, 'a'),
(28, 'en_us', 73, 'Can I place the snow from my sidewalk into the street? ', 0, '', '2014-03-31 09:40:05', 1, '0000-00-00 00:00:00', NULL, 'a'),
(28, 'en_us', 74, 'If I own a corner lot, do I have to clear the curb ramp, the portion of the sidewalk leading to the street?', 0, '', '2014-03-31 09:40:45', 1, '0000-00-00 00:00:00', NULL, 'a'),
(30, 'en_us', 75, 'Do you offer maintenance services for the work that you complete?', 0, '', '2014-03-31 09:42:08', 1, '0000-00-00 00:00:00', NULL, 'a'),
(30, 'en_us', 76, 'Do you offer warranties or guarantees for the work that you do?', 0, '', '2014-03-31 09:42:31', 1, '0000-00-00 00:00:00', NULL, 'a'),
(30, 'en_us', 77, 'Does your company give free estimates? Do you charge for landscape designs?', 0, '', '2014-03-31 09:42:56', 1, '0000-00-00 00:00:00', NULL, 'a'),
(30, 'en_us', 78, 'How are payments handled with your company?', 0, '', '2014-03-31 09:43:59', 1, '0000-00-00 00:00:00', NULL, 'a'),
(31, 'en_us', 79, 'Which complementary therapy works best?', 0, '', '2014-03-31 09:45:11', 1, '0000-00-00 00:00:00', NULL, 'a'),
(31, 'en_us', 80, 'Are there any medications my pet should avoid?', 0, '', '2014-03-31 09:45:41', 1, '0000-00-00 00:00:00', NULL, 'a'),
(31, 'en_us', 81, 'How often should my pet be vaccinated?', 0, '', '2014-03-31 09:46:09', 1, '0000-00-00 00:00:00', NULL, 'a'),
(31, 'en_us', 82, 'How effective is nutritional supplementation?', 0, '', '2014-03-31 09:46:40', 1, '0000-00-00 00:00:00', NULL, 'a'),
(31, 'en_us', 83, 'How long have you been in business?', 0, '', '2014-03-31 09:48:04', 1, '0000-00-00 00:00:00', NULL, 'a'),
(32, 'en_us', 84, 'Do you also service Jersey City?', 0, '', '2014-03-31 09:48:38', 1, '0000-00-00 00:00:00', NULL, 'a'),
(32, 'en_us', 85, 'What method of payment do you accept?', 0, '', '2014-03-31 09:48:56', 1, '0000-00-00 00:00:00', NULL, 'a'),
(35, 'en_us', 95, 'How does payment work between students and tutors?', 0, '', '2014-03-31 10:04:27', 1, '0000-00-00 00:00:00', NULL, 'a'),
(35, 'en_us', 96, 'How does Tutor Matching Service make money?', 0, '', '2014-03-31 10:04:56', 1, '0000-00-00 00:00:00', NULL, 'a'),
(36, 'en_us', 105, 'Is Yoga enough to keep you fit?', 0, '', '2014-03-31 10:13:57', 1, '0000-00-00 00:00:00', NULL, 'a'),
(36, 'en_us', 106, 'Are there any side-effects of doing yoga?', 0, '', '2014-03-31 10:14:17', 1, '0000-00-00 00:00:00', NULL, 'a'),
(45, 'en_us', 27, 'What is a WYSIWYG?', 0, NULL, '2014-02-24 06:24:19', 1, '0000-00-00 00:00:00', NULL, 'a'),
(46, 'en_us', 31, 'Is PHP supports multi threading?', 0, NULL, '2014-02-24 06:50:55', 1, '0000-00-00 00:00:00', NULL, 'a'),
(46, 'en_us', 32, 'Why we prefer JSON instead of XML?', 0, NULL, '2014-02-24 06:52:17', 1, '0000-00-00 00:00:00', NULL, 'a'),
(46, 'en_us', 33, 'What is the difference between print() and echo()?', 0, NULL, '2014-02-24 06:54:50', 1, '0000-00-00 00:00:00', NULL, 'a'),
(46, 'en_us', 34, 'How can a script come to a clean termination?', 0, NULL, '2014-02-24 06:56:20', 1, '0000-00-00 00:00:00', NULL, 'a'),
(47, 'en_us', 51, 'What is ASP?', 0, '', '2014-03-31 05:32:36', 1, '0000-00-00 00:00:00', NULL, 'a'),
(47, 'en_us', 52, 'How can we identify that the Page is Post Back?', 0, '', '2014-03-31 05:32:57', 1, '0000-00-00 00:00:00', NULL, 'a'),
(47, 'en_us', 53, 'What is the concept of Postback in ASP.NET?', 0, '', '2014-03-31 05:33:19', 1, '0000-00-00 00:00:00', NULL, 'a'),
(49, 'en_us', 54, 'What is C++?', 0, '', '2014-03-31 05:34:43', 1, '0000-00-00 00:00:00', NULL, 'a'),
(49, 'en_us', 55, 'What is the difference between realloc() and free()? ', 0, '', '2014-03-31 05:35:02', 1, '0000-00-00 00:00:00', NULL, 'a'),
(49, 'en_us', 56, 'What is function overloading and operator overloading?', 0, '', '2014-03-31 05:35:17', 1, '0000-00-00 00:00:00', NULL, 'a'),
(49, 'en_us', 57, 'What are the basic concepts of object oriented programming?', 0, '', '2014-03-31 05:35:43', 1, '0000-00-00 00:00:00', NULL, 'a'),
(64, 'en_us', 40, 'How to communicate with costumer if you are late?', 0, NULL, '2014-03-03 06:03:53', 1, '0000-00-00 00:00:00', NULL, 'a'),
(66, 'en_us', 97, 'How do I book mytaxi?', 0, '', '2014-03-31 10:05:59', 1, '0000-00-00 00:00:00', NULL, 'a'),
(66, 'en_us', 98, 'Does it cost anything to use the mytaxi app?', 0, '', '2014-03-31 10:06:19', 1, '0000-00-00 00:00:00', NULL, 'a'),
(66, 'en_us', 99, 'Can I cancel my request?', 0, '', '2014-03-31 10:06:54', 1, '0000-00-00 00:00:00', NULL, 'a'),
(68, 'en_us', 88, 'What can you tell me about the blue lace plant?', 0, '', '2014-03-31 09:56:05', 1, '0000-00-00 00:00:00', NULL, 'a'),
(70, 'en_us', 58, 'What are key tasks for Multimedia designer?', 0, '', '2014-03-31 05:40:53', 1, '0000-00-00 00:00:00', NULL, 'a'),
(71, 'en_us', 89, 'Do you have an online portfolio of your custom work?', 0, '', '2014-03-31 09:57:31', 1, '0000-00-00 00:00:00', NULL, 'a'),
(71, 'en_us', 90, ' I love your invitation designs, but my fiance and I are looking for something really specific. Do you do custom work?', 0, '', '2014-03-31 09:57:51', 1, '0000-00-00 00:00:00', NULL, 'a'),
(71, 'en_us', 91, 'How does the custom design process work?', 0, '', '2014-03-31 09:58:11', 1, '0000-00-00 00:00:00', NULL, 'a'),
(73, 'en_us', 92, 'Do you deliver every image you shoot?', 0, '', '2014-03-31 10:02:06', 1, '0000-00-00 00:00:00', NULL, 'a'),
(73, 'en_us', 93, 'Does your studio provide videography services?', 0, '', '2014-03-31 10:02:30', 1, '0000-00-00 00:00:00', NULL, 'a'),
(73, 'en_us', 94, 'What is your philosophy regarding photography?', 0, '', '2014-03-31 10:02:53', 1, '0000-00-00 00:00:00', NULL, 'a'),
(76, 'en_us', 86, 'Can I pay with Paypal?', 0, '', '2014-03-31 09:53:25', 1, '0000-00-00 00:00:00', NULL, 'a'),
(76, 'en_us', 87, 'How do I know when my account has been debited?', 0, '', '2014-03-31 09:53:49', 1, '0000-00-00 00:00:00', NULL, 'a'),
(77, 'en_us', 102, 'affect versus effect', 0, '', '2014-03-31 10:10:41', 1, '0000-00-00 00:00:00', NULL, 'a'),
(77, 'en_us', 103, 'accept versus except', 0, '', '2014-03-31 10:11:05', 1, '0000-00-00 00:00:00', NULL, 'a'),
(79, 'en_us', 104, 'Why are some website services restricted?', 0, '', '2014-03-31 10:12:38', 1, '0000-00-00 00:00:00', NULL, 'a'),
(80, 'en_us', 100, 'What are some of the languages you work in?', 0, '', '2014-03-31 10:07:48', 1, '0000-00-00 00:00:00', NULL, 'a'),
(80, 'en_us', 101, ' want a document translated into Chinese, but I''m not sure which dialect I need. Which geographic areas use which dialects?', 0, '', '2014-03-31 10:08:54', 1, '0000-00-00 00:00:00', NULL, 'a');

-- --------------------------------------------------------

--
-- Table structure for table `gc_mst_city`
--

CREATE TABLE IF NOT EXISTS `gc_mst_city` (
  `city_id` int(11) NOT NULL AUTO_INCREMENT,
  PRIMARY KEY (`city_id`)
) ENGINE=InnoDB  DEFAULT CHARSET=utf8 AUTO_INCREMENT=314 ;

--
-- Dumping data for table `gc_mst_city`
--

INSERT INTO `gc_mst_city` (`city_id`) VALUES
(5),
(7),
(16),
(26),
(27),
(28),
(29),
(30),
(31),
(32),
(33),
(34),
(35),
(36),
(37),
(38),
(39),
(40),
(41),
(42),
(43),
(44),
(45),
(46),
(47),
(48),
(49),
(50),
(51),
(52),
(53),
(54),
(55),
(56),
(57),
(58),
(59),
(60),
(61),
(62),
(63),
(64),
(65),
(66),
(67),
(68),
(69),
(70),
(71),
(72),
(73),
(74),
(75),
(76),
(77),
(78),
(79),
(80),
(81),
(82),
(83),
(84),
(85),
(86),
(87),
(88),
(89),
(90),
(91),
(92),
(93),
(94),
(95),
(96),
(97),
(98),
(99),
(100),
(101),
(102),
(103),
(104),
(105),
(106),
(107),
(108),
(109),
(110),
(111),
(112),
(113),
(114),
(115),
(116),
(117),
(118),
(119),
(120),
(121),
(122),
(123),
(124),
(125),
(126),
(127),
(128),
(129),
(130),
(131),
(132),
(133),
(134),
(135),
(136),
(137),
(138),
(139),
(140),
(141),
(142),
(143),
(144),
(145),
(146),
(147),
(148),
(149),
(150),
(151),
(152),
(153),
(154),
(155),
(156),
(157),
(158),
(159),
(160),
(161),
(162),
(163),
(164),
(165),
(166),
(167),
(168),
(169),
(170),
(171),
(172),
(173),
(174),
(175),
(176),
(177),
(178),
(179),
(180),
(181),
(182),
(183),
(184),
(185),
(186),
(187),
(188),
(189),
(190),
(191),
(192),
(193),
(194),
(195),
(196),
(197),
(198),
(199),
(200),
(201),
(202),
(203),
(204),
(205),
(206),
(207),
(208),
(209),
(210),
(211),
(212),
(213),
(214),
(215),
(216),
(217),
(218),
(219),
(220),
(221),
(222),
(223),
(224),
(225),
(226),
(227),
(228),
(229),
(230),
(231),
(232),
(233),
(234),
(235),
(236),
(237),
(238),
(239),
(240),
(241),
(242),
(243),
(244),
(245),
(246),
(247),
(248),
(249),
(250),
(251),
(252),
(253),
(254),
(255),
(256),
(257),
(258),
(259),
(260),
(261),
(262),
(263),
(264),
(265),
(266),
(267),
(268),
(269),
(270),
(271),
(272),
(273),
(274),
(275),
(276),
(277),
(278),
(279),
(280),
(281),
(282),
(283),
(284),
(285),
(286),
(287),
(288),
(289),
(290),
(291),
(292),
(293),
(294),
(295),
(296),
(297),
(298),
(299),
(300),
(301),
(302),
(303),
(304),
(305),
(306),
(307),
(308),
(309),
(310),
(311),
(312);

-- --------------------------------------------------------

--
-- Table structure for table `gc_mst_city_locale`
--

CREATE TABLE IF NOT EXISTS `gc_mst_city_locale` (
  `city_id` int(11) NOT NULL,
  `language_code` varchar(5) NOT NULL,
  `region_id` int(11) NOT NULL,
  `city_name` varchar(100) NOT NULL,
  `city_status` tinyint(1) NOT NULL DEFAULT '1',
  `city_priority` int(11) NOT NULL,
  `create_timestamp` timestamp NOT NULL DEFAULT CURRENT_TIMESTAMP,
  `created_by` bigint(20) DEFAULT NULL,
  `update_timestamp` timestamp NULL DEFAULT NULL,
  `updated_by` bigint(20) DEFAULT NULL,
  PRIMARY KEY (`language_code`,`city_id`),
  KEY `fk_citylocale_regionid` (`region_id`),
  KEY `fk_citylocale_createdby` (`created_by`),
  KEY `fk_citylocale_updatedby` (`updated_by`),
  KEY `fk_citylocale_cityid` (`city_id`)
) ENGINE=InnoDB DEFAULT CHARSET=utf8;

--
-- Dumping data for table `gc_mst_city_locale`
--

INSERT INTO `gc_mst_city_locale` (`city_id`, `language_code`, `region_id`, `city_name`, `city_status`, `city_priority`, `create_timestamp`, `created_by`, `update_timestamp`, `updated_by`) VALUES
(5, 'en_us', 2, 'jaipur city', 1, 1, '2014-01-21 09:53:25', 1, NULL, NULL),
(16, 'en_us', 14, 'New Delhi', 1, 4, '2014-01-27 11:58:49', 1, NULL, NULL),
(26, 'en_us', 25, 'CA City Test', 1, 5, '2014-03-05 04:25:54', 1, NULL, NULL),
(27, 'en_us', 26, 'Delaware', 1, 6, '2014-03-27 05:53:06', 1, NULL, NULL),
(28, 'en_us', 172, 'New York', 1, 7, '2014-03-29 09:19:25', 1, NULL, NULL),
(29, 'en_us', 134, 'Los Angeles', 1, 8, '2014-03-29 09:19:53', 1, NULL, NULL),
(30, 'en_us', 71, 'Chicago', 1, 9, '2014-03-29 09:20:22', 1, NULL, NULL),
(31, 'en_us', 157, 'Houston', 1, 10, '2014-03-29 09:20:41', 1, NULL, NULL),
(32, 'en_us', 167, 'Philadelphia', 1, 11, '2014-03-29 09:20:59', 1, NULL, NULL),
(33, 'en_us', 31, 'Phoenix', 1, 12, '2014-03-29 09:21:23', 1, NULL, NULL),
(34, 'en_us', 135, 'San Diego', 1, 13, '2014-03-29 09:22:53', 1, NULL, NULL),
(35, 'en_us', 156, 'Dallas', 1, 14, '2014-03-29 09:23:11', 1, NULL, NULL),
(36, 'en_us', 136, 'San Jose', 1, 15, '2014-03-29 09:23:28', 1, NULL, NULL),
(37, 'en_us', 156, 'Austin', 1, 16, '2014-03-29 09:23:47', 1, NULL, NULL),
(38, 'en_us', 55, 'Jacksonville', 1, 17, '2014-03-29 09:24:11', 1, NULL, NULL),
(39, 'en_us', 75, 'Indianapolis', 1, 18, '2014-03-29 09:24:32', 1, NULL, NULL),
(40, 'en_us', 136, 'San Francisco', 1, 19, '2014-03-29 09:24:48', 1, NULL, NULL),
(41, 'en_us', 133, 'Columbus', 1, 20, '2014-03-29 09:25:11', 1, NULL, NULL),
(42, 'en_us', 156, 'Fort Worth', 1, 21, '2014-03-29 09:25:29', 1, NULL, NULL),
(43, 'en_us', 170, 'Charlotte', 1, 22, '2014-03-29 09:25:49', 1, NULL, NULL),
(44, 'en_us', 113, 'Detroit', 1, 23, '2014-03-29 09:26:14', 1, NULL, NULL),
(45, 'en_us', 157, 'El Paso', 1, 24, '2014-03-29 09:26:44', 1, NULL, NULL),
(46, 'en_us', 158, 'Memphis', 1, 25, '2014-03-29 09:27:03', 1, NULL, NULL),
(47, 'en_us', 108, 'Boston', 1, 26, '2014-03-29 09:27:44', 1, NULL, NULL),
(48, 'en_us', 137, 'Seattle', 1, 27, '2014-03-29 09:28:17', 1, NULL, NULL),
(49, 'en_us', 41, 'Denver', 1, 28, '2014-03-29 09:28:54', 1, NULL, NULL),
(50, 'en_us', 158, 'Nashville', 1, 29, '2014-03-29 09:29:45', 1, NULL, NULL),
(51, 'en_us', 99, 'Baltimore', 1, 30, '2014-03-29 09:30:04', 1, NULL, NULL),
(52, 'en_us', 88, 'Louisville', 1, 31, '2014-03-29 09:30:35', 1, NULL, NULL),
(53, 'en_us', 128, 'Portland', 1, 32, '2014-03-29 09:31:01', 1, NULL, NULL),
(54, 'en_us', 130, 'Oklahoma City', 1, 33, '2014-03-29 09:31:16', 1, NULL, NULL),
(55, 'en_us', 145, 'Milwaukee', 1, 34, '2014-03-29 09:31:34', 1, NULL, NULL),
(56, 'en_us', 181, 'Las Vegas', 1, 35, '2014-03-29 09:31:51', 1, NULL, NULL),
(57, 'en_us', 175, 'Albuquerque', 1, 36, '2014-03-29 09:32:21', 1, NULL, NULL),
(58, 'en_us', 32, 'Tucson', 1, 37, '2014-03-29 09:32:40', 1, NULL, NULL),
(59, 'en_us', 135, 'Fresno', 1, 38, '2014-03-29 09:32:56', 1, NULL, NULL),
(60, 'en_us', 135, 'Sacramento', 1, 39, '2014-03-29 09:33:13', 1, NULL, NULL),
(61, 'en_us', 135, 'Long Beach', 1, 40, '2014-03-29 09:33:27', 1, NULL, NULL),
(62, 'en_us', 187, 'Kansas City', 1, 41, '2014-03-29 09:33:44', 1, NULL, NULL),
(63, 'en_us', 33, 'Mesa', 1, 42, '2014-03-29 09:34:00', 1, NULL, NULL),
(64, 'en_us', 149, 'Virginia Beach', 1, 43, '2014-03-29 09:34:20', 1, NULL, NULL),
(65, 'en_us', 60, 'Atlanta', 1, 44, '2014-03-29 09:34:36', 1, NULL, NULL),
(66, 'en_us', 42, 'Colorado Springs', 1, 45, '2014-03-29 09:34:52', 1, NULL, NULL),
(67, 'en_us', 171, 'Raleigh', 1, 46, '2014-03-29 09:35:15', 1, NULL, NULL),
(68, 'en_us', 182, 'Omaha', 1, 47, '2014-03-29 09:35:35', 1, NULL, NULL),
(69, 'en_us', 58, 'Miami', 1, 48, '2014-03-29 09:35:52', 1, NULL, NULL),
(70, 'en_us', 56, 'Oakland', 1, 49, '2014-03-29 09:36:10', 1, NULL, NULL),
(71, 'en_us', 131, 'Tulsa', 1, 50, '2014-03-29 09:36:25', 1, NULL, NULL),
(72, 'en_us', 119, 'Minneapolis', 1, 51, '2014-03-29 09:36:41', 1, NULL, NULL),
(73, 'en_us', 133, 'Cleveland', 1, 52, '2014-03-29 09:37:03', 1, NULL, NULL),
(74, 'en_us', 83, 'Wichita', 1, 53, '2014-03-29 09:37:20', 1, NULL, NULL),
(75, 'en_us', 157, 'Arlington', 1, 54, '2014-03-29 09:37:36', 1, NULL, NULL),
(76, 'en_us', 96, 'New Orleans', 1, 55, '2014-03-29 09:37:54', 1, NULL, NULL),
(77, 'en_us', 135, 'Bakersfield', 1, 56, '2014-03-29 09:38:11', 1, NULL, NULL),
(78, 'en_us', 58, 'Tampa', 1, 57, '2014-03-29 09:38:44', 1, NULL, NULL),
(79, 'en_us', 134, 'Anaheim', 1, 58, '2014-03-29 09:39:12', 1, NULL, NULL),
(80, 'en_us', 41, 'Aurora', 1, 59, '2014-03-29 09:39:28', 1, NULL, NULL),
(81, 'en_us', 135, 'Santa Ana', 1, 60, '2014-03-29 09:39:49', 1, NULL, NULL),
(82, 'en_us', 186, 'St. Louis', 1, 61, '2014-03-29 09:40:08', 1, NULL, NULL),
(83, 'en_us', 135, 'Riverside', 1, 62, '2014-03-29 09:40:27', 1, NULL, NULL),
(84, 'en_us', 156, 'Corpus Christi', 1, 63, '2014-03-29 09:40:44', 1, NULL, NULL),
(85, 'en_us', 166, 'Pittsburgh', 1, 64, '2014-03-29 09:41:01', 1, NULL, NULL),
(86, 'en_us', 88, 'Lexington', 1, 65, '2014-03-29 09:41:19', 1, NULL, NULL),
(87, 'en_us', 134, 'Stockton', 1, 66, '2014-03-29 09:41:55', 1, NULL, NULL),
(88, 'en_us', 132, 'Cincinnati', 1, 67, '2014-03-29 09:42:13', 1, NULL, NULL),
(89, 'en_us', 119, 'Saint Paul', 1, 68, '2014-03-29 09:42:37', 1, NULL, NULL),
(90, 'en_us', 133, 'Toledo', 1, 69, '2014-03-29 09:42:55', 1, NULL, NULL),
(91, 'en_us', 176, 'Newark', 1, 70, '2014-03-29 09:43:16', 1, NULL, NULL),
(92, 'en_us', 171, 'Greensboro', 1, 71, '2014-03-29 09:43:39', 1, NULL, NULL),
(93, 'en_us', 156, 'Plano', 1, 72, '2014-03-29 09:43:58', 1, NULL, NULL),
(94, 'en_us', 180, 'Henderson', 1, 73, '2014-03-29 09:44:13', 1, NULL, NULL),
(95, 'en_us', 182, 'Lincoln', 1, 74, '2014-03-29 09:44:34', 1, NULL, NULL),
(96, 'en_us', 172, ' Buffalo', 1, 75, '2014-03-29 09:45:01', 1, NULL, NULL),
(97, 'en_us', 77, 'Fort Wayne', 1, 76, '2014-03-29 09:45:39', 1, NULL, NULL),
(98, 'en_us', 177, 'Jersey City', 1, 77, '2014-03-29 09:46:02', 1, NULL, NULL),
(99, 'en_us', 135, 'Chula Vista', 1, 78, '2014-03-29 09:46:27', 1, NULL, NULL),
(100, 'en_us', 58, 'Orlando', 1, 79, '2014-03-29 09:46:47', 1, NULL, NULL),
(101, 'en_us', 55, 'St. Petersburg', 1, 80, '2014-03-29 09:47:03', 1, NULL, NULL),
(102, 'en_us', 148, 'Norfolk', 1, 81, '2014-03-29 09:47:25', 1, NULL, NULL),
(103, 'en_us', 31, 'Chandler', 1, 82, '2014-03-29 09:47:41', 1, NULL, NULL),
(104, 'en_us', 157, 'Laredo', 1, 83, '2014-03-29 09:47:57', 1, NULL, NULL),
(105, 'en_us', 144, 'Madison', 1, 84, '2014-03-29 09:48:25', 1, NULL, NULL),
(106, 'en_us', 171, 'Durham', 1, 85, '2014-03-29 09:48:51', 1, NULL, NULL),
(107, 'en_us', 156, 'Lubbock', 1, 86, '2014-03-29 09:49:08', 1, NULL, NULL),
(108, 'en_us', 170, 'Winston–Salem', 1, 87, '2014-03-29 09:49:29', 1, NULL, NULL),
(109, 'en_us', 157, 'Garland', 1, 88, '2014-03-29 09:49:45', 1, NULL, NULL),
(110, 'en_us', 35, 'Glendale', 1, 89, '2014-03-29 09:50:04', 1, NULL, NULL),
(111, 'en_us', 56, 'Hialeah', 1, 90, '2014-03-29 09:50:21', 1, NULL, NULL),
(112, 'en_us', 180, 'Reno', 1, 91, '2014-03-29 09:50:38', 1, NULL, NULL),
(113, 'en_us', 92, 'Baton Rouge', 1, 92, '2014-03-29 09:50:58', 1, NULL, NULL),
(114, 'en_us', 134, 'Irvine', 1, 93, '2014-03-29 09:51:17', 1, NULL, NULL),
(115, 'en_us', 148, 'Chesapeake', 1, 94, '2014-03-29 09:51:34', 1, NULL, NULL),
(116, 'en_us', 157, 'Irving', 1, 95, '2014-03-29 09:51:53', 1, NULL, NULL),
(117, 'en_us', 31, 'Scottsdale', 1, 96, '2014-03-29 09:52:11', 1, NULL, NULL),
(118, 'en_us', 181, 'North Las Vegas', 1, 97, '2014-03-29 09:52:32', 1, NULL, NULL),
(119, 'en_us', 136, 'Fremont', 1, 98, '2014-03-29 09:52:54', 1, NULL, NULL),
(120, 'en_us', 33, 'Gilbert', 1, 99, '2014-03-29 09:53:19', 1, NULL, NULL),
(121, 'en_us', 134, 'San Bernardino', 1, 100, '2014-03-29 09:53:36', 1, NULL, NULL),
(122, 'en_us', 66, 'Boise', 1, 101, '2014-03-29 09:53:54', 1, NULL, NULL),
(123, 'en_us', 28, 'Birmingham', 1, 102, '2014-03-29 09:54:17', 1, NULL, NULL),
(124, 'en_us', 173, 'Rochester', 1, 103, '2014-03-29 09:55:35', 1, NULL, NULL),
(125, 'en_us', 149, 'Richmond', 1, 104, '2014-03-29 09:55:51', 1, NULL, NULL),
(126, 'en_us', 137, 'Spokane', 1, 105, '2014-03-29 09:56:07', 1, NULL, NULL),
(127, 'en_us', 188, ' 	Des Moines', 1, 106, '2014-03-29 09:56:25', 1, NULL, NULL),
(128, 'en_us', 27, 'Montgomery', 1, 107, '2014-03-29 09:56:43', 1, NULL, NULL),
(129, 'en_us', 136, 'Modesto', 1, 108, '2014-03-29 09:57:02', 1, NULL, NULL),
(130, 'en_us', 170, 'Fayetteville', 1, 109, '2014-03-29 09:57:28', 1, NULL, NULL),
(131, 'en_us', 137, 'Tacoma', 1, 110, '2014-03-29 09:57:43', 1, NULL, NULL),
(132, 'en_us', 92, 'Shreveport', 1, 111, '2014-03-29 09:58:02', 1, NULL, NULL),
(133, 'en_us', 135, 'Fontana', 1, 112, '2014-03-29 09:58:19', 1, NULL, NULL),
(134, 'en_us', 134, 'Oxnard', 1, 113, '2014-03-29 09:58:34', 1, NULL, NULL),
(135, 'en_us', 72, 'Aurora', 1, 114, '2014-03-29 09:58:53', 1, NULL, NULL),
(136, 'en_us', 136, 'Moreno Valley', 1, 115, '2014-03-29 09:59:12', 1, NULL, NULL),
(137, 'en_us', 132, 'Akron', 1, 116, '2014-03-29 09:59:33', 1, NULL, NULL),
(138, 'en_us', 172, 'Yonkers', 1, 117, '2014-03-29 10:00:00', 1, NULL, NULL),
(139, 'en_us', 61, 'Columbus', 1, 118, '2014-03-29 10:00:15', 1, NULL, NULL),
(140, 'en_us', 60, 'Augusta', 1, 119, '2014-03-29 10:00:36', 1, NULL, NULL),
(141, 'en_us', 38, 'Little Rock', 1, 120, '2014-03-29 10:00:54', 1, NULL, NULL),
(142, 'en_us', 157, 'Amarillo', 1, 121, '2014-03-29 10:07:37', 1, NULL, NULL),
(143, 'en_us', 30, 'Mobile', 1, 122, '2014-03-29 10:07:56', 1, NULL, NULL),
(144, 'en_us', 134, 'Huntington Beach', 1, 123, '2014-03-29 10:08:08', 1, NULL, NULL),
(145, 'en_us', 134, 'Glendale', 1, 124, '2014-03-29 10:08:25', 1, NULL, NULL),
(146, 'en_us', 113, 'Grand Rapids', 1, 125, '2014-03-29 10:08:51', 1, NULL, NULL),
(147, 'en_us', 154, 'Salt Lake City', 1, 126, '2014-03-29 10:09:11', 1, NULL, NULL),
(148, 'en_us', 56, 'Tallahassee', 1, 127, '2014-03-29 10:09:29', 1, NULL, NULL),
(149, 'en_us', 30, 'Huntsville', 1, 128, '2014-03-29 10:09:46', 1, NULL, NULL),
(150, 'en_us', 109, 'Worcester', 1, 129, '2014-03-29 10:10:06', 1, NULL, NULL),
(151, 'en_us', 158, 'Knoxville', 1, 130, '2014-03-29 10:10:21', 1, NULL, NULL),
(152, 'en_us', 157, 'Grand Prairie', 1, 131, '2014-03-29 10:10:35', 1, NULL, NULL),
(153, 'en_us', 149, 'Newport News', 1, 132, '2014-03-29 10:10:53', 1, NULL, NULL),
(154, 'en_us', 156, 'Brownsville', 1, 133, '2014-03-29 10:11:15', 1, NULL, NULL),
(155, 'en_us', 135, 'Santa Clarita', 1, 134, '2014-03-29 10:11:50', 1, NULL, NULL),
(156, 'en_us', 83, 'Overland Park', 1, 135, '2014-03-29 10:12:07', 1, NULL, NULL),
(157, 'en_us', 164, 'Providence', 1, 136, '2014-03-29 10:12:26', 1, NULL, NULL),
(158, 'en_us', 123, 'Jackson', 1, 137, '2014-03-29 10:14:18', 1, NULL, NULL),
(159, 'en_us', 134, 'Garden Grove', 1, 138, '2014-03-29 10:15:06', 1, NULL, NULL),
(160, 'en_us', 136, 'Oceanside', 1, 139, '2014-03-29 10:15:23', 1, NULL, NULL),
(161, 'en_us', 159, 'Chattanooga', 1, 140, '2014-03-29 10:15:40', 1, NULL, NULL),
(162, 'en_us', 57, 'Fort Lauderdale', 1, 141, '2014-03-29 10:15:57', 1, NULL, NULL),
(163, 'en_us', 134, 'Rancho Cucamonga', 1, 142, '2014-03-29 10:16:16', 1, NULL, NULL),
(164, 'en_us', 136, 'Santa Rosa', 1, 143, '2014-03-29 10:16:33', 1, NULL, NULL),
(165, 'en_us', 56, 'Port St. Lucie', 1, 144, '2014-03-29 10:16:50', 1, NULL, NULL),
(166, 'en_us', 134, 'Ontario', 1, 145, '2014-03-29 10:17:05', 1, NULL, NULL),
(167, 'en_us', 31, 'Tempe', 1, 146, '2014-03-29 10:17:21', 1, NULL, NULL),
(168, 'en_us', 138, 'Vancouver', 1, 147, '2014-03-29 10:17:37', 1, NULL, NULL),
(169, 'en_us', 186, 'Springfield', 1, 148, '2014-03-29 10:17:57', 1, NULL, NULL),
(170, 'en_us', 55, 'Cape Coral', 1, 149, '2014-03-29 10:18:14', 1, NULL, NULL),
(171, 'en_us', 58, 'Pembroke Pines', 1, 150, '2014-03-29 10:19:46', 1, NULL, NULL),
(172, 'en_us', 160, 'Sioux Falls', 1, 151, '2014-03-29 10:21:08', 1, NULL, NULL),
(173, 'en_us', 33, 'Peoria', 1, 152, '2014-03-29 10:21:24', 1, NULL, NULL),
(174, 'en_us', 136, 'Lancaster', 1, 153, '2014-03-29 10:21:48', 1, NULL, NULL),
(175, 'en_us', 135, 'Elk Grove', 1, 154, '2014-03-29 10:22:21', 1, NULL, NULL),
(176, 'en_us', 134, 'Corona', 1, 155, '2014-03-29 10:22:37', 1, NULL, NULL),
(177, 'en_us', 128, 'Eugene', 1, 156, '2014-03-29 10:22:52', 1, NULL, NULL),
(178, 'en_us', 128, 'Salem', 1, 157, '2014-03-29 10:23:10', 1, NULL, NULL),
(179, 'en_us', 135, 'Palmdale', 1, 158, '2014-03-29 10:23:27', 1, NULL, NULL),
(180, 'en_us', 134, ' 	Salinas', 1, 159, '2014-03-29 10:24:16', 1, NULL, NULL),
(181, 'en_us', 109, 'Springfield', 1, 160, '2014-03-29 10:24:35', 1, NULL, NULL),
(182, 'en_us', 157, 'Pasadena', 1, 161, '2014-03-29 10:24:54', 1, NULL, NULL),
(183, 'en_us', 70, 'Rockford', 1, 162, '2014-03-29 10:25:14', 1, NULL, NULL),
(184, 'en_us', 134, 'Pomona', 1, 163, '2014-03-29 10:25:31', 1, NULL, NULL),
(185, 'en_us', 136, 'Hayward', 1, 164, '2014-03-29 10:26:00', 1, NULL, NULL),
(186, 'en_us', 42, 'Fort Collins', 1, 165, '2014-03-29 10:26:22', 1, NULL, NULL),
(187, 'en_us', 70, 'Joliet', 1, 166, '2014-03-29 10:26:41', 1, NULL, NULL),
(188, 'en_us', 134, 'Escondido', 1, 167, '2014-03-29 10:26:59', 1, NULL, NULL),
(189, 'en_us', 81, 'Kansas City', 1, 168, '2014-03-29 10:27:19', 1, NULL, NULL),
(190, 'en_us', 135, 'Torrance', 1, 169, '2014-03-29 10:27:35', 1, NULL, NULL),
(191, 'en_us', 46, 'Bridgeport', 1, 170, '2014-03-29 10:27:54', 1, NULL, NULL),
(192, 'en_us', 148, 'Alexandria', 1, 171, '2014-03-29 10:28:19', 1, NULL, NULL),
(193, 'en_us', 135, 'Sunnyvale', 1, 172, '2014-03-29 10:28:38', 1, NULL, NULL),
(194, 'en_us', 170, 'Cary', 1, 173, '2014-03-29 10:28:57', 1, NULL, NULL),
(195, 'en_us', 41, 'Lakewood', 1, 174, '2014-03-29 10:29:14', 1, NULL, NULL),
(196, 'en_us', 57, 'Hollywood', 1, 175, '2014-03-29 10:29:31', 1, NULL, NULL),
(197, 'en_us', 176, 'Paterson', 1, 176, '2014-03-29 10:29:50', 1, NULL, NULL),
(198, 'en_us', 173, 'Syracuse', 1, 177, '2014-03-29 10:30:08', 1, NULL, NULL),
(199, 'en_us', 73, 'Naperville', 1, 178, '2014-03-29 10:30:30', 1, NULL, NULL),
(200, 'en_us', 156, 'McKinney', 1, 179, '2014-03-29 10:30:56', 1, NULL, NULL),
(201, 'en_us', 157, 'Mesquite', 1, 180, '2014-03-29 10:31:14', 1, NULL, NULL),
(202, 'en_us', 158, 'Clarksville', 1, 181, '2014-03-29 10:31:33', 1, NULL, NULL),
(203, 'en_us', 61, 'Savannah', 1, 182, '2014-03-29 10:31:49', 1, NULL, NULL),
(204, 'en_us', 132, ' Dayton', 1, 183, '2014-03-29 10:32:20', 1, NULL, NULL),
(205, 'en_us', 134, 'Orange', 1, 184, '2014-03-29 10:32:45', 1, NULL, NULL),
(206, 'en_us', 135, 'Fullerton', 1, 185, '2014-03-29 10:33:00', 1, NULL, NULL),
(207, 'en_us', 135, 'Pasadena', 1, 186, '2014-03-29 10:33:15', 1, NULL, NULL),
(208, 'en_us', 148, 'Hampton', 1, 187, '2014-03-29 10:33:39', 1, NULL, NULL),
(209, 'en_us', 156, 'McAllen', 1, 188, '2014-03-29 10:33:55', 1, NULL, NULL),
(210, 'en_us', 157, 'Killeen', 1, 189, '2014-03-29 10:34:10', 1, NULL, NULL),
(211, 'en_us', 113, 'Warren', 1, 190, '2014-03-29 10:34:28', 1, NULL, NULL),
(212, 'en_us', 154, 'West Valley City', 1, 191, '2014-03-29 10:34:46', 1, NULL, NULL),
(213, 'en_us', 162, 'Columbia', 1, 192, '2014-03-29 10:35:13', 1, NULL, NULL),
(214, 'en_us', 46, 'New Haven', 1, 193, '2014-03-29 10:42:58', 1, NULL, NULL),
(215, 'en_us', 113, 'Sterling Heights', 1, 194, '2014-03-29 10:43:38', 1, NULL, NULL),
(216, 'en_us', 82, 'Olathe', 1, 195, '2014-03-29 10:43:56', 1, NULL, NULL),
(217, 'en_us', 56, 'Miramar', 1, 196, '2014-03-29 10:44:11', 1, NULL, NULL),
(218, 'en_us', 134, 'Thousand Oaks', 1, 197, '2014-03-29 10:44:27', 1, NULL, NULL),
(219, 'en_us', 156, 'Frisco', 1, 198, '2014-03-29 10:45:16', 1, NULL, NULL),
(220, 'en_us', 188, 'Cedar Rapids', 1, 199, '2014-03-29 10:46:30', 1, NULL, NULL),
(221, 'en_us', 157, 'Topeka', 1, 200, '2014-03-29 10:46:45', 1, NULL, NULL),
(222, 'en_us', 135, 'Visalia', 1, 201, '2014-03-29 10:47:32', 1, NULL, NULL),
(223, 'en_us', 156, 'Waco', 1, 202, '2014-03-29 10:47:53', 1, NULL, NULL),
(224, 'en_us', 176, 'Elizabeth', 1, 203, '2014-03-29 10:48:07', 1, NULL, NULL),
(225, 'en_us', 137, 'Bellevue', 1, 204, '2014-03-29 10:48:21', 1, NULL, NULL),
(226, 'en_us', 55, 'Gainesville', 1, 205, '2014-03-29 10:48:40', 1, NULL, NULL),
(227, 'en_us', 134, 'Simi Valley', 1, 206, '2014-03-29 10:48:54', 1, NULL, NULL),
(228, 'en_us', 162, 'Charleston', 1, 207, '2014-03-29 10:49:09', 1, NULL, NULL),
(229, 'en_us', 156, 'Carrollton', 1, 208, '2014-03-29 10:49:25', 1, NULL, NULL),
(230, 'en_us', 55, 'Coral Springs', 1, 209, '2014-03-29 10:49:40', 1, NULL, NULL),
(231, 'en_us', 47, 'Stamford', 1, 210, '2014-03-29 10:49:58', 1, NULL, NULL),
(232, 'en_us', 47, ' Hartford', 1, 211, '2014-03-29 10:50:27', 1, NULL, NULL),
(233, 'en_us', 43, 'Concord', 1, 212, '2014-03-29 10:50:49', 1, NULL, NULL),
(234, 'en_us', 134, 'Roseville', 1, 213, '2014-03-29 10:51:07', 1, NULL, NULL),
(235, 'en_us', 41, 'Thornton', 1, 214, '2014-03-29 10:51:25', 1, NULL, NULL),
(236, 'en_us', 138, 'Kent', 1, 215, '2014-03-29 10:51:40', 1, NULL, NULL),
(237, 'en_us', 92, 'Lafayette', 1, 216, '2014-03-29 10:51:59', 1, NULL, NULL),
(238, 'en_us', 33, 'Surprise', 1, 217, '2014-03-29 10:52:15', 1, NULL, NULL),
(239, 'en_us', 156, 'Denton', 1, 218, '2014-03-29 10:52:33', 1, NULL, NULL),
(240, 'en_us', 134, 'Victorville', 1, 219, '2014-03-29 10:52:52', 1, NULL, NULL),
(241, 'en_us', 75, 'Evansville', 1, 220, '2014-03-29 10:53:35', 1, NULL, NULL),
(242, 'en_us', 157, 'Midland', 1, 221, '2014-03-29 10:54:06', 1, NULL, NULL),
(243, 'en_us', 134, 'Santa Clara', 1, 222, '2014-03-29 10:56:04', 1, NULL, NULL),
(244, 'en_us', 61, 'Athens', 1, 223, '2014-03-29 10:56:23', 1, NULL, NULL),
(245, 'en_us', 167, 'Allentown', 1, 224, '2014-03-29 10:56:40', 1, NULL, NULL),
(246, 'en_us', 156, 'Abilene', 1, 225, '2014-03-29 10:56:56', 1, NULL, NULL),
(247, 'en_us', 156, 'Beaumont', 1, 226, '2014-03-29 10:57:13', 1, NULL, NULL),
(248, 'en_us', 134, 'Vallejo', 1, 227, '2014-03-29 10:57:33', 1, NULL, NULL),
(249, 'en_us', 187, 'Independence', 1, 228, '2014-03-29 10:57:51', 1, NULL, NULL),
(250, 'en_us', 70, 'Springfield', 1, 229, '2014-03-29 10:58:12', 1, NULL, NULL),
(251, 'en_us', 113, 'Ann Arbor', 1, 230, '2014-03-29 10:58:43', 1, NULL, NULL),
(252, 'en_us', 154, 'Provo', 1, 231, '2014-03-29 10:59:05', 1, NULL, NULL),
(253, 'en_us', 70, 'Peoria', 1, 232, '2014-03-29 10:59:22', 1, NULL, NULL),
(254, 'en_us', 130, 'Norman', 1, 233, '2014-03-29 10:59:40', 1, NULL, NULL),
(255, 'en_us', 135, 'Berkeley', 1, 234, '2014-03-29 10:59:55', 1, NULL, NULL),
(256, 'en_us', 134, 'El Monte', 1, 235, '2014-03-29 11:02:21', 1, NULL, NULL),
(257, 'en_us', 158, 'Murfreesboro', 1, 236, '2014-03-29 11:02:37', 1, NULL, NULL),
(258, 'en_us', 114, 'Lansing', 1, 237, '2014-03-29 11:02:56', 1, NULL, NULL),
(259, 'en_us', 186, 'Columbia', 1, 238, '2014-03-29 11:03:17', 1, NULL, NULL),
(260, 'en_us', 134, 'Downey', 1, 239, '2014-03-29 11:03:29', 1, NULL, NULL),
(261, 'en_us', 134, 'Costa Mesa', 1, 240, '2014-03-29 11:03:52', 1, NULL, NULL),
(262, 'en_us', 134, 'Inglewood', 1, 241, '2014-03-29 11:04:12', 1, NULL, NULL),
(263, 'en_us', 55, 'Miami Gardens', 1, 242, '2014-03-29 11:04:26', 1, NULL, NULL),
(264, 'en_us', 179, 'Manchester', 1, 243, '2014-03-29 11:05:04', 1, NULL, NULL),
(265, 'en_us', 71, 'Elgin', 1, 244, '2014-03-29 11:05:28', 1, NULL, NULL),
(266, 'en_us', 170, 'Wilmington', 1, 245, '2014-03-29 11:06:25', 1, NULL, NULL),
(267, 'en_us', 46, 'Waterbury', 1, 246, '2014-03-29 11:06:46', 1, NULL, NULL),
(268, 'en_us', 168, 'Fargo', 1, 247, '2014-03-29 11:07:04', 1, NULL, NULL),
(269, 'en_us', 41, 'Arvada', 1, 248, '2014-03-29 11:07:26', 1, NULL, NULL),
(270, 'en_us', 135, 'Carlsbad', 1, 249, '2014-03-29 11:08:30', 1, NULL, NULL),
(271, 'en_us', 41, 'Westminster', 1, 250, '2014-03-29 11:08:48', 1, NULL, NULL),
(272, 'en_us', 119, 'Rochester', 1, 251, '2014-03-29 11:09:03', 1, NULL, NULL),
(273, 'en_us', 128, 'Gresham', 1, 252, '2014-03-29 11:09:19', 1, NULL, NULL),
(274, 'en_us', 56, 'Clearwater', 1, 253, '2014-03-29 11:09:38', 1, NULL, NULL),
(275, 'en_us', 109, 'Lowell', 1, 254, '2014-03-29 11:09:56', 1, NULL, NULL),
(276, 'en_us', 155, 'West Jordan', 1, 255, '2014-03-29 11:10:16', 1, NULL, NULL),
(277, 'en_us', 42, 'Pueblo', 1, 256, '2014-03-29 11:10:32', 1, NULL, NULL),
(278, 'en_us', 135, 'San Buenaventura (Ventura)', 1, 257, '2014-03-29 11:10:50', 1, NULL, NULL),
(279, 'en_us', 134, 'Fairfield', 1, 258, '2014-03-29 11:11:15', 1, NULL, NULL),
(280, 'en_us', 136, 'West Covina', 1, 259, '2014-03-29 11:11:35', 1, NULL, NULL),
(281, 'en_us', 184, 'Billings', 1, 260, '2014-03-29 11:11:54', 1, NULL, NULL),
(282, 'en_us', 134, 'Murrieta', 1, 261, '2014-03-29 11:12:14', 1, NULL, NULL),
(283, 'en_us', 170, 'High Point', 1, 262, '2014-03-29 11:12:31', 1, NULL, NULL),
(284, 'en_us', 156, 'Round Rock', 1, 263, '2014-03-29 11:12:48', 1, NULL, NULL),
(285, 'en_us', 135, 'Richmond', 1, 264, '2014-03-29 11:13:05', 1, NULL, NULL),
(286, 'en_us', 108, 'Cambridge', 1, 265, '2014-03-29 11:13:23', 1, NULL, NULL),
(287, 'en_us', 134, 'Norwalk', 1, 266, '2014-03-29 11:13:40', 1, NULL, NULL),
(288, 'en_us', 157, 'Odessa', 1, 267, '2014-03-29 11:13:58', 1, NULL, NULL),
(289, 'en_us', 135, 'Antioch', 1, 268, '2014-03-29 11:14:18', 1, NULL, NULL),
(290, 'en_us', 134, 'Temecula', 1, 269, '2014-03-29 11:14:32', 1, NULL, NULL),
(291, 'en_us', 144, 'Green Bay', 1, 270, '2014-03-29 11:14:51', 1, NULL, NULL),
(292, 'en_us', 137, 'Everett', 1, 271, '2014-03-29 11:15:06', 1, NULL, NULL),
(293, 'en_us', 156, 'Wichita Falls', 1, 272, '2014-03-29 11:15:24', 1, NULL, NULL),
(294, 'en_us', 134, 'Burbank', 1, 273, '2014-03-29 11:15:41', 1, NULL, NULL),
(295, 'en_us', 134, 'Palm Bay', 1, 274, '2014-03-29 11:15:55', 1, NULL, NULL),
(296, 'en_us', 41, 'Centennial', 1, 275, '2014-03-29 11:16:14', 1, NULL, NULL),
(297, 'en_us', 136, 'Daly City', 1, 276, '2014-03-29 11:16:32', 1, NULL, NULL),
(298, 'en_us', 135, 'Richardson', 1, 277, '2014-03-29 11:16:49', 1, NULL, NULL),
(299, 'en_us', 55, 'Pompano Beach', 1, 278, '2014-03-29 11:17:08', 1, NULL, NULL),
(300, 'en_us', 130, 'Broken Arrow', 1, 279, '2014-03-29 11:17:23', 1, NULL, NULL),
(301, 'en_us', 162, 'North Charleston', 1, 280, '2014-03-29 11:17:45', 1, NULL, NULL),
(302, 'en_us', 55, 'West Palm Beach', 1, 281, '2014-03-29 11:18:00', 1, NULL, NULL),
(303, 'en_us', 41, 'Boulder', 1, 282, '2014-03-29 11:18:18', 1, NULL, NULL),
(304, 'en_us', 42, 'Rialto', 1, 283, '2014-03-29 11:18:39', 1, NULL, NULL),
(305, 'en_us', 134, 'Santa Maria', 1, 284, '2014-03-29 11:19:02', 1, NULL, NULL),
(306, 'en_us', 135, 'El Cajon', 1, 285, '2014-03-29 11:19:20', 1, NULL, NULL),
(307, 'en_us', 135, 'Davenport', 1, 286, '2014-03-29 11:19:37', 1, NULL, NULL),
(308, 'en_us', 166, 'Erie', 1, 287, '2014-03-29 11:19:57', 1, NULL, NULL),
(309, 'en_us', 174, 'Las Cruces', 1, 288, '2014-03-29 11:20:13', 1, NULL, NULL),
(310, 'en_us', 76, 'South Bend', 1, 289, '2014-03-29 11:20:30', 1, NULL, NULL),
(311, 'en_us', 113, 'Flint', 1, 290, '2014-03-29 11:20:49', 1, NULL, NULL),
(312, 'en_us', 143, 'Kenosha', 1, 291, '2014-03-29 11:21:08', 1, NULL, NULL),
(5, 'es', 2, 'jaipur_es', 1, 5, '2014-01-21 10:28:03', NULL, '2014-01-21 10:28:03', NULL),
(5, 'fr', 2, 'jaipur_fr', 1, 5, '2014-01-21 10:28:03', NULL, '2014-01-21 10:28:03', NULL);

-- --------------------------------------------------------

--
-- Table structure for table `gc_mst_country`
--

CREATE TABLE IF NOT EXISTS `gc_mst_country` (
  `country_code` varchar(2) NOT NULL,
  PRIMARY KEY (`country_code`)
) ENGINE=InnoDB DEFAULT CHARSET=utf8;

--
-- Dumping data for table `gc_mst_country`
--

INSERT INTO `gc_mst_country` (`country_code`) VALUES
('..'),
('BS'),
('BT'),
('BV'),
('BW'),
('BZ'),
('CA'),
('CC'),
('CD'),
('CF'),
('CG'),
('CH'),
('CI'),
('CK'),
('CL'),
('CM'),
('CN'),
('CO'),
('CR'),
('CS'),
('CU'),
('CV'),
('CW'),
('CX'),
('CY'),
('CZ'),
('DE'),
('DJ'),
('DK'),
('DM'),
('DO'),
('DZ'),
('EC'),
('EE'),
('EG'),
('EH'),
('ER'),
('ES'),
('ET'),
('FI'),
('FJ'),
('FK'),
('FM'),
('FO'),
('FR'),
('GA'),
('GB'),
('GD'),
('GE'),
('GF'),
('GG'),
('GH'),
('GI'),
('GL'),
('GM'),
('GN'),
('GP'),
('GQ'),
('GR'),
('GS'),
('GT'),
('GW'),
('GY'),
('HK'),
('HM'),
('HN'),
('HR'),
('HT'),
('HU'),
('ID'),
('IE'),
('IL'),
('IM'),
('IN'),
('IO'),
('IQ'),
('IR'),
('IS'),
('IT'),
('JE'),
('JM'),
('JO'),
('JP'),
('KE'),
('KG'),
('KH'),
('KI'),
('KK'),
('KM'),
('KN'),
('KP'),
('KR'),
('KW'),
('KY'),
('KZ'),
('LA'),
('LB'),
('LC'),
('LI'),
('LK'),
('LR'),
('LS'),
('LT'),
('LU'),
('LV'),
('LY'),
('MA'),
('MC'),
('MD'),
('ME'),
('MF'),
('MG'),
('MH'),
('MK'),
('ML'),
('MM'),
('MN'),
('MO'),
('MP'),
('MQ'),
('MR'),
('MS'),
('MT'),
('MU'),
('MV'),
('MW'),
('MX'),
('MY'),
('MZ'),
('NA'),
('NC'),
('NE'),
('NF'),
('NG'),
('NI'),
('NL'),
('NO'),
('NP'),
('NR'),
('NU'),
('NZ'),
('OM'),
('PA'),
('PE'),
('PF'),
('PG'),
('PH'),
('PK'),
('PL'),
('PM'),
('PN'),
('PR'),
('PS'),
('PT'),
('PW'),
('PY'),
('QA'),
('RE'),
('RO'),
('RS'),
('RU'),
('RW'),
('SA'),
('SB'),
('SC'),
('SD'),
('SE'),
('SG'),
('SH'),
('SI'),
('SJ'),
('SK'),
('SL'),
('SM'),
('SN'),
('SO'),
('SR'),
('SS'),
('ST'),
('SV'),
('SY'),
('SZ'),
('TC'),
('TD'),
('TF'),
('TG'),
('TH'),
('TJ'),
('TK'),
('TL'),
('TM'),
('TN'),
('TO'),
('TR'),
('TT'),
('TV'),
('TW'),
('TZ'),
('UA'),
('UG'),
('UK'),
('UM'),
('US'),
('UY'),
('UZ'),
('VA'),
('VC'),
('VE'),
('VG'),
('VI'),
('VN'),
('VU'),
('WF'),
('WS'),
('YE'),
('YT'),
('ZA');

-- --------------------------------------------------------

--
-- Table structure for table `gc_mst_country_locale`
--

CREATE TABLE IF NOT EXISTS `gc_mst_country_locale` (
  `country_code` varchar(2) NOT NULL,
  `language_code` varchar(5) NOT NULL,
  `country_name` varchar(100) NOT NULL,
  `country_status` tinyint(1) NOT NULL DEFAULT '1',
  `country_priority` int(11) NOT NULL,
  `create_timestamp` timestamp NOT NULL DEFAULT CURRENT_TIMESTAMP,
  `created_by` bigint(20) DEFAULT NULL,
  `update_timestamp` timestamp NULL DEFAULT NULL,
  `updated_by` bigint(20) DEFAULT NULL,
  PRIMARY KEY (`language_code`,`country_code`),
  KEY `fk_countrylocale_countrycode` (`country_code`),
  KEY `fk_countrylocale_createdby` (`created_by`),
  KEY `fk_countrylocale_updatedby` (`updated_by`)
) ENGINE=InnoDB DEFAULT CHARSET=utf8;

--
-- Dumping data for table `gc_mst_country_locale`
--

INSERT INTO `gc_mst_country_locale` (`country_code`, `language_code`, `country_name`, `country_status`, `country_priority`, `create_timestamp`, `created_by`, `update_timestamp`, `updated_by`) VALUES
('BS', 'en_us', 'Bahamas', 1, 6, '2014-01-17 18:21:43', 1, '2014-01-20 11:28:26', 1),
('BT', 'en_us', 'Bhutan', 1, 7, '2014-01-17 18:21:43', 1, '2014-01-20 11:28:26', 1),
('BV', 'en_us', 'Bouvet Island', 1, 8, '2014-01-17 18:21:43', 1, '2014-01-20 11:28:26', 1),
('BW', 'en_us', 'Botswana', 1, 9, '2014-01-17 18:21:43', 1, '2014-01-20 11:28:26', 1),
('BZ', 'en_us', 'Belize', 1, 11, '2014-01-17 18:21:43', 1, '2014-01-20 11:28:26', 1),
('CA', 'en_us', 'Canada', 1, 5, '2014-01-17 18:21:43', 1, '2014-01-20 11:28:26', 1),
('CC', 'en_us', 'Cocos (Keeling) Islands', 1, 13, '2014-01-17 18:21:43', 1, '2014-01-20 11:28:26', 1),
('CD', 'en_us', 'Congo, Democratic Republic of the', 1, 14, '2014-01-17 18:21:43', 1, '2014-01-20 11:28:26', 1),
('CF', 'en_us', 'Central African Republic', 1, 15, '2014-01-17 18:21:43', 1, '2014-01-20 11:28:26', 1),
('CG', 'en_us', 'Congo, Republic of the', 1, 16, '2014-01-17 18:21:43', 1, '2014-01-20 11:28:27', 1),
('CH', 'en_us', 'Switzerland', 1, 17, '2014-01-17 18:21:43', 1, '2014-01-20 11:28:27', 1),
('CI', 'en_us', 'Cote d''Ivoire', 1, 18, '2014-01-17 18:21:43', 1, '2014-01-20 11:28:27', 1),
('CK', 'en_us', 'Cook Islands', 1, 19, '2014-01-17 18:21:43', 1, '2014-01-20 11:28:27', 1),
('CL', 'en_us', 'Chile', 1, 20, '2014-01-17 18:21:43', 1, '2014-01-20 11:28:27', 1),
('CM', 'en_us', 'Cameroon', 1, 21, '2014-01-17 18:21:43', 1, '2014-01-20 11:28:27', 1),
('CN', 'en_us', 'China', 1, 22, '2014-01-17 18:21:43', 1, '2014-01-20 11:28:27', 1),
('CO', 'en_us', 'Colombia', 1, 23, '2014-01-17 18:21:43', 1, '2014-01-20 11:28:27', 1),
('CR', 'en_us', 'Costa Rica', 1, 24, '2014-01-17 18:21:43', 1, '2014-01-20 11:28:27', 1),
('CS', 'en_us', 'Serbia and Montenegro', 1, 25, '2014-01-17 18:21:43', 1, '2014-01-20 11:28:27', 1),
('CU', 'en_us', 'Cuba', 1, 26, '2014-01-17 18:21:43', 1, '2014-01-20 11:28:27', 1),
('CV', 'en_us', 'Cape Verde', 1, 27, '2014-01-17 18:21:43', 1, '2014-01-20 11:28:28', 1),
('CW', 'en_us', 'CURACAO', 1, 28, '2014-01-17 18:21:43', 1, '2014-01-20 11:28:28', 1),
('CX', 'en_us', 'Christmas Island', 1, 29, '2014-01-17 18:21:43', 1, '2014-01-20 11:28:28', 1),
('CY', 'en_us', 'Cyprus', 1, 30, '2014-01-17 18:21:43', 1, '2014-01-20 11:28:28', 1),
('CZ', 'en_us', 'Czech Republic', 1, 31, '2014-01-17 18:21:43', 1, '2014-01-20 11:28:28', 1),
('DE', 'en_us', 'Germany', 1, 32, '2014-01-17 18:21:43', 1, '2014-01-20 11:28:28', 1),
('DJ', 'en_us', 'Djibouti', 1, 33, '2014-01-17 18:21:43', 1, '2014-01-20 11:28:28', 1),
('DK', 'en_us', 'Denmark', 1, 34, '2014-01-17 18:21:43', 1, '2014-01-20 11:28:28', 1),
('DM', 'en_us', 'Dominica', 1, 35, '2014-01-17 18:21:43', 1, '2014-01-20 11:28:28', 1),
('DO', 'en_us', 'Dominican Republic', 1, 36, '2014-01-17 18:21:43', 1, '2014-01-20 11:28:28', 1),
('DZ', 'en_us', 'Algeria', 1, 37, '2014-01-17 18:21:43', 1, '2014-01-20 11:28:28', 1),
('EC', 'en_us', 'Ecuador', 1, 38, '2014-01-17 18:21:43', 1, '2014-01-20 11:28:28', 1),
('EE', 'en_us', 'Estonia', 1, 39, '2014-01-17 18:21:43', 1, '2014-01-20 11:28:28', 1),
('EG', 'en_us', 'Egypt', 1, 40, '2014-01-17 18:21:43', 1, '2014-01-20 11:28:28', 1),
('EH', 'en_us', 'Western Sahara', 1, 41, '2014-01-17 18:21:43', 1, '2014-01-20 11:28:29', 1),
('ER', 'en_us', 'Eritrea', 1, 42, '2014-01-17 18:21:43', 1, '2014-01-20 11:28:29', 1),
('ES', 'en_us', 'Spain', 1, 43, '2014-01-17 18:21:43', 1, '2014-01-20 11:28:29', 1),
('ET', 'en_us', 'Ethiopia', 1, 44, '2014-01-17 18:21:43', 1, '2014-01-20 11:28:29', 1),
('FI', 'en_us', 'Finland', 1, 45, '2014-01-17 18:21:43', 1, '2014-01-20 11:28:29', 1),
('FJ', 'en_us', 'Fiji', 1, 46, '2014-01-17 18:21:43', 1, '2014-01-20 11:28:29', 1),
('FK', 'en_us', 'Falkland Islands (Malvinas)', 1, 47, '2014-01-17 18:21:43', 1, '2014-01-20 11:28:29', 1),
('FM', 'en_us', 'Micronesia', 1, 48, '2014-01-17 18:21:43', 1, '2014-01-20 11:28:29', 1),
('FO', 'en_us', 'Faroe Islands', 1, 49, '2014-01-17 18:21:43', 1, '2014-01-20 11:28:29', 1),
('FR', 'en_us', 'France', 1, 50, '2014-01-17 18:21:43', 1, '2014-01-20 11:28:29', 1),
('GA', 'en_us', 'Gabon', 1, 51, '2014-01-17 18:21:43', 1, '2014-01-20 11:28:29', 1),
('GB', 'en_us', 'United Kingdom', 1, 52, '2014-01-17 18:21:43', 1, '2014-01-20 11:28:29', 1),
('GD', 'en_us', 'Grenada', 1, 53, '2014-01-17 18:21:43', 1, '2014-01-20 11:28:29', 1),
('GE', 'en_us', 'Georgia', 1, 54, '2014-01-17 18:21:43', 1, '2014-01-20 11:28:29', 1),
('GF', 'en_us', 'French Guiana', 1, 55, '2014-01-17 18:21:43', 1, '2014-01-20 11:28:29', 1),
('GG', 'en_us', 'Guernsey', 1, 56, '2014-01-17 18:21:43', 1, '2014-01-20 11:28:29', 1),
('GH', 'en_us', 'Ghana', 1, 57, '2014-01-17 18:21:43', 1, '2014-01-20 11:28:30', 1),
('GI', 'en_us', 'Gibraltar', 1, 58, '2014-01-17 18:21:43', 1, '2014-01-20 11:28:30', 1),
('GL', 'en_us', 'Greenland', 1, 59, '2014-01-17 18:21:43', 1, '2014-01-20 11:28:30', 1),
('GM', 'en_us', 'Gambia', 1, 60, '2014-01-17 18:21:43', 1, '2014-01-20 11:28:30', 1),
('GN', 'en_us', 'Guinea', 1, 61, '2014-01-17 18:21:43', 1, '2014-01-20 11:28:30', 1),
('GP', 'en_us', 'Guadeloupe', 1, 62, '2014-01-17 18:21:43', 1, '2014-01-20 11:28:30', 1),
('GQ', 'en_us', 'Equatorial Guinea', 1, 63, '2014-01-17 18:21:43', 1, '2014-01-20 11:28:30', 1),
('GR', 'en_us', 'Greece', 1, 64, '2014-01-17 18:21:43', 1, '2014-01-20 11:28:30', 1),
('GS', 'en_us', 'South Georgia and the South Sandwich Islands', 1, 65, '2014-01-17 18:21:43', 1, '2014-01-20 11:28:30', 1),
('GT', 'en_us', 'Guatemala', 1, 66, '2014-01-17 18:21:43', 1, '2014-01-20 11:28:30', 1),
('GW', 'en_us', 'Guinea-Bissau', 1, 67, '2014-01-17 18:21:43', 1, '2014-01-20 11:28:30', 1),
('GY', 'en_us', 'Guyana', 1, 68, '2014-01-17 18:21:43', 1, '2014-01-20 11:28:31', 1),
('HK', 'en_us', 'Hong Kong', 1, 69, '2014-01-17 18:21:43', 1, '2014-01-20 11:28:31', 1),
('HM', 'en_us', 'Heard Island and Mcdonald Islands', 1, 70, '2014-01-17 18:21:43', 1, '2014-01-20 11:28:31', 1),
('HN', 'en_us', 'Honduras', 1, 71, '2014-01-17 18:21:43', 1, '2014-01-20 11:28:31', 1),
('HR', 'en_us', 'Croatia', 1, 72, '2014-01-17 18:21:43', 1, '2014-01-20 11:28:31', 1),
('HT', 'en_us', 'Haiti', 1, 73, '2014-01-17 18:21:43', 1, '2014-01-20 11:28:31', 1),
('HU', 'en_us', 'Hungary', 1, 74, '2014-01-17 18:21:43', 1, '2014-01-20 11:28:31', 1),
('ID', 'en_us', 'Indonesia', 1, 75, '2014-01-17 18:21:43', 1, '2014-01-20 11:28:31', 1),
('IE', 'en_us', 'Ireland', 1, 76, '2014-01-17 18:21:43', 1, '2014-01-20 11:28:31', 1),
('IL', 'en_us', 'Israel', 1, 77, '2014-01-17 18:21:43', 1, '2014-01-20 11:28:31', 1),
('IM', 'en_us', 'Isle of Man', 1, 78, '2014-01-17 18:21:43', 1, '2014-01-20 11:28:32', 1),
('IN', 'en_us', 'India', 1, 79, '2014-01-17 18:21:43', 1, '2014-01-20 11:28:32', 1),
('IO', 'en_us', 'British Indian Ocean', 1, 80, '2014-01-17 18:21:43', 1, '2014-01-20 11:28:32', 1),
('IQ', 'en_us', 'Iraq', 1, 81, '2014-01-17 18:21:43', 1, '2014-01-20 11:28:32', 1),
('IR', 'en_us', 'Iran, Islamic Republic of', 1, 82, '2014-01-17 18:21:43', 1, '2014-01-20 11:28:32', 1),
('IS', 'en_us', 'Iceland', 1, 83, '2014-01-17 18:21:43', 1, '2014-01-20 11:28:32', 1),
('IT', 'en_us', 'Italy', 1, 84, '2014-01-17 18:21:43', 1, '2014-01-20 11:28:32', 1),
('JE', 'en_us', 'Jersey', 1, 85, '2014-01-17 18:21:43', 1, '2014-01-20 11:28:32', 1),
('JM', 'en_us', 'Jamaica', 1, 86, '2014-01-17 18:21:43', 1, '2014-01-20 11:28:32', 1),
('JO', 'en_us', 'Jordan', 1, 87, '2014-01-17 18:21:43', 1, '2014-01-20 11:28:32', 1),
('JP', 'en_us', 'Japan', 1, 88, '2014-01-17 18:21:43', 1, '2014-01-20 11:28:32', 1),
('KE', 'en_us', 'Kenya', 1, 89, '2014-01-17 18:21:43', 1, '2014-01-20 11:28:32', 1),
('KG', 'en_us', 'Kyrgyzstan', 1, 90, '2014-01-17 18:21:43', 1, '2014-01-20 11:28:32', 1),
('KH', 'en_us', 'Cambodia', 1, 91, '2014-01-17 18:21:43', 1, '2014-01-20 11:28:32', 1),
('KI', 'en_us', 'Kiribati', 1, 92, '2014-01-17 18:21:43', 1, '2014-01-20 11:28:32', 1),
('KK', 'en_us', 'kentuky', 1, 93, '2014-01-20 10:07:02', 1, '2014-01-20 11:28:33', 1),
('KM', 'en_us', 'Comoros', 1, 94, '2014-01-17 18:21:43', 1, '2014-01-20 11:28:33', 1),
('KN', 'en_us', 'Saint Kitts and Nevis', 1, 95, '2014-01-17 18:21:43', 1, '2014-01-20 11:28:33', 1),
('KP', 'en_us', 'Korea, Democratic People''s Republic of', 1, 96, '2014-01-17 18:21:43', 1, '2014-01-20 11:28:33', 1),
('KR', 'en_us', 'Korea, South', 1, 97, '2014-01-17 18:21:43', 1, '2014-01-20 11:28:33', 1),
('KW', 'en_us', 'Kuwait', 1, 98, '2014-01-17 18:21:43', 1, '2014-01-20 11:28:33', 1),
('KY', 'en_us', 'Cayman Islands', 1, 99, '2014-01-17 18:21:43', 1, '2014-01-20 11:28:33', 1),
('KZ', 'en_us', 'Kazakhstan', 1, 100, '2014-01-17 18:21:43', 1, '2014-01-20 11:28:33', 1),
('LA', 'en_us', 'Laos', 1, 101, '2014-01-17 18:21:43', 1, '2014-01-20 11:28:33', 1),
('LB', 'en_us', 'Lebanon', 1, 102, '2014-01-17 18:21:43', 1, '2014-01-20 11:28:33', 1),
('LC', 'en_us', 'Saint Lucia', 1, 103, '2014-01-17 18:21:43', 1, '2014-01-20 11:28:33', 1),
('LI', 'en_us', 'Liechtenstein', 1, 104, '2014-01-17 18:21:43', 1, '2014-01-20 11:28:34', 1),
('LK', 'en_us', 'Sri Lanka', 1, 105, '2014-01-17 18:21:43', 1, '2014-01-20 11:28:34', 1),
('LR', 'en_us', 'Liberia', 1, 106, '2014-01-17 18:21:43', 1, '2014-01-20 11:28:34', 1),
('LS', 'en_us', 'Lesotho', 1, 107, '2014-01-17 18:21:43', 1, '2014-01-20 11:28:34', 1),
('LT', 'en_us', 'Lithuania', 1, 108, '2014-01-17 18:21:43', 1, '2014-01-20 11:28:34', 1),
('LU', 'en_us', 'Luxembourg', 1, 109, '2014-01-17 18:21:43', 1, '2014-01-20 11:28:34', 1),
('LV', 'en_us', 'Latvia', 1, 110, '2014-01-17 18:21:43', 1, '2014-01-20 11:28:34', 1),
('LY', 'en_us', 'Libya', 1, 111, '2014-01-17 18:21:43', 1, '2014-01-20 11:28:34', 1),
('MA', 'en_us', 'Morocco', 1, 112, '2014-01-17 18:21:43', 1, '2014-01-20 11:28:34', 1),
('MC', 'en_us', 'Monaco', 1, 113, '2014-01-17 18:21:43', 1, '2014-01-20 11:28:34', 1),
('MD', 'en_us', 'Moldova', 1, 114, '2014-01-17 18:21:43', 1, '2014-01-20 11:28:34', 1),
('ME', 'en_us', 'Montenegro', 1, 115, '2014-01-17 18:21:43', 1, '2014-01-20 11:28:34', 1),
('MF', 'en_us', 'Saint-Martin', 1, 116, '2014-01-17 18:21:43', 1, '2014-01-20 11:28:34', 1),
('MG', 'en_us', 'Madagascar', 1, 117, '2014-01-17 18:21:43', 1, '2014-01-20 11:28:34', 1),
('MH', 'en_us', 'Marshall Islands', 1, 118, '2014-01-17 18:21:43', 1, '2014-01-20 11:28:34', 1),
('MK', 'en_us', 'Macedonia, Republic of', 1, 119, '2014-01-17 18:21:43', 1, '2014-01-20 11:28:35', 1),
('ML', 'en_us', 'Mali', 1, 120, '2014-01-17 18:21:43', 1, '2014-01-20 11:28:35', 1),
('MM', 'en_us', 'Myanmar', 1, 121, '2014-01-17 18:21:43', 1, '2014-01-20 11:28:35', 1),
('MN', 'en_us', 'Mongolia', 1, 122, '2014-01-17 18:21:43', 1, '2014-01-20 11:28:35', 1),
('MO', 'en_us', 'Macau', 1, 123, '2014-01-17 18:21:43', 1, '2014-01-20 11:28:35', 1),
('MP', 'en_us', 'Northern Mariana Islands', 1, 124, '2014-01-17 18:21:43', 1, '2014-01-20 11:28:35', 1),
('MQ', 'en_us', 'Martinique', 1, 125, '2014-01-17 18:21:43', 1, '2014-01-20 11:28:35', 1),
('MR', 'en_us', 'Mauritania', 1, 126, '2014-01-17 18:21:43', 1, '2014-01-20 11:28:35', 1),
('MS', 'en_us', 'Montserrat', 1, 127, '2014-01-17 18:21:43', 1, '2014-01-20 11:28:35', 1),
('MT', 'en_us', 'Malta', 1, 128, '2014-01-17 18:21:43', 1, '2014-01-20 11:28:35', 1),
('MU', 'en_us', 'Mauritius', 1, 129, '2014-01-17 18:21:43', 1, '2014-01-20 11:28:35', 1),
('MV', 'en_us', 'Maldives', 1, 130, '2014-01-17 18:21:43', 1, '2014-01-20 11:28:36', 1),
('MW', 'en_us', 'Malawi', 1, 131, '2014-01-17 18:21:43', 1, '2014-01-20 11:28:36', 1),
('MX', 'en_us', 'Mexico', 1, 132, '2014-01-17 18:21:43', 1, '2014-01-20 11:28:36', 1),
('MY', 'en_us', 'Malaysia', 1, 133, '2014-01-17 18:21:43', 1, '2014-01-20 11:28:36', 1),
('MZ', 'en_us', 'Mozambique', 1, 134, '2014-01-17 18:21:43', 1, '2014-01-20 11:28:36', 1),
('NA', 'en_us', 'Namibia', 1, 135, '2014-01-17 18:21:43', 1, '2014-01-20 11:28:37', 1),
('NC', 'en_us', 'New Caledonia', 1, 136, '2014-01-17 18:21:43', 1, '2014-01-20 11:28:37', 1),
('NE', 'en_us', 'Niger', 1, 137, '2014-01-17 18:21:43', 1, '2014-01-20 11:28:37', 1),
('NF', 'en_us', 'Norfolk Island', 1, 138, '2014-01-17 18:21:43', 1, '2014-01-20 11:28:37', 1),
('NG', 'en_us', 'Nigeria', 1, 139, '2014-01-17 18:21:43', 1, '2014-01-20 11:28:37', 1),
('NI', 'en_us', 'Nicaragua', 1, 140, '2014-01-17 18:21:43', 1, '2014-01-20 11:28:37', 1),
('NL', 'en_us', 'Netherlands', 1, 141, '2014-01-17 18:21:43', 1, '2014-01-20 11:28:37', 1),
('NO', 'en_us', 'Norway', 1, 142, '2014-01-17 18:21:43', 1, '2014-01-20 11:28:37', 1),
('NP', 'en_us', 'Nepal', 1, 143, '2014-01-17 18:21:43', 1, '2014-01-20 11:28:37', 1),
('NR', 'en_us', 'Nauru', 1, 144, '2014-01-17 18:21:43', 1, '2014-01-20 11:28:37', 1),
('NU', 'en_us', 'Niue', 1, 145, '2014-01-17 18:21:43', 1, '2014-01-20 11:28:37', 1),
('NZ', 'en_us', 'New Zealand', 1, 146, '2014-01-17 18:21:43', 1, '2014-01-20 11:28:37', 1),
('OM', 'en_us', 'Oman', 1, 147, '2014-01-17 18:21:43', 1, '2014-01-20 11:28:37', 1),
('PA', 'en_us', 'Panama', 1, 148, '2014-01-17 18:21:43', 1, '2014-01-20 11:28:38', 1),
('PE', 'en_us', 'Peru', 1, 149, '2014-01-17 18:21:43', 1, '2014-01-20 11:28:38', 1),
('PF', 'en_us', 'French Polynesia', 1, 150, '2014-01-17 18:21:43', 1, '2014-01-20 11:28:38', 1),
('PG', 'en_us', 'Papua New Guinea', 1, 151, '2014-01-17 18:21:43', 1, '2014-01-20 11:28:38', 1),
('PH', 'en_us', 'Philippines', 1, 152, '2014-01-17 18:21:43', 1, '2014-01-20 11:28:38', 1),
('PK', 'en_us', 'Pakistan', 1, 153, '2014-01-17 18:21:43', 1, '2014-01-20 11:28:38', 1),
('PL', 'en_us', 'Poland', 1, 154, '2014-01-17 18:21:43', 1, '2014-01-20 11:28:38', 1),
('PM', 'en_us', 'Saint Pierre and Miquelon', 1, 155, '2014-01-17 18:21:43', 1, '2014-01-20 11:28:38', 1),
('PN', 'en_us', 'Pitcairn Island', 1, 156, '2014-01-17 18:21:43', 1, '2014-01-20 11:28:38', 1),
('PR', 'en_us', 'Puerto Rico', 1, 157, '2014-01-17 18:21:43', 1, '2014-01-20 11:28:38', 1),
('PS', 'en_us', 'Palestinian Territory', 1, 158, '2014-01-17 18:21:43', 1, '2014-01-20 11:28:38', 1),
('PT', 'en_us', 'Portugal', 1, 159, '2014-01-17 18:21:43', 1, '2014-01-20 11:28:38', 1),
('PW', 'en_us', 'Palau', 1, 160, '2014-01-17 18:21:43', 1, '2014-01-20 11:28:39', 1),
('PY', 'en_us', 'Paraguay', 1, 161, '2014-01-17 18:21:43', 1, '2014-01-20 11:28:39', 1),
('QA', 'en_us', 'Qatar', 1, 162, '2014-01-17 18:21:43', 1, '2014-01-20 11:28:39', 1),
('RE', 'en_us', 'Reunion', 1, 163, '2014-01-17 18:21:43', 1, '2014-01-20 11:28:39', 1),
('RO', 'en_us', 'Romania', 1, 164, '2014-01-17 18:21:43', 1, '2014-01-20 11:28:39', 1),
('RS', 'en_us', 'Serbia', 1, 165, '2014-01-17 18:21:43', 1, '2014-01-20 11:28:39', 1),
('RU', 'en_us', 'Russia', 1, 166, '2014-01-17 18:21:43', 1, '2014-01-20 11:28:39', 1),
('RW', 'en_us', 'Rwanda', 1, 167, '2014-01-17 18:21:43', 1, '2014-01-20 11:28:39', 1),
('SA', 'en_us', 'Saudi Arabia', 1, 168, '2014-01-17 18:21:43', 1, '2014-01-20 11:28:39', 1),
('SB', 'en_us', 'Solomon Islands', 1, 169, '2014-01-17 18:21:43', 1, '2014-01-20 11:28:39', 1),
('SC', 'en_us', 'Seychelles', 1, 170, '2014-01-17 18:21:43', 1, '2014-01-20 11:28:39', 1),
('SD', 'en_us', 'Sudan', 1, 171, '2014-01-17 18:21:43', 1, '2014-01-20 11:28:39', 1),
('SE', 'en_us', 'Sweden', 1, 172, '2014-01-17 18:21:43', 1, '2014-01-20 11:28:39', 1),
('SG', 'en_us', 'Singapore', 1, 173, '2014-01-17 18:21:43', 1, '2014-01-20 11:28:40', 1),
('SH', 'en_us', 'Saint Helena', 1, 174, '2014-01-17 18:21:43', 1, '2014-01-20 11:28:40', 1),
('SI', 'en_us', 'Slovenia', 1, 175, '2014-01-17 18:21:43', 1, '2014-01-20 11:28:40', 1),
('SJ', 'en_us', 'Svalbard and Jan Mayen', 1, 176, '2014-01-17 18:21:43', 1, '2014-01-20 11:28:40', 1),
('SK', 'en_us', 'Slovakia', 1, 177, '2014-01-17 18:21:43', 1, '2014-01-20 11:28:40', 1),
('SL', 'en_us', 'Sierra Leone', 1, 178, '2014-01-17 18:21:43', 1, '2014-01-20 11:28:40', 1),
('SM', 'en_us', 'San Marino', 1, 179, '2014-01-17 18:21:43', 1, '2014-01-20 11:28:40', 1),
('SN', 'en_us', 'Senegal', 1, 180, '2014-01-17 18:21:43', 1, '2014-01-20 11:28:40', 1),
('SO', 'en_us', 'Somalia', 1, 181, '2014-01-17 18:21:43', 1, '2014-01-20 11:28:40', 1),
('SR', 'en_us', 'Suriname', 1, 182, '2014-01-17 18:21:43', 1, '2014-01-20 11:28:40', 1),
('SS', 'en_us', 'South Sudan', 1, 183, '2014-01-17 18:21:43', 1, '2014-01-20 11:28:40', 1),
('ST', 'en_us', 'Sao Tome and Principe', 1, 184, '2014-01-17 18:21:43', 1, '2014-01-20 11:28:40', 1),
('SV', 'en_us', 'El Salvador', 1, 185, '2014-01-17 18:21:43', 1, '2014-01-20 11:28:40', 1),
('SY', 'en_us', 'Syria', 1, 186, '2014-01-17 18:21:43', 1, '2014-01-20 11:28:40', 1),
('SZ', 'en_us', 'Swaziland', 1, 187, '2014-01-17 18:21:43', 1, '2014-01-20 11:28:40', 1),
('TC', 'en_us', 'Turks and Caicos Islands', 1, 188, '2014-01-17 18:21:43', 1, '2014-01-20 11:28:41', 1),
('TD', 'en_us', 'Chad', 1, 189, '2014-01-17 18:21:43', 1, '2014-01-20 11:28:41', 1),
('TF', 'en_us', 'French Southern Territories', 1, 190, '2014-01-17 18:21:43', 1, '2014-01-20 11:28:41', 1),
('TG', 'en_us', 'Togo', 1, 191, '2014-01-17 18:21:43', 1, '2014-01-20 11:28:41', 1),
('TH', 'en_us', 'Thailand', 1, 192, '2014-01-17 18:21:43', 1, '2014-01-20 11:28:41', 1),
('TJ', 'en_us', 'Tajikistan', 1, 193, '2014-01-17 18:21:43', 1, '2014-01-20 11:28:41', 1),
('TK', 'en_us', 'Tokelau', 1, 194, '2014-01-17 18:21:43', 1, '2014-01-20 11:28:41', 1),
('TL', 'en_us', 'East Timor', 1, 195, '2014-01-17 18:21:43', 1, '2014-01-20 11:28:41', 1),
('TM', 'en_us', 'Turkmenistan', 1, 196, '2014-01-17 18:21:43', 1, '2014-01-20 11:28:42', 1),
('TN', 'en_us', 'Tunisia', 1, 197, '2014-01-17 18:21:43', 1, '2014-01-20 11:28:42', 1),
('TO', 'en_us', 'Tonga', 1, 198, '2014-01-17 18:21:43', 1, '2014-01-20 11:28:42', 1),
('TR', 'en_us', 'Turkey', 1, 199, '2014-01-17 18:21:43', 1, '2014-01-20 11:28:42', 1),
('TT', 'en_us', 'Trinidad and Tobago', 1, 200, '2014-01-17 18:21:43', 1, '2014-01-20 11:28:42', 1),
('TV', 'en_us', 'Tuvalu', 1, 201, '2014-01-17 18:21:43', 1, '2014-01-20 11:28:42', 1),
('TW', 'en_us', 'Taiwan', 1, 202, '2014-01-17 18:21:43', 1, '2014-01-20 11:28:42', 1),
('TZ', 'en_us', 'Tanzania', 1, 203, '2014-01-17 18:21:43', 1, '2014-01-20 11:28:42', 1),
('UA', 'en_us', 'Ukraine', 1, 204, '2014-01-17 18:21:43', 1, '2014-01-20 11:28:42', 1),
('UG', 'en_us', 'Uganda', 1, 205, '2014-01-17 18:21:43', 1, '2014-01-20 11:28:42', 1),
('UK', 'en_us', 'United Kingdom', 1, 2, '2014-01-20 12:10:58', 1, '2014-01-20 12:13:18', 1),
('UM', 'en_us', 'United States Minor Outlying Islands', 1, 206, '2014-01-17 18:21:43', 1, '2014-01-20 11:28:43', 1),
('US', 'en_us', 'United States', 1, 1, '2014-01-17 18:21:43', 1, '2014-01-20 12:06:10', 1),
('UY', 'en_us', 'Uruguay', 1, 207, '2014-01-17 18:21:43', 1, '2014-01-20 11:28:43', 1),
('UZ', 'en_us', 'Uzbekistan', 1, 208, '2014-01-17 18:21:43', 1, '2014-01-20 11:28:43', 1),
('VA', 'en_us', 'Vatican City', 1, 209, '2014-01-17 18:21:43', 1, '2014-01-20 11:28:43', 1),
('VC', 'en_us', 'Saint Vincent and the Grenadines', 1, 210, '2014-01-17 18:21:43', 1, '2014-01-20 11:28:43', 1),
('VE', 'en_us', 'Venezuela', 1, 211, '2014-01-17 18:21:43', 1, '2014-01-20 11:28:43', 1),
('VG', 'en_us', 'Virgin Islands, British', 1, 212, '2014-01-17 18:21:43', 1, '2014-01-20 11:28:43', 1),
('VI', 'en_us', 'Virgin Islands, US', 1, 213, '2014-01-17 18:21:43', 1, '2014-01-20 11:28:43', 1),
('VN', 'en_us', 'Vietnam', 1, 214, '2014-01-17 18:21:43', 1, '2014-01-20 11:28:43', 1),
('VU', 'en_us', 'Vanuatu', 1, 215, '2014-01-17 18:21:43', 1, '2014-01-20 11:28:43', 1),
('WF', 'en_us', 'Wallis and Futuna', 1, 216, '2014-01-17 18:21:43', 1, '2014-01-20 11:28:43', 1),
('WS', 'en_us', 'Samoa', 1, 217, '2014-01-17 18:21:43', 1, '2014-01-20 11:28:43', 1),
('YE', 'en_us', 'Yemen', 1, 218, '2014-01-17 18:21:43', 1, '2014-01-20 11:28:43', 1),
('YT', 'en_us', 'Mayotte', 1, 219, '2014-01-17 18:21:43', 1, '2014-01-20 11:28:44', 1),
('ZA', 'en_us', 'South Africa', 1, 220, '2014-01-17 18:21:43', 1, '2014-01-20 11:28:44', 1),
('BS', 'es', 'Bahamas_spanish', 1, 16, '2014-01-20 08:54:36', NULL, '2014-01-20 08:54:36', NULL),
('BS', 'fr', 'Bahamas_fr', 1, 16, '2014-01-20 09:58:04', NULL, '2014-01-20 09:58:04', NULL);

-- --------------------------------------------------------

--
-- Table structure for table `gc_mst_language`
--

CREATE TABLE IF NOT EXISTS `gc_mst_language` (
  `language_code` varchar(5) NOT NULL,
  `language_name` varchar(75) NOT NULL,
  `language_status` tinyint(1) NOT NULL DEFAULT '1',
  `language_priority` int(11) DEFAULT NULL,
  `create_timestamp` timestamp NOT NULL DEFAULT CURRENT_TIMESTAMP,
  `created_by` bigint(20) DEFAULT NULL,
  `update_timestamp` timestamp NULL DEFAULT NULL,
  `updated_by` bigint(20) DEFAULT NULL,
  PRIMARY KEY (`language_code`),
  UNIQUE KEY `uk_language_languagename` (`language_name`),
  KEY `fk_language_createdby` (`created_by`),
  KEY `fk_language_updatedby` (`updated_by`)
) ENGINE=InnoDB DEFAULT CHARSET=utf8;

--
-- Dumping data for table `gc_mst_language`
--

INSERT INTO `gc_mst_language` (`language_code`, `language_name`, `language_status`, `language_priority`, `create_timestamp`, `created_by`, `update_timestamp`, `updated_by`) VALUES
('ch', '中國的', 1, 1, '2014-01-22 07:13:40', 1, '2014-01-22 08:20:38', 1),
('en_us', 'English US', 0, 2, '2014-01-17 18:21:42', 1, '2014-01-22 08:17:04', 1),
('es', 'español', 1, 5, '2014-01-17 18:21:42', 1, '0000-00-00 00:00:00', 1),
('fr', 'français', 1, 8, '2014-01-17 18:21:42', 1, '0000-00-00 00:00:00', 1),
('it', 'italiano', 1, 6, '2014-01-22 07:28:48', 1, '2014-01-22 07:34:13', 1);

-- --------------------------------------------------------

--
-- Table structure for table `gc_mst_notification`
--

CREATE TABLE IF NOT EXISTS `gc_mst_notification` (
  `notification_id` int(11) NOT NULL AUTO_INCREMENT,
  `applicable_for` char(1) NOT NULL COMMENT 'for t-tasker p-poster s-system type notificatios',
  `applicable_for_user_type` char(1) DEFAULT NULL COMMENT 'premium, basic',
  `email_default` tinyint(1) NOT NULL DEFAULT '1' COMMENT 'Default value for email notification',
  `sms_default` tinyint(1) NOT NULL DEFAULT '1' COMMENT 'Default value for SMS notification',
  `create_at` timestamp NOT NULL DEFAULT CURRENT_TIMESTAMP,
  `created_by` bigint(20) DEFAULT NULL,
  `update_at` timestamp NULL DEFAULT NULL,
  `updated_by` bigint(20) DEFAULT NULL,
  PRIMARY KEY (`notification_id`)
) ENGINE=InnoDB  DEFAULT CHARSET=utf8 COMMENT='Master list of notifications that can be sent for different events' AUTO_INCREMENT=14 ;

--
-- Dumping data for table `gc_mst_notification`
--

INSERT INTO `gc_mst_notification` (`notification_id`, `applicable_for`, `applicable_for_user_type`, `email_default`, `sms_default`, `create_at`, `created_by`, `update_at`, `updated_by`) VALUES
(1, 'p', 'b', 1, 1, '2014-05-21 09:50:10', 1, NULL, NULL),
(2, 't', 'p', 1, 1, '2014-05-21 09:50:57', 1, NULL, NULL),
(3, 's', 'b', 1, 1, '2014-05-21 09:51:21', 1, NULL, NULL),
(4, 'p', 'b', 1, 1, '2014-05-21 09:50:10', 1, NULL, NULL),
(5, 'p', 'p', 1, 1, '2014-05-21 09:50:10', 1, NULL, NULL),
(6, 'p', 'b', 1, 1, '2014-05-21 09:50:10', 1, NULL, NULL),
(7, 't', 'p', 1, 1, '2014-05-21 09:50:57', 1, NULL, NULL),
(8, 't', 'p', 1, 1, '2014-05-21 09:50:57', 1, NULL, NULL),
(9, 't', 'p', 1, 1, '2014-05-21 09:50:57', 1, NULL, NULL),
(10, 's', 'b', 1, 1, '2014-05-21 09:51:21', 1, NULL, NULL),
(11, 's', 'b', 1, 1, '2014-05-21 09:51:21', 1, NULL, NULL),
(12, 's', 'b', 1, 1, '2014-05-21 09:51:21', 1, NULL, NULL),
(13, 's', 'b', 1, 1, '2014-05-21 09:51:21', 1, NULL, NULL);

-- --------------------------------------------------------

--
-- Table structure for table `gc_mst_notification_locale`
--

CREATE TABLE IF NOT EXISTS `gc_mst_notification_locale` (
  `notification_id` int(11) NOT NULL,
  `language_code` varchar(5) NOT NULL,
  `description` varchar(200) NOT NULL COMMENT 'Notification desciption',
  `priority` int(11) DEFAULT NULL COMMENT 'Display order',
  `status` char(1) NOT NULL DEFAULT 'a' COMMENT 'a-active d-deleted',
  `create_at` timestamp NOT NULL DEFAULT CURRENT_TIMESTAMP,
  `created_by` bigint(20) DEFAULT NULL,
  `update_at` timestamp NULL DEFAULT NULL,
  `updated_by` bigint(20) DEFAULT NULL,
  PRIMARY KEY (`language_code`,`notification_id`),
  KEY `fk_notification_id` (`notification_id`)
) ENGINE=InnoDB DEFAULT CHARSET=utf8 COMMENT='Locale wise master list of notifications that can be sent for different event';

--
-- Dumping data for table `gc_mst_notification_locale`
--

INSERT INTO `gc_mst_notification_locale` (`notification_id`, `language_code`, `description`, `priority`, `status`, `create_at`, `created_by`, `update_at`, `updated_by`) VALUES
(1, 'en_us', 'Your Project is Posted Successfully', 1, 'a', '2014-05-21 10:12:31', 1, NULL, NULL),
(2, 'en_us', 'Your Proposal Was Successfully Submitted', 2, 'a', '2014-05-21 10:13:31', 1, NULL, NULL),
(3, 'en_us', 'New Inbox Message', 3, 'a', '2014-05-21 10:14:31', 1, NULL, NULL),
(4, 'en_us', 'New Proposal Submitted', 4, 'a', '2014-05-21 10:18:17', 1, NULL, NULL),
(5, 'en_us', 'Doer Has Completed Your Project', 5, 'a', '2014-05-21 10:18:47', 1, NULL, NULL),
(6, 'en_us', 'New Comments On An Open Project', 6, 'a', '2014-05-21 10:19:13', 1, NULL, NULL),
(7, 'en_us', 'Your Proposal Has Been Accepted', 7, 'a', '2014-05-21 10:29:06', 1, NULL, NULL),
(8, 'en_us', 'Funds Have Been Released To You', 8, 'a', '2014-05-21 10:29:35', 1, NULL, NULL),
(9, 'en_us', 'New Comments On An Open Project ', 9, 'a', '2014-05-21 10:30:03', 1, NULL, NULL),
(10, 'en_us', 'Announcements', 10, 'a', '2014-05-21 10:32:13', 1, NULL, NULL),
(11, 'en_us', 'Marketing', 11, 'a', '2014-05-21 10:32:36', 1, NULL, NULL),
(12, 'en_us', 'Admin Messages', 12, 'a', '2014-05-21 10:33:09', 1, NULL, NULL),
(13, 'en_us', 'System Updates', 13, 'a', '2014-05-21 10:33:35', 1, NULL, NULL);

-- --------------------------------------------------------

--
-- Table structure for table `gc_mst_rating`
--

CREATE TABLE IF NOT EXISTS `gc_mst_rating` (
  `rating_id` int(11) NOT NULL AUTO_INCREMENT,
  `rating_for` char(1) DEFAULT NULL COMMENT '''p'' for poster to rate a poster ''t'' for tasker to rate a tasker, ''u'' for any user to rate the service, if required',
  `created_at` timestamp NOT NULL DEFAULT CURRENT_TIMESTAMP,
  `created_by` bigint(20) NOT NULL,
  `updated_at` datetime DEFAULT NULL,
  `updated_by` bigint(20) DEFAULT NULL,
  `source_app` varchar(10) DEFAULT NULL,
  `status` char(1) DEFAULT 'a' COMMENT ' ''a'' means active, ''d'' means deleted',
  PRIMARY KEY (`rating_id`)
) ENGINE=InnoDB DEFAULT CHARSET=utf8 COMMENT='This table holds rating codes that poster and tasker use to rate each other of task completion' AUTO_INCREMENT=1 ;

-- --------------------------------------------------------

--
-- Table structure for table `gc_mst_rating_locale`
--

CREATE TABLE IF NOT EXISTS `gc_mst_rating_locale` (
  `rating_id` int(11) NOT NULL AUTO_INCREMENT,
  `language_code` varchar(5) NOT NULL COMMENT 'Language of the rating description',
  `rating_desc` varchar(30) NOT NULL,
  `rating_priority` int(11) DEFAULT '0' COMMENT 'Display order on UI 0,1,2 etc. High order rows to be displayed first',
  `created_at` timestamp NOT NULL DEFAULT CURRENT_TIMESTAMP,
  `created_by` bigint(20) NOT NULL,
  `updated_at` datetime DEFAULT NULL,
  `updated_by` bigint(20) DEFAULT NULL,
  `source_app` varchar(10) DEFAULT NULL,
  `status` char(1) DEFAULT 'a' COMMENT ' ''a'' means active, ''d'' means deleted',
  PRIMARY KEY (`language_code`,`rating_id`),
  KEY `gc_mst_rating_locale_rating_id_idx1` (`rating_id`)
) ENGINE=InnoDB DEFAULT CHARSET=utf8 COMMENT='This table holds rating description for each language' AUTO_INCREMENT=1 ;

-- --------------------------------------------------------

--
-- Table structure for table `gc_mst_region`
--

CREATE TABLE IF NOT EXISTS `gc_mst_region` (
  `region_id` int(11) NOT NULL AUTO_INCREMENT,
  PRIMARY KEY (`region_id`)
) ENGINE=InnoDB  DEFAULT CHARSET=utf8 AUTO_INCREMENT=190 ;

--
-- Dumping data for table `gc_mst_region`
--

INSERT INTO `gc_mst_region` (`region_id`) VALUES
(2),
(14),
(15),
(25),
(26),
(27),
(28),
(29),
(30),
(31),
(32),
(33),
(34),
(35),
(36),
(37),
(38),
(39),
(40),
(41),
(42),
(43),
(44),
(45),
(46),
(47),
(48),
(49),
(50),
(51),
(52),
(53),
(54),
(55),
(56),
(57),
(58),
(59),
(60),
(61),
(62),
(63),
(64),
(65),
(66),
(67),
(68),
(69),
(70),
(71),
(72),
(73),
(74),
(75),
(76),
(77),
(78),
(79),
(80),
(81),
(82),
(83),
(84),
(85),
(86),
(87),
(88),
(89),
(90),
(91),
(92),
(93),
(94),
(95),
(96),
(97),
(98),
(99),
(100),
(101),
(102),
(103),
(104),
(105),
(106),
(107),
(108),
(109),
(110),
(111),
(112),
(113),
(114),
(115),
(116),
(117),
(118),
(119),
(120),
(121),
(122),
(123),
(124),
(125),
(126),
(127),
(128),
(129),
(130),
(131),
(132),
(133),
(134),
(135),
(136),
(137),
(138),
(139),
(140),
(141),
(142),
(143),
(144),
(145),
(146),
(147),
(148),
(149),
(150),
(151),
(152),
(153),
(154),
(155),
(156),
(157),
(158),
(159),
(160),
(161),
(162),
(163),
(164),
(165),
(166),
(167),
(168),
(169),
(170),
(171),
(172),
(173),
(174),
(175),
(176),
(177),
(178),
(179),
(180),
(181),
(182),
(183),
(184),
(185),
(186),
(187),
(188),
(189);

-- --------------------------------------------------------

--
-- Table structure for table `gc_mst_region_locale`
--

CREATE TABLE IF NOT EXISTS `gc_mst_region_locale` (
  `region_id` int(11) NOT NULL,
  `language_code` varchar(5) NOT NULL,
  `state_id` int(11) NOT NULL,
  `region_name` varchar(100) NOT NULL,
  `region_status` tinyint(1) NOT NULL DEFAULT '1',
  `region_priority` int(11) NOT NULL,
  `create_timestamp` timestamp NOT NULL DEFAULT CURRENT_TIMESTAMP,
  `created_by` bigint(20) DEFAULT NULL,
  `update_timestamp` timestamp NULL DEFAULT NULL,
  `updated_by` bigint(20) DEFAULT NULL,
  PRIMARY KEY (`language_code`,`region_id`),
  KEY `fk_regionlocale_stateid` (`state_id`),
  KEY `fk_regionlocale_createdby` (`created_by`),
  KEY `fk_regionlocale_updatedby` (`updated_by`),
  KEY `fk_regionlocale_regionid` (`region_id`)
) ENGINE=InnoDB DEFAULT CHARSET=utf8;

--
-- Dumping data for table `gc_mst_region_locale`
--

INSERT INTO `gc_mst_region_locale` (`region_id`, `language_code`, `state_id`, `region_name`, `region_status`, `region_priority`, `create_timestamp`, `created_by`, `update_timestamp`, `updated_by`) VALUES
(2, 'en_us', 1, 'Jaipur', 1, 2, '2014-01-21 06:33:02', 1, '2014-01-21 06:34:03', 1),
(14, 'en_us', 8, 'Delhi', 1, 6, '2014-01-27 11:58:20', 1, NULL, NULL),
(25, 'en_us', 11, 'CA', 1, 7, '2014-03-05 04:24:26', 1, NULL, NULL),
(26, 'en_us', 12, 'Philadelphia', 1, 8, '2014-03-27 05:51:49', 1, NULL, NULL),
(27, 'en_us', 35, 'Alabama Gulf Coast', 1, 9, '2014-03-28 09:06:22', 1, NULL, NULL),
(28, 'en_us', 35, 'Greater Birmingham', 1, 10, '2014-03-28 09:06:37', 1, NULL, NULL),
(29, 'en_us', 35, 'Black Belt', 1, 11, '2014-03-28 09:06:52', 1, NULL, NULL),
(30, 'en_us', 35, 'Central Alabama', 1, 12, '2014-03-28 09:07:06', 1, NULL, NULL),
(31, 'en_us', 19, 'Arizona Strip', 1, 13, '2014-03-28 09:07:47', 1, NULL, NULL),
(32, 'en_us', 19, 'Grand Canyon', 1, 14, '2014-03-28 09:08:02', 1, NULL, NULL),
(33, 'en_us', 19, 'North Central Arizona', 1, 15, '2014-03-28 09:08:16', 1, NULL, NULL),
(34, 'en_us', 19, 'Northeast Arizona', 1, 16, '2014-03-28 09:08:54', 1, NULL, NULL),
(35, 'en_us', 19, 'Northern Arizona', 1, 17, '2014-03-28 09:09:08', 1, NULL, NULL),
(36, 'en_us', 32, 'Arkansas Delta', 1, 18, '2014-03-28 09:09:23', 1, NULL, NULL),
(37, 'en_us', 32, 'Arkansas River Valley', 1, 19, '2014-03-28 09:09:37', 1, NULL, NULL),
(38, 'en_us', 32, 'Arkansas Timberlands', 1, 20, '2014-03-28 09:09:49', 1, NULL, NULL),
(39, 'en_us', 32, 'Central Arkansas', 1, 21, '2014-03-28 09:10:01', 1, NULL, NULL),
(40, 'en_us', 32, 'Crowley''s Ridge', 1, 22, '2014-03-28 09:10:13', 1, NULL, NULL),
(41, 'en_us', 21, 'Colorado Eastern Plains', 1, 23, '2014-03-28 09:10:48', 1, NULL, NULL),
(42, 'en_us', 21, 'Central Colorado', 1, 24, '2014-03-28 09:11:07', 1, NULL, NULL),
(43, 'en_us', 21, 'Colorado Front Range', 1, 25, '2014-03-28 09:11:22', 1, NULL, NULL),
(44, 'en_us', 21, 'Colorado Mineral Belt ', 1, 26, '2014-03-28 09:11:37', 1, NULL, NULL),
(45, 'en_us', 21, 'Colorado Piedmont', 1, 27, '2014-03-28 09:11:53', 1, NULL, NULL),
(46, 'en_us', 56, 'Central Naugatuck Valley', 1, 28, '2014-03-28 09:12:09', 1, NULL, NULL),
(47, 'en_us', 56, 'Coastal Connecticut', 1, 29, '2014-03-28 09:12:23', 1, NULL, NULL),
(48, 'en_us', 56, 'Connecticut panhandle', 1, 30, '2014-03-28 09:12:36', 1, NULL, NULL),
(49, 'en_us', 56, 'Greater Bridgeport', 1, 31, '2014-03-28 09:12:51', 1, NULL, NULL),
(50, 'en_us', 56, 'Greater New Haven', 1, 32, '2014-03-28 09:13:04', 1, NULL, NULL),
(51, 'en_us', 58, 'Delaware Valley', 1, 33, '2014-03-28 09:13:23', 1, NULL, NULL),
(52, 'en_us', 58, 'Cape Region', 1, 34, '2014-03-28 09:13:39', 1, NULL, NULL),
(53, 'en_us', 58, 'Central Kent', 1, 35, '2014-03-28 09:13:52', 1, NULL, NULL),
(54, 'en_us', 58, 'Delaware coast', 1, 36, '2014-03-28 09:14:04', 1, NULL, NULL),
(55, 'en_us', 37, 'Central Florida', 1, 37, '2014-03-28 09:14:20', 1, NULL, NULL),
(56, 'en_us', 37, 'North Florida', 1, 38, '2014-03-28 09:14:33', 1, NULL, NULL),
(57, 'en_us', 37, 'North Central Florida', 1, 39, '2014-03-28 09:14:48', 1, NULL, NULL),
(58, 'en_us', 37, 'Northeast Florida', 1, 40, '2014-03-28 09:15:03', 1, NULL, NULL),
(59, 'en_us', 37, 'South Florida', 1, 41, '2014-03-28 09:15:14', 1, NULL, NULL),
(60, 'en_us', 36, 'Atlanta metropolitan area', 1, 42, '2014-03-28 09:15:37', 1, NULL, NULL),
(61, 'en_us', 36, 'Central Savannah River Area', 1, 43, '2014-03-28 09:15:50', 1, NULL, NULL),
(62, 'en_us', 36, 'Colonial Coast', 1, 44, '2014-03-28 09:16:02', 1, NULL, NULL),
(63, 'en_us', 36, 'The Golden Isles of Georgia', 1, 45, '2014-03-28 09:16:18', 1, NULL, NULL),
(64, 'en_us', 36, 'Historic South', 1, 46, '2014-03-28 09:16:32', 1, NULL, NULL),
(65, 'en_us', 17, 'Central Idaho', 1, 47, '2014-03-28 09:17:09', 1, NULL, NULL),
(66, 'en_us', 17, 'Eastern Idaho', 1, 48, '2014-03-28 09:17:21', 1, NULL, NULL),
(67, 'en_us', 17, 'Palouse Hills', 1, 49, '2014-03-28 09:17:41', 1, NULL, NULL),
(68, 'en_us', 17, 'Magic Valley', 1, 50, '2014-03-28 09:17:55', 1, NULL, NULL),
(69, 'en_us', 17, 'Idaho Panhandle', 1, 51, '2014-03-28 09:18:09', 1, NULL, NULL),
(70, 'en_us', 44, 'American Bottom', 1, 52, '2014-03-28 09:18:27', 1, NULL, NULL),
(71, 'en_us', 44, 'Central Illinois', 1, 53, '2014-03-28 09:18:40', 1, NULL, NULL),
(72, 'en_us', 44, 'Champaign-Urbana Metropolitan Area', 1, 54, '2014-03-28 09:18:58', 1, NULL, NULL),
(73, 'en_us', 44, 'Chicago metropolitan area', 1, 55, '2014-03-28 09:19:10', 1, NULL, NULL),
(74, 'en_us', 44, 'Driftless Area', 1, 56, '2014-03-28 09:19:32', 1, NULL, NULL),
(75, 'en_us', 43, 'East Central Indiana', 1, 57, '2014-03-28 09:19:49', 1, NULL, NULL),
(76, 'en_us', 43, 'Indianapolis metropolitan area', 1, 58, '2014-03-28 09:20:04', 1, NULL, NULL),
(77, 'en_us', 43, 'Michiana', 1, 59, '2014-03-28 09:20:17', 1, NULL, NULL),
(78, 'en_us', 43, 'Northern Indiana', 1, 60, '2014-03-28 09:20:30', 1, NULL, NULL),
(79, 'en_us', 43, 'Northwest Indiana', 1, 61, '2014-03-28 09:20:42', 1, NULL, NULL),
(80, 'en_us', 43, 'Southern Indiana', 1, 62, '2014-03-28 09:20:56', 1, NULL, NULL),
(81, 'en_us', 26, 'East-Central Kansas', 1, 63, '2014-03-28 09:21:17', 1, NULL, NULL),
(82, 'en_us', 26, 'Flint Hills', 1, 64, '2014-03-28 09:21:32', 1, NULL, NULL),
(83, 'en_us', 26, 'High Plains', 1, 65, '2014-03-28 09:21:45', 1, NULL, NULL),
(84, 'en_us', 26, 'Kansas City Metropolitan Area', 1, 66, '2014-03-28 09:21:57', 1, NULL, NULL),
(85, 'en_us', 26, 'North Central Kansas', 1, 67, '2014-03-28 09:22:12', 1, NULL, NULL),
(86, 'en_us', 26, 'Osage Plains', 1, 68, '2014-03-28 09:22:27', 1, NULL, NULL),
(87, 'en_us', 46, 'The Bluegrass', 1, 69, '2014-03-28 09:22:48', 1, NULL, NULL),
(88, 'en_us', 46, 'Central Kentucky', 1, 70, '2014-03-28 09:23:00', 1, NULL, NULL),
(89, 'en_us', 46, 'Cumberland Plateau', 1, 71, '2014-03-28 09:23:12', 1, NULL, NULL),
(90, 'en_us', 46, 'Eastern Mountain Coal Fields', 1, 72, '2014-03-28 09:23:25', 1, NULL, NULL),
(91, 'en_us', 46, 'Kentucky Bend', 1, 73, '2014-03-28 09:23:37', 1, NULL, NULL),
(92, 'en_us', 34, 'Acadiana', 1, 74, '2014-03-28 09:23:55', 1, NULL, NULL),
(93, 'en_us', 34, 'Central Louisiana ', 1, 75, '2014-03-28 09:24:07', 1, NULL, NULL),
(94, 'en_us', 34, 'Florida Parishes', 1, 76, '2014-03-28 09:24:20', 1, NULL, NULL),
(95, 'en_us', 34, 'French Louisiana', 1, 77, '2014-03-28 09:24:36', 1, NULL, NULL),
(96, 'en_us', 34, 'Greater New Orleans', 1, 78, '2014-03-28 09:24:49', 1, NULL, NULL),
(97, 'en_us', 34, 'North Louisiana', 1, 79, '2014-03-28 09:25:09', 1, NULL, NULL),
(98, 'en_us', 59, 'Baltimore-Washington Metropolitan Area', 1, 80, '2014-03-28 09:26:38', 1, NULL, NULL),
(99, 'en_us', 59, 'Capital region', 1, 81, '2014-03-28 09:26:58', 1, NULL, NULL),
(100, 'en_us', 59, 'Chesapeake Bay', 1, 82, '2014-03-28 09:27:15', 1, NULL, NULL),
(101, 'en_us', 59, 'Eastern Shore of Maryland', 1, 83, '2014-03-28 09:27:27', 1, NULL, NULL),
(102, 'en_us', 59, 'Southern Maryland', 1, 84, '2014-03-28 09:27:38', 1, NULL, NULL),
(103, 'en_us', 50, 'Down East', 1, 85, '2014-03-28 09:27:55', 1, NULL, NULL),
(104, 'en_us', 50, 'High Peaks / Maine Highlands', 1, 86, '2014-03-28 09:28:14', 1, NULL, NULL),
(105, 'en_us', 50, 'Kennebec Valley', 1, 87, '2014-03-28 09:28:28', 1, NULL, NULL),
(106, 'en_us', 50, 'Maine Highlands', 1, 88, '2014-03-28 09:28:41', 1, NULL, NULL),
(107, 'en_us', 50, 'Maine Lake Country', 1, 89, '2014-03-28 09:28:57', 1, NULL, NULL),
(108, 'en_us', 54, 'The Berkshires', 1, 90, '2014-03-28 09:29:19', 1, NULL, NULL),
(109, 'en_us', 54, 'Cape Ann', 1, 91, '2014-03-28 09:29:34', 1, NULL, NULL),
(110, 'en_us', 54, 'Cape Cod', 1, 92, '2014-03-28 09:29:52', 1, NULL, NULL),
(111, 'en_us', 54, 'Central Massachusetts', 1, 93, '2014-03-28 09:30:06', 1, NULL, NULL),
(112, 'en_us', 54, 'Greater Boston', 1, 94, '2014-03-28 09:30:20', 1, NULL, NULL),
(113, 'en_us', 48, 'Lower Peninsula', 1, 95, '2014-03-28 09:30:36', 1, NULL, NULL),
(114, 'en_us', 48, 'Northern Michigan', 1, 96, '2014-03-28 09:30:56', 1, NULL, NULL),
(115, 'en_us', 48, 'Central/Mid-Michigan', 1, 97, '2014-03-28 09:31:10', 1, NULL, NULL),
(116, 'en_us', 48, 'West Michigan', 1, 98, '2014-03-28 09:31:23', 1, NULL, NULL),
(117, 'en_us', 48, 'Upper Peninsula', 1, 99, '2014-03-28 09:31:39', 1, NULL, NULL),
(118, 'en_us', 29, 'Arrowhead Region', 1, 100, '2014-03-28 09:31:58', 1, NULL, NULL),
(119, 'en_us', 29, 'Boundary Waters', 1, 101, '2014-03-28 09:32:15', 1, NULL, NULL),
(120, 'en_us', 29, 'Buffalo Ridge', 1, 102, '2014-03-28 09:32:25', 1, NULL, NULL),
(121, 'en_us', 29, 'Central Minnesota', 1, 103, '2014-03-28 09:32:41', 1, NULL, NULL),
(122, 'en_us', 29, 'Coulee Region', 1, 104, '2014-03-28 09:32:54', 1, NULL, NULL),
(123, 'en_us', 33, 'Golden Triangle', 1, 105, '2014-03-28 09:33:13', 1, NULL, NULL),
(124, 'en_us', 33, 'Mississippi Alluvial Plain', 1, 106, '2014-03-28 09:33:28', 1, NULL, NULL),
(125, 'en_us', 33, 'Mississippi Delta', 1, 107, '2014-03-28 09:33:41', 1, NULL, NULL),
(126, 'en_us', 33, ' Natchez District', 1, 108, '2014-03-28 09:33:56', 1, NULL, NULL),
(127, 'en_us', 33, 'Mississippi Gulf Coast', 1, 109, '2014-03-28 09:34:11', 1, NULL, NULL),
(128, 'en_us', 15, 'Cascade Range', 1, 110, '2014-03-28 10:03:33', 1, NULL, NULL),
(129, 'en_us', 15, 'Columbia Plateau', 1, 111, '2014-03-28 10:03:47', 1, NULL, NULL),
(130, 'en_us', 28, 'Central Oklahoma', 1, 112, '2014-03-28 10:04:03', 1, NULL, NULL),
(131, 'en_us', 28, 'Cherokee Outlet', 1, 113, '2014-03-28 10:04:14', 1, NULL, NULL),
(132, 'en_us', 42, 'Allegheny Plateau', 1, 114, '2014-03-28 10:04:27', 1, NULL, NULL),
(133, 'en_us', 42, 'Appalachian Ohio', 1, 115, '2014-03-28 10:04:39', 1, NULL, NULL),
(134, 'en_us', 9, 'Northern California', 1, 116, '2014-03-28 10:05:26', 1, NULL, NULL),
(135, 'en_us', 9, 'Central California', 1, 117, '2014-03-28 10:05:38', 1, NULL, NULL),
(136, 'en_us', 9, 'Central Valley ', 1, 118, '2014-03-28 10:05:50', 1, NULL, NULL),
(137, 'en_us', 13, 'Central Washington', 1, 119, '2014-03-28 10:08:15', 1, NULL, NULL),
(138, 'en_us', 13, 'Columbia Plateau', 1, 120, '2014-03-28 10:08:30', 1, NULL, NULL),
(139, 'en_us', 13, 'Eastern Washington', 1, 121, '2014-03-28 10:08:42', 1, NULL, NULL),
(140, 'en_us', 51, 'Eastern Panhandle', 1, 122, '2014-03-28 10:09:08', 1, NULL, NULL),
(141, 'en_us', 51, 'North-Central West Virginia', 1, 123, '2014-03-28 10:09:22', 1, NULL, NULL),
(142, 'en_us', 51, 'Northern Panhandle', 1, 124, '2014-03-28 10:09:38', 1, NULL, NULL),
(143, 'en_us', 45, 'Central Plain', 1, 125, '2014-03-28 10:10:04', 1, NULL, NULL),
(144, 'en_us', 45, 'Door Peninsula', 1, 126, '2014-03-28 10:10:18', 1, NULL, NULL),
(145, 'en_us', 45, 'Eastern Ridges and Lowlands', 1, 127, '2014-03-28 10:10:32', 1, NULL, NULL),
(146, 'en_us', 22, 'Bighorn Basin', 1, 128, '2014-03-28 10:10:46', 1, NULL, NULL),
(147, 'en_us', 22, 'Grand Teton', 1, 129, '2014-03-28 10:11:01', 1, NULL, NULL),
(148, 'en_us', 40, 'Eastern Shore', 1, 130, '2014-03-28 10:11:18', 1, NULL, NULL),
(149, 'en_us', 40, 'Hampton Roads', 1, 131, '2014-03-28 10:11:31', 1, NULL, NULL),
(150, 'en_us', 40, 'Historic Triangle', 1, 132, '2014-03-28 10:11:43', 1, NULL, NULL),
(151, 'en_us', 53, 'Burlington metropolitan area', 1, 133, '2014-03-28 10:11:56', 1, NULL, NULL),
(152, 'en_us', 53, 'Champlain Valley', 1, 134, '2014-03-28 10:12:09', 1, NULL, NULL),
(153, 'en_us', 53, 'Mount Mansfield', 1, 135, '2014-03-28 10:12:21', 1, NULL, NULL),
(154, 'en_us', 18, 'Cache Valley', 1, 136, '2014-03-28 10:12:35', 1, NULL, NULL),
(155, 'en_us', 18, 'Colorado Plateau', 1, 137, '2014-03-28 10:12:47', 1, NULL, NULL),
(156, 'en_us', 27, 'Brazos Valley', 1, 138, '2014-03-28 10:13:00', 1, NULL, NULL),
(157, 'en_us', 27, 'Central Texas', 1, 139, '2014-03-28 10:13:11', 1, NULL, NULL),
(158, 'en_us', 47, 'East Tennessee', 1, 140, '2014-03-28 10:13:27', 1, NULL, NULL),
(159, 'en_us', 47, 'Middle Tennessee', 1, 141, '2014-03-28 10:13:47', 1, NULL, NULL),
(160, 'en_us', 24, 'Badlands', 1, 142, '2014-03-28 10:13:59', 1, NULL, NULL),
(161, 'en_us', 24, 'Black Hills', 1, 143, '2014-03-28 10:14:15', 1, NULL, NULL),
(162, 'en_us', 38, 'The Lowcountry', 1, 144, '2014-03-28 10:14:49', 1, NULL, NULL),
(163, 'en_us', 38, 'The Midlands', 1, 145, '2014-03-28 10:15:01', 1, NULL, NULL),
(164, 'en_us', 55, 'Blackstone Valley', 1, 146, '2014-03-28 10:15:14', 1, NULL, NULL),
(165, 'en_us', 55, 'East Bay', 1, 147, '2014-03-28 10:15:26', 1, NULL, NULL),
(166, 'en_us', 41, 'Allegheny National Forest', 1, 148, '2014-03-28 10:16:00', 1, NULL, NULL),
(167, 'en_us', 41, 'Coal Region', 1, 149, '2014-03-28 10:16:13', 1, NULL, NULL),
(168, 'en_us', 23, 'Badlands', 1, 150, '2014-03-28 10:16:47', 1, NULL, NULL),
(169, 'en_us', 23, 'Missouri Escarpment', 1, 151, '2014-03-28 10:16:59', 1, NULL, NULL),
(170, 'en_us', 39, 'Western North Carolina', 1, 152, '2014-03-28 10:17:15', 1, NULL, NULL),
(171, 'en_us', 39, 'North Carolina Piedmont', 1, 153, '2014-03-28 10:17:31', 1, NULL, NULL),
(172, 'en_us', 49, 'Downstate New York', 1, 154, '2014-03-28 10:17:52', 1, NULL, NULL),
(173, 'en_us', 49, 'Upstate New York', 1, 155, '2014-03-28 10:18:07', 1, NULL, NULL),
(174, 'en_us', 20, 'Central New Mexico', 1, 156, '2014-03-28 10:18:20', 1, NULL, NULL),
(175, 'en_us', 20, 'Eastern New Mexico', 1, 157, '2014-03-28 10:18:35', 1, NULL, NULL),
(176, 'en_us', 57, 'North Jersey', 1, 158, '2014-03-28 10:18:51', 1, NULL, NULL),
(177, 'en_us', 57, 'Central Jersey', 1, 159, '2014-03-28 10:19:19', 1, NULL, NULL),
(178, 'en_us', 52, 'Connecticut River Valley', 1, 160, '2014-03-28 10:19:36', 1, NULL, NULL),
(179, 'en_us', 52, 'Great North Woods Region', 1, 161, '2014-03-28 10:19:52', 1, NULL, NULL),
(180, 'en_us', 16, 'Black Rock Desert', 1, 162, '2014-03-28 10:20:06', 1, NULL, NULL),
(181, 'en_us', 16, 'Lake Tahoe', 1, 163, '2014-03-28 10:20:20', 1, NULL, NULL),
(182, 'en_us', 25, 'Nebraska Panhandle', 1, 164, '2014-03-28 10:20:38', 1, NULL, NULL),
(183, 'en_us', 25, 'Northwest Nebraska', 1, 165, '2014-03-28 10:20:53', 1, NULL, NULL),
(184, 'en_us', 14, 'Big Horn Mountains', 1, 166, '2014-03-28 10:21:11', 1, NULL, NULL),
(185, 'en_us', 14, 'Eastern Montana', 1, 167, '2014-03-28 10:21:22', 1, NULL, NULL),
(186, 'en_us', 31, 'Bootheel', 1, 168, '2014-03-28 10:21:40', 1, NULL, NULL),
(187, 'en_us', 31, 'Dissected Till Plains', 1, 169, '2014-03-28 10:21:53', 1, NULL, NULL),
(188, 'en_us', 30, 'Coteau des Prairies', 1, 170, '2014-03-28 10:22:25', 1, NULL, NULL),
(189, 'en_us', 30, 'Des Moines metropolitan area', 1, 171, '2014-03-28 10:22:41', 1, NULL, NULL);

-- --------------------------------------------------------

--
-- Table structure for table `gc_mst_skill`
--

CREATE TABLE IF NOT EXISTS `gc_mst_skill` (
  `skill_id` int(11) NOT NULL AUTO_INCREMENT,
  `category_id` int(11) NOT NULL,
  PRIMARY KEY (`skill_id`),
  KEY `fk_skill_category_id` (`category_id`)
) ENGINE=InnoDB  DEFAULT CHARSET=utf8 AUTO_INCREMENT=119 ;

--
-- Dumping data for table `gc_mst_skill`
--

INSERT INTO `gc_mst_skill` (`skill_id`, `category_id`) VALUES
(53, 20),
(87, 20),
(88, 20),
(89, 20),
(44, 21),
(45, 21),
(54, 21),
(55, 21),
(59, 21),
(92, 21),
(48, 22),
(49, 22),
(50, 23),
(51, 23),
(52, 23),
(79, 23),
(80, 23),
(15, 24),
(18, 24),
(20, 24),
(21, 24),
(38, 24),
(82, 24),
(83, 24),
(56, 25),
(57, 25),
(58, 25),
(81, 25),
(60, 27),
(61, 27),
(62, 28),
(63, 28),
(39, 30),
(40, 30),
(41, 30),
(42, 30),
(43, 30),
(64, 31),
(65, 31),
(66, 31),
(67, 34),
(68, 34),
(77, 35),
(78, 35),
(69, 36),
(70, 36),
(1, 46),
(2, 46),
(14, 46),
(16, 46),
(17, 46),
(22, 46),
(23, 46),
(24, 46),
(28, 46),
(29, 46),
(25, 47),
(26, 47),
(27, 47),
(75, 49),
(76, 49),
(46, 64),
(47, 64),
(71, 66),
(72, 66),
(73, 68),
(74, 68),
(84, 70),
(85, 70),
(86, 70),
(90, 71),
(91, 72),
(93, 72),
(94, 72),
(95, 72),
(96, 73),
(97, 73),
(98, 74),
(99, 74),
(100, 74),
(101, 75),
(102, 75),
(103, 76),
(104, 76),
(105, 76),
(106, 77),
(107, 77),
(108, 77),
(109, 78),
(110, 78),
(111, 78),
(112, 78),
(113, 79),
(114, 79),
(115, 79),
(116, 80),
(117, 80),
(118, 80);

-- --------------------------------------------------------

--
-- Table structure for table `gc_mst_skill_locale`
--

CREATE TABLE IF NOT EXISTS `gc_mst_skill_locale` (
  `skill_id` int(11) NOT NULL,
  `language_code` varchar(5) NOT NULL,
  `skill_desc` varchar(40) NOT NULL,
  PRIMARY KEY (`skill_id`,`language_code`),
  KEY `fk_skill_locale_language_code` (`language_code`)
) ENGINE=InnoDB DEFAULT CHARSET=utf8;

--
-- Dumping data for table `gc_mst_skill_locale`
--

INSERT INTO `gc_mst_skill_locale` (`skill_id`, `language_code`, `skill_desc`) VALUES
(1, 'en_us', 'Core PHP'),
(2, 'en_us', 'Zend Framework'),
(14, 'en_us', 'Cake PHP'),
(15, 'en_us', 'Html code'),
(16, 'en_us', 'MYSQL'),
(17, 'en_us', 'JQuery'),
(18, 'en_us', 'CSS-3'),
(20, 'en_us', 'Browser Compatibility'),
(21, 'en_us', 'Responsive CSS'),
(22, 'en_us', 'Javascript'),
(23, 'en_us', 'Procedures and Scripts'),
(24, 'en_us', 'Knowledge of OOPs'),
(25, 'en_us', 'DOT NET Framework 4.0'),
(26, 'en_us', 'MSSQL'),
(27, 'en_us', 'Procedures and Scripts'),
(28, 'en_us', 'SVN'),
(29, 'en_us', 'GIT'),
(38, 'en_us', 'css-31'),
(39, 'en_us', 'Bush Trimming'),
(40, 'en_us', 'Cutting Wood'),
(41, 'en_us', 'Planting'),
(42, 'en_us', 'Tree Trimming'),
(43, 'en_us', 'Supervising'),
(44, 'en_us', 'Service Orientation'),
(45, 'en_us', 'Coordination'),
(46, 'en_us', 'Time Management '),
(47, 'en_us', 'Mathematics '),
(48, 'en_us', 'Judgment and Decision Making'),
(49, 'en_us', 'Management of Material Resources'),
(50, 'en_us', 'Internet '),
(51, 'en_us', 'Spreadsheets'),
(52, 'en_us', 'Word Processing '),
(53, 'en_us', 'Corel Basics'),
(54, 'en_us', 'Drawing'),
(55, 'en_us', 'Special Effects'),
(56, 'en_us', 'JavaScript'),
(57, 'en_us', 'Ajax'),
(58, 'en_us', 'Java'),
(59, 'en_us', 'Php'),
(60, 'en_us', 'lawn mowing'),
(61, 'en_us', 'hedge trimming'),
(62, 'en_us', 'Snow Shoveling '),
(63, 'en_us', 'Ice Chipping'),
(64, 'en_us', 'dental cleaning'),
(65, 'en_us', 'shaping and grooming'),
(66, 'en_us', 'shaving'),
(67, 'en_us', 'great listener '),
(68, 'en_us', 'great communicator '),
(69, 'en_us', 'Freedom from physical ailments'),
(70, 'en_us', 'Suppleness of body'),
(71, 'en_us', 'good driver'),
(72, 'en_us', 'Good standard of spoken English '),
(73, 'en_us', 'Garden Design'),
(74, 'en_us', 'Plant Selection'),
(75, 'en_us', 'Knowledge of Oops'),
(76, 'en_us', 'Classes and Objects'),
(77, 'en_us', 'questioning skills'),
(78, 'en_us', 'specialist services'),
(79, 'en_us', 'MySQL Administration'),
(80, 'en_us', 'HTML'),
(81, 'en_us', 'Facebook Development'),
(82, 'en_us', 'Web Design'),
(83, 'en_us', 'WordPress'),
(84, 'en_us', 'Graphic Design'),
(85, 'en_us', 'User Interface Design   '),
(86, 'en_us', 'Cartoon, Illustration'),
(87, 'en_us', 'Graphic Design'),
(88, 'en_us', 'Adobe Illustrator'),
(89, 'en_us', 'CorelDraw'),
(90, 'en_us', 'Adobe Photoshop'),
(91, 'en_us', 'Adobe After Effects'),
(92, 'en_us', '3d Modelling'),
(93, 'en_us', 'Zbrush'),
(94, 'en_us', '3d Animation   '),
(95, 'en_us', 'Photo Editing'),
(96, 'en_us', 'Adobe Photoshop'),
(97, 'en_us', 'Digital Photography'),
(98, 'en_us', 'Cover Design'),
(99, 'en_us', ' Creative Writing'),
(100, 'en_us', 'Poster Design'),
(101, 'en_us', 'Branding  '),
(102, 'en_us', 'Business Card Design   '),
(103, 'en_us', 'Email Marketing'),
(104, 'en_us', 'Newsletters'),
(105, 'en_us', 'Social Media Marketing '),
(106, 'en_us', 'English Proofreading'),
(107, 'en_us', 'English Grammar '),
(108, 'en_us', 'Editing'),
(109, 'en_us', ' Article Writing'),
(110, 'en_us', 'Content Writing'),
(111, 'en_us', 'Blogs'),
(112, 'en_us', 'Copywriting'),
(113, 'en_us', 'Web Content'),
(114, 'en_us', 'Technical Writing'),
(115, 'en_us', 'Corporate Law'),
(116, 'en_us', 'French-English Translation'),
(117, 'en_us', 'English'),
(118, 'en_us', 'English to Thai  ');

-- --------------------------------------------------------

--
-- Table structure for table `gc_mst_state`
--

CREATE TABLE IF NOT EXISTS `gc_mst_state` (
  `state_id` int(11) NOT NULL AUTO_INCREMENT,
  PRIMARY KEY (`state_id`)
) ENGINE=InnoDB  DEFAULT CHARSET=utf8 AUTO_INCREMENT=100 ;

--
-- Dumping data for table `gc_mst_state`
--

INSERT INTO `gc_mst_state` (`state_id`) VALUES
(1),
(8),
(9),
(11),
(12),
(13),
(14),
(15),
(16),
(17),
(18),
(19),
(20),
(21),
(22),
(23),
(24),
(25),
(26),
(27),
(28),
(29),
(30),
(31),
(32),
(33),
(34),
(35),
(36),
(37),
(38),
(39),
(40),
(41),
(42),
(43),
(44),
(45),
(46),
(47),
(48),
(49),
(50),
(51),
(52),
(53),
(54),
(55),
(56),
(57),
(58),
(59),
(60),
(61),
(62),
(63),
(64),
(65),
(66),
(67),
(68),
(69),
(70),
(71),
(72),
(73),
(74),
(75),
(76),
(77),
(78),
(79),
(80),
(81),
(82),
(83),
(84),
(85),
(86),
(87),
(88),
(89),
(90),
(91),
(92),
(93),
(94),
(95),
(96),
(97),
(98),
(99);

-- --------------------------------------------------------

--
-- Table structure for table `gc_mst_state_locale`
--

CREATE TABLE IF NOT EXISTS `gc_mst_state_locale` (
  `state_id` int(11) NOT NULL,
  `language_code` varchar(5) NOT NULL,
  `country_code` varchar(2) NOT NULL,
  `state_name` varchar(100) NOT NULL,
  `state_status` tinyint(1) NOT NULL DEFAULT '1',
  `state_priority` int(11) NOT NULL,
  `create_timestamp` timestamp NOT NULL DEFAULT CURRENT_TIMESTAMP,
  `created_by` bigint(20) DEFAULT NULL,
  `update_timestamp` timestamp NULL DEFAULT NULL,
  `updated_by` bigint(20) DEFAULT NULL,
  PRIMARY KEY (`language_code`,`state_id`),
  KEY `fk_statelocale_countrycode` (`country_code`),
  KEY `fk_statelocale_createdby` (`created_by`),
  KEY `fk_statelocale_updatedby` (`updated_by`),
  KEY `fk_statelocale_stateid` (`state_id`)
) ENGINE=InnoDB DEFAULT CHARSET=utf8;

--
-- Dumping data for table `gc_mst_state_locale`
--

INSERT INTO `gc_mst_state_locale` (`state_id`, `language_code`, `country_code`, `state_name`, `state_status`, `state_priority`, `create_timestamp`, `created_by`, `update_timestamp`, `updated_by`) VALUES
(1, 'en_us', 'IN', 'Rajasthan', 1, 1, '2014-01-21 04:35:35', NULL, '2014-01-21 04:35:35', NULL),
(8, 'en_us', 'IN', 'Delhi', 1, 8, '2014-01-27 11:58:00', 1, NULL, NULL),
(9, 'en_us', 'US', 'California', 1, 9, '2014-02-27 11:30:53', 1, NULL, NULL),
(11, 'en_us', 'US', 'CA', 1, 10, '2014-03-05 04:19:56', 1, NULL, NULL),
(12, 'en_us', 'US', 'Philadelphia', 1, 11, '2014-03-27 05:51:15', 1, NULL, NULL),
(13, 'en_us', 'US', 'Washington', 1, 12, '2014-03-28 06:39:45', 1, NULL, NULL),
(14, 'en_us', 'US', 'Montana', 1, 13, '2014-03-28 06:39:57', 1, NULL, NULL),
(15, 'en_us', 'US', 'Oregon', 1, 14, '2014-03-28 06:40:10', 1, NULL, NULL),
(16, 'en_us', 'US', 'Nevada', 1, 15, '2014-03-28 06:40:45', 1, NULL, NULL),
(17, 'en_us', 'US', 'Idaho', 1, 16, '2014-03-28 06:41:47', 1, NULL, NULL),
(18, 'en_us', 'US', 'Utah', 1, 17, '2014-03-28 06:42:05', 1, NULL, NULL),
(19, 'en_us', 'US', 'Arizona', 1, 18, '2014-03-28 06:42:19', 1, NULL, NULL),
(20, 'en_us', 'US', 'New Mexico', 1, 19, '2014-03-28 06:42:37', 1, NULL, NULL),
(21, 'en_us', 'US', 'Colorado', 1, 20, '2014-03-28 06:42:52', 1, NULL, NULL),
(22, 'en_us', 'US', 'Wyoming', 1, 21, '2014-03-28 06:43:08', 1, NULL, NULL),
(23, 'en_us', 'US', 'North Dakota', 1, 22, '2014-03-28 06:43:29', 1, NULL, NULL),
(24, 'en_us', 'US', 'South Dakota', 1, 23, '2014-03-28 06:43:48', 1, NULL, NULL),
(25, 'en_us', 'US', 'Nebraska', 1, 24, '2014-03-28 06:44:04', 1, NULL, NULL),
(26, 'en_us', 'US', 'Kansas', 1, 25, '2014-03-28 06:44:20', 1, NULL, NULL),
(27, 'en_us', 'US', 'Texas', 1, 26, '2014-03-28 06:44:41', 1, NULL, NULL),
(28, 'en_us', 'US', 'Oklahoma', 1, 27, '2014-03-28 06:45:09', 1, NULL, NULL),
(29, 'en_us', 'US', 'Minnesota', 1, 28, '2014-03-28 06:45:25', 1, NULL, NULL),
(30, 'en_us', 'US', 'Lowa', 1, 29, '2014-03-28 06:45:40', 1, NULL, NULL),
(31, 'en_us', 'US', 'Missouri', 1, 30, '2014-03-28 06:45:57', 1, NULL, NULL),
(32, 'en_us', 'US', 'Arkansas', 1, 31, '2014-03-28 06:46:15', 1, NULL, NULL),
(33, 'en_us', 'US', 'Mississippi', 1, 32, '2014-03-28 06:46:39', 1, NULL, NULL),
(34, 'en_us', 'US', 'Louisiana', 1, 33, '2014-03-28 06:46:57', 1, NULL, NULL),
(35, 'en_us', 'US', 'Alabama', 1, 34, '2014-03-28 06:47:15', 1, NULL, NULL),
(36, 'en_us', 'US', 'Georgia', 1, 35, '2014-03-28 06:47:31', 1, NULL, NULL),
(37, 'en_us', 'US', 'Florida', 1, 36, '2014-03-28 06:47:49', 1, NULL, NULL),
(38, 'en_us', 'US', 'South Carolina', 1, 37, '2014-03-28 06:48:09', 1, NULL, NULL),
(39, 'en_us', 'US', 'North Carolina', 1, 38, '2014-03-28 06:48:30', 1, NULL, NULL),
(40, 'en_us', 'US', 'Virginia', 1, 39, '2014-03-28 06:48:46', 1, NULL, NULL),
(41, 'en_us', 'US', 'Penssylvania', 1, 40, '2014-03-28 06:49:07', 1, NULL, NULL),
(42, 'en_us', 'US', 'Ohio', 1, 41, '2014-03-28 06:49:23', 1, NULL, NULL),
(43, 'en_us', 'US', 'Indiana', 1, 42, '2014-03-28 06:49:37', 1, NULL, NULL),
(44, 'en_us', 'US', 'Illinois', 1, 43, '2014-03-28 06:50:00', 1, NULL, NULL),
(45, 'en_us', 'US', 'Wisconsin', 1, 44, '2014-03-28 06:50:29', 1, NULL, NULL),
(46, 'en_us', 'US', 'Kentucky', 1, 45, '2014-03-28 06:50:50', 1, NULL, NULL),
(47, 'en_us', 'US', 'Tennessee', 1, 46, '2014-03-28 06:51:08', 1, NULL, NULL),
(48, 'en_us', 'US', 'Michigan', 1, 47, '2014-03-28 06:51:29', 1, NULL, NULL),
(49, 'en_us', 'US', 'New York', 1, 48, '2014-03-28 06:52:25', 1, NULL, NULL),
(50, 'en_us', 'US', 'Maine', 1, 49, '2014-03-28 06:52:41', 1, NULL, NULL),
(51, 'en_us', 'US', 'West Virginia', 1, 50, '2014-03-28 06:54:06', 1, NULL, NULL),
(52, 'en_us', 'US', 'New Hampshire', 1, 51, '2014-03-28 06:55:08', 1, NULL, NULL),
(53, 'en_us', 'US', 'Vermont', 1, 52, '2014-03-28 06:55:22', 1, NULL, NULL),
(54, 'en_us', 'US', 'Massachusetts', 1, 53, '2014-03-28 06:55:57', 1, NULL, NULL),
(55, 'en_us', 'US', 'Rhode Island', 1, 54, '2014-03-28 06:56:18', 1, NULL, NULL),
(56, 'en_us', 'US', 'Connecticut', 1, 55, '2014-03-28 06:56:32', 1, NULL, NULL),
(57, 'en_us', 'US', 'New Jersey', 1, 56, '2014-03-28 06:57:11', 1, NULL, NULL),
(58, 'en_us', 'US', 'Delaware', 1, 57, '2014-03-28 06:57:26', 1, NULL, NULL),
(59, 'en_us', 'US', 'Maryland', 1, 58, '2014-03-28 06:58:06', 1, NULL, NULL),
(60, 'en_us', 'UK', 'Bedfordshire', 1, 59, '2014-03-28 07:16:45', 1, NULL, NULL),
(61, 'en_us', 'UK', 'Berkshire', 1, 60, '2014-03-28 07:16:58', 1, NULL, NULL),
(62, 'en_us', 'UK', 'Buckinghamshire', 1, 61, '2014-03-28 07:17:14', 1, NULL, NULL),
(63, 'en_us', 'UK', 'Cambridgeshire', 1, 62, '2014-03-28 07:17:30', 1, NULL, NULL),
(64, 'en_us', 'UK', 'Cheshire', 1, 63, '2014-03-28 07:17:43', 1, NULL, NULL),
(65, 'en_us', 'UK', 'Cornwall', 1, 64, '2014-03-28 07:19:03', 1, NULL, NULL),
(66, 'en_us', 'UK', 'Cumbria', 1, 65, '2014-03-28 07:19:14', 1, NULL, NULL),
(67, 'en_us', 'UK', 'Yorkshire', 1, 66, '2014-03-28 07:19:35', 1, NULL, NULL),
(68, 'en_us', 'UK', 'Hampshire', 1, 67, '2014-03-28 07:20:09', 1, NULL, NULL),
(69, 'en_us', 'UK', 'Lancashire', 1, 68, '2014-03-28 07:20:27', 1, NULL, NULL),
(70, 'en_us', 'UK', 'Lincolnshire', 1, 69, '2014-03-28 07:20:48', 1, NULL, NULL),
(71, 'en_us', 'UK', 'Oxfordshire', 1, 70, '2014-03-28 07:21:14', 1, NULL, NULL),
(72, 'en_us', 'UK', 'Durham', 1, 71, '2014-03-28 07:21:34', 1, NULL, NULL),
(73, 'en_us', 'UK', 'Essex', 1, 72, '2014-03-28 07:24:25', 1, NULL, NULL),
(74, 'en_us', 'UK', 'Derbyshire', 1, 73, '2014-03-28 07:24:41', 1, NULL, NULL),
(75, 'en_us', 'UK', 'Gloucestershire', 1, 74, '2014-03-28 07:25:01', 1, NULL, NULL),
(76, 'en_us', 'UK', 'Huntingdonshire', 1, 75, '2014-03-28 07:27:04', 1, NULL, NULL),
(77, 'en_us', 'CA', 'Ontario', 1, 76, '2014-03-28 07:28:39', 1, NULL, NULL),
(78, 'en_us', 'CA', 'Quebec', 1, 77, '2014-03-28 07:28:54', 1, NULL, NULL),
(79, 'en_us', 'CA', 'Nova Scotia', 1, 78, '2014-03-28 07:29:07', 1, NULL, NULL),
(80, 'en_us', 'CA', 'New Brunswick', 1, 79, '2014-03-28 07:29:24', 1, NULL, NULL),
(81, 'en_us', 'CA', 'Manitoba', 1, 80, '2014-03-28 07:29:51', 1, NULL, NULL),
(82, 'en_us', 'CA', 'British Columbia', 1, 81, '2014-03-28 07:30:10', 1, NULL, NULL),
(83, 'en_us', 'CA', 'Prince Edward Island', 1, 82, '2014-03-28 07:30:26', 1, NULL, NULL),
(84, 'en_us', 'CA', 'Saskatchewan', 1, 83, '2014-03-28 07:30:40', 1, NULL, NULL),
(85, 'en_us', 'CA', 'Alberta', 1, 84, '2014-03-28 07:30:55', 1, NULL, NULL),
(86, 'en_us', 'CA', 'Newfoundland and Labrador', 1, 85, '2014-03-28 07:31:10', 1, NULL, NULL),
(87, 'en_us', 'IN', 'Tamilnadu', 1, 86, '2014-03-28 08:34:52', 1, NULL, NULL),
(88, 'en_us', 'IN', 'Kerala', 1, 87, '2014-03-28 08:35:15', 1, NULL, NULL),
(89, 'en_us', 'IN', 'Uttar Pradesh', 1, 88, '2014-03-28 08:35:38', 1, NULL, NULL),
(90, 'en_us', 'IN', 'Madhya Pradesh', 1, 89, '2014-03-28 08:36:21', 1, NULL, NULL),
(91, 'en_us', 'ZA', 'Eastern Cape', 1, 90, '2014-03-28 08:41:47', 1, NULL, NULL),
(92, 'en_us', 'ZA', 'Free State', 1, 91, '2014-03-28 08:42:29', 1, NULL, NULL),
(93, 'en_us', 'ZA', 'Gauteng', 1, 92, '2014-03-28 08:44:00', 1, NULL, NULL),
(94, 'en_us', 'ZA', 'KwaZulu-Natal', 1, 93, '2014-03-28 08:44:15', 1, NULL, NULL),
(95, 'en_us', 'ZA', 'Limpopo', 1, 94, '2014-03-28 08:44:33', 1, NULL, NULL),
(96, 'en_us', 'ZA', 'Mpumalanga', 1, 95, '2014-03-28 08:44:48', 1, NULL, NULL),
(97, 'en_us', 'ZA', 'North West', 1, 96, '2014-03-28 08:45:02', 1, NULL, NULL),
(98, 'en_us', 'ZA', 'Northern Cape', 1, 97, '2014-03-28 08:45:20', 1, NULL, NULL),
(99, 'en_us', 'ZA', 'Western Cape', 1, 98, '2014-03-28 08:45:43', 1, NULL, NULL);

-- --------------------------------------------------------

--
-- Table structure for table `gc_mst_timezone`
--

CREATE TABLE IF NOT EXISTS `gc_mst_timezone` (
  `timezone` varchar(50) NOT NULL,
  `timezone_display` varchar(150) NOT NULL,
  `status` char(1) DEFAULT 'a',
  PRIMARY KEY (`timezone`),
  UNIQUE KEY `timezone` (`timezone`)
) ENGINE=InnoDB DEFAULT CHARSET=utf8;

--
-- Dumping data for table `gc_mst_timezone`
--

INSERT INTO `gc_mst_timezone` (`timezone`, `timezone_display`, `status`) VALUES
('Africa/Abidjan', '(GMT+00:00) Monrovia, Reykjavik', 'a'),
('Africa/Addis_Ababa', '(GMT+03:00) Nairobi', 'a'),
('Africa/Algiers', '(GMT+01:00) West Central Africa', 'a'),
('Africa/Blantyre', '(GMT+02:00) Harare, Pretoria', 'a'),
('Africa/Cairo', '(GMT+02:00) Cairo', 'a'),
('Africa/Windhoek', '(GMT+01:00) Windhoek', 'a'),
('America/Adak', '(GMT-10:00) Hawaii-Aleutian', 'a'),
('America/Anchorage', '(GMT-09:00) Alaska', 'a'),
('America/Araguaina', '(GMT-03:00) UTC-3', 'a'),
('America/Argentina/Buenos_Aires', '(GMT-03:00) Buenos Aires', 'a'),
('America/Belize', '(GMT-06:00) Saskatchewan, Central America', 'a'),
('America/Bogota', '(GMT-05:00) Bogota, Lima, Quito, Rio Branco', 'a'),
('America/Campo_Grande', '(GMT-04:00) Brazil', 'a'),
('America/Cancun', '(GMT-06:00) Guadalajara, Mexico City, Monterrey', 'a'),
('America/Caracas', '(GMT-04:30) Caracas', 'a'),
('America/Chicago', '(GMT-06:00) Central Time (US & Canada)', 'a'),
('America/Chihuahua', '(GMT-07:00) Chihuahua, La Paz, Mazatlan', 'a'),
('America/Dawson_Creek', '(GMT-07:00) Arizona', 'a'),
('America/Denver', '(GMT-07:00) Mountain Time (US & Canada)', 'a'),
('America/Ensenada', '(GMT-08:00) Tijuana, Baja California', 'a'),
('America/Glace_Bay', '(GMT-04:00) Atlantic Time (Canada)', 'a'),
('America/Godthab', '(GMT-03:00) Greenland', 'a'),
('America/Goose_Bay', '(GMT-04:00) Atlantic Time (Goose Bay)', 'a'),
('America/Havana', '(GMT-05:00) Cuba', 'a'),
('America/La_Paz', '(GMT-04:00) La Paz', 'a'),
('America/Los_Angeles', '(GMT-08:00) Pacific Time (US & Canada)', 'a'),
('America/Miquelon', '(GMT-03:00) Miquelon, St. Pierre', 'a'),
('America/Montevideo', '(GMT-03:00) Montevideo', 'a'),
('America/New_York', '(GMT-05:00) Eastern Time (US & Canada)', 'a'),
('America/Noronha', '(GMT-02:00) Mid-Atlantic', 'a'),
('America/Santiago', '(GMT-04:00) Santiago', 'a'),
('America/Sao_Paulo', '(GMT-03:00) Brasilia', 'a'),
('America/St_Johns', '(GMT-03:30) Newfoundland', 'a'),
('Asia/Anadyr', '(GMT+12:00) Anadyr, Kamchatka', 'a'),
('Asia/Bangkok', '(GMT+07:00) Bangkok, Hanoi, Jakarta', 'a'),
('Asia/Beirut', '(GMT+02:00) Beirut', 'a'),
('Asia/Damascus', '(GMT+02:00) Syria', 'a'),
('Asia/Dhaka', '(GMT+06:00) Astana, Dhaka', 'a'),
('Asia/Dubai', '(GMT+04:00) Abu Dhabi, Muscat', 'a'),
('Asia/Gaza', '(GMT+02:00) Gaza', 'a'),
('Asia/Hong_Kong', '(GMT+08:00) Beijing, Chongqing, Hong Kong, Urumqi', 'a'),
('Asia/Irkutsk', '(GMT+08:00) Irkutsk, Ulaan Bataar', 'a'),
('Asia/Jerusalem', '(GMT+02:00) Jerusalem', 'a'),
('Asia/Kabul', '(GMT+04:30) Kabul', 'a'),
('Asia/Katmandu', '(GMT+05:45) Kathmandu', 'a'),
('Asia/Kolkata', '(GMT+05:30) Chennai, Kolkata, Mumbai, New Delhi', 'a'),
('Asia/Krasnoyarsk', '(GMT+07:00) Krasnoyarsk', 'a'),
('Asia/Magadan', '(GMT+11:00) Magadan', 'a'),
('Asia/Novosibirsk', '(GMT+06:00) Novosibirsk', 'a'),
('Asia/Rangoon', '(GMT+06:30) Yangon (Rangoon)', 'a'),
('Asia/Seoul', '(GMT+09:00) Seoul', 'a'),
('Asia/Tashkent', '(GMT+05:00) Tashkent', 'a'),
('Asia/Tehran', '(GMT+03:30) Tehran', 'a'),
('Asia/Tokyo', '(GMT+09:00) Osaka, Sapporo, Tokyo', 'a'),
('Asia/Vladivostok', '(GMT+10:00) Vladivostok', 'a'),
('Asia/Yakutsk', '(GMT+09:00) Yakutsk', 'a'),
('Asia/Yekaterinburg', '(GMT+05:00) Ekaterinburg', 'a'),
('Asia/Yerevan', '(GMT+04:00) Yerevan', 'a'),
('Atlantic/Azores', '(GMT-01:00) Azores', 'a'),
('Atlantic/Cape_Verde', '(GMT-01:00) Cape Verde Is', 'a'),
('Atlantic/Stanley', '(GMT-04:00) Faukland Islands', 'a'),
('Australia/Adelaide', '(GMT+09:30) Adelaide', 'a'),
('Australia/Brisbane', '(GMT+10:00) Brisbane', 'a'),
('Australia/Darwin', '(GMT+09:30) Darwin', 'a'),
('Australia/Eucla', '(GMT+08:45) Eucla', 'a'),
('Australia/Hobart', '(GMT+10:00) Hobart', 'a'),
('Australia/Lord_Howe', '(GMT+10:30) Lord Howe Island', 'a'),
('Australia/Perth', '(GMT+08:00) Perth', 'a'),
('Chile/EasterIsland', '(GMT-06:00) Easter Island', 'a'),
('Etc/GMT+10', '(GMT-10:00) Hawaii', 'a'),
('Etc/GMT+8', '(GMT-08:00) Pitcairn Islands', 'a'),
('Etc/GMT-11', '(GMT+11:00) Solomon Is., New Caledonia', 'a'),
('Etc/GMT-12', '(GMT+12:00) Fiji, Kamchatka, Marshall Is', 'a'),
('Europe/Amsterdam', '(GMT+01:00) Amsterdam, Berlin, Bern, Rome, Stockholm, Vienna', 'a'),
('Europe/Belfast', '(GMT+00:00) Greenwich Mean Time : Belfast', 'a'),
('Europe/Belgrade', '(GMT+01:00) Belgrade, Bratislava, Budapest, Ljubljana, Prague', 'a'),
('Europe/Brussels', '(GMT+01:00) Brussels, Copenhagen, Madrid, Paris', 'a'),
('Europe/Dublin', '(GMT+00:00) Greenwich Mean Time : Dublin', 'a'),
('Europe/Lisbon', '(GMT+00:00) Greenwich Mean Time : Lisbon', 'a'),
('Europe/London', '(GMT+00:00) Greenwich Mean Time : London', 'a'),
('Europe/Minsk', '(GMT+02:00) Minsk', 'a'),
('Europe/Moscow', '(GMT+03:00) Moscow, St. Petersburg, Volgograd', 'a'),
('Pacific/Auckland', '(GMT+12:00) Auckland, Wellington', 'a'),
('Pacific/Chatham', '(GMT+12:45) Chatham Islands', 'a'),
('Pacific/Gambier', '(GMT-09:00) Gambier Islands', 'a'),
('Pacific/Kiritimati', '(GMT+14:00) Kiritimati', 'a'),
('Pacific/Marquesas', '(GMT-09:30) Marquesas Islands', 'a'),
('Pacific/Midway', '(GMT-11:00) Midway Island, Samoa', 'a'),
('Pacific/Norfolk', '(GMT+11:30) Norfolk Island', 'a'),
('Pacific/Tongatapu', '(GMT+13:00) Nuku''alofa', 'a');

-- --------------------------------------------------------

--
-- Table structure for table `gc_mst_userrole`
--

CREATE TABLE IF NOT EXISTS `gc_mst_userrole` (
  `role_id` int(11) NOT NULL AUTO_INCREMENT,
  `is_frontrole` tinyint(1) DEFAULT '0',
  `role_name` varchar(40) NOT NULL,
  `role_permission` varchar(4000) DEFAULT NULL,
  `role_permission_front` varchar(4000) DEFAULT NULL,
  `create_timestamp` timestamp NOT NULL DEFAULT CURRENT_TIMESTAMP,
  `created_by` bigint(20) DEFAULT NULL,
  `update_timestamp` timestamp NULL DEFAULT NULL,
  `updated_by` bigint(20) DEFAULT NULL,
  PRIMARY KEY (`role_id`),
  UNIQUE KEY `uk_userrole_rolename` (`role_name`)
) ENGINE=InnoDB  DEFAULT CHARSET=utf8 AUTO_INCREMENT=12 ;

--
-- Dumping data for table `gc_mst_userrole`
--

INSERT INTO `gc_mst_userrole` (`role_id`, `is_frontrole`, `role_name`, `role_permission`, `role_permission_front`, `create_timestamp`, `created_by`, `update_timestamp`, `updated_by`) VALUES
(1, 0, 'forcountry', '{"country":{"create,update":"1","delete":"1","list":"1"}}', '', '2014-01-23 07:25:13', 1, '2014-03-05 05:06:34', 1),
(2, 0, 'editor', '{"admin":{"create,update":"1","list":"1"},"country":{"create,update":"1","list":"1"},"state":{"create,update":"1","list":"1"},"region":{"create,update":"1","list":"1"},"user":{"create,update":"1","list":"1"}}', '', '2014-01-23 07:25:34', 1, '2014-02-05 12:19:01', 1),
(3, 0, 'forlocation', '', '{"user":{"frontaccess":"1"}}', '2014-01-23 07:25:57', 1, '2014-05-22 10:39:35', 1),
(4, 0, 'category', '{"category":{"create,update":"1","delete":"1","list":"1"},"categoryquestion":{"create,update":"1","delete":"1","list":"1"}}', '', '2014-03-05 05:18:40', 1, '2014-03-05 05:19:00', 1),
(10, 0, 'admin and city front', '{"admin":{"create,update":"1","delete":"1","list":"1"},"city":{"create,update":"1","delete":"1","list":"1"}}', '{"user":{"frontaccess":"1"}}', '2014-05-22 10:22:26', 1, '2014-05-22 10:29:39', 1),
(11, 0, 'for user access', '{"user":{"create,update":"1","delete":"1","list":"1"}}', '{"user":{"frontaccess":"1"}}', '2014-05-22 10:44:00', 1, '2014-05-22 10:45:08', 1);

-- --------------------------------------------------------

--
-- Table structure for table `gc_sum_day_log`
--

CREATE TABLE IF NOT EXISTS `gc_sum_day_log` (
  `day_log_id` bigint(20) NOT NULL AUTO_INCREMENT COMMENT 'record id',
  `day_log_date` date NOT NULL COMMENT 'Summary of which date',
  `country_code` char(2) DEFAULT NULL COMMENT 'Task created for which country',
  `region_id` int(11) DEFAULT NULL COMMENT 'Task created for which region with in a country',
  `category_id` int(11) DEFAULT NULL COMMENT 'Task category',
  `total_signup_cnt` int(11) DEFAULT '0' COMMENT 'Total number of users registerd till date',
  `total_signup_email_cnt` int(11) DEFAULT '0' COMMENT 'Total number of users registerd using email till date',
  `total_signup_phone_cnt` int(11) DEFAULT '0' COMMENT 'Total number of users registerd using phone till date',
  `total_signup_ref_cnt` int(11) DEFAULT '0' COMMENT 'Total number of users registerd becasue of referral emails and promotions till \r\n\r\ndate',
  `total_signin_err` int(11) DEFAULT '0' COMMENT 'Total number of users faced error on sign in till date',
  `total_signin_cnt` int(11) DEFAULT '0' COMMENT 'Total number of users signed in till date',
  `total_signin_unique_cnt` int(11) DEFAULT '0' COMMENT 'Total number of unique users signed in till date',
  `total_signin_email_cnt` int(11) DEFAULT '0' COMMENT 'Total number of users signedin using email till date',
  `total_signin_phone_cnt` int(11) DEFAULT '0' COMMENT 'Total number of users signedin using phone till date',
  `total_signout_cnt` int(11) DEFAULT '0' COMMENT 'Total number of users signed out till date',
  `total_profile_verify_cnt` int(11) DEFAULT '0' COMMENT 'Total number of profile contact ids (phone/email) are verified till date',
  `total_profile_verify_pending_cnt` int(11) DEFAULT '0' COMMENT 'Total number of profile contact ids verification till date',
  `total_refcheck_done_cnt` int(11) DEFAULT '0' COMMENT 'Total number of reference check verified till date',
  `total_refcheck_pending_cnt` int(11) DEFAULT '0' COMMENT 'Total number of reference check pending till date',
  `total_forgot_pwd_cnt` int(11) DEFAULT '0' COMMENT 'Total number of users used forgot pwd till date',
  `total_forgot_pwd_unique_cnt` int(11) DEFAULT '0' COMMENT 'Total number of unique users used forgot pwd till date',
  `total_forgot_pwd_email_cnt` int(11) DEFAULT '0' COMMENT 'Total number of users used forgot pwd using email till date',
  `total_forgot_pwd_phone_cnt` int(11) DEFAULT '0' COMMENT 'Total number of users used forgot pwd using email till date',
  `total_task_post_duration` int(11) DEFAULT '0' COMMENT 'Total duration of the tasks assigned under this category',
  `total_task_post_price` decimal(15,2) DEFAULT '0.00' COMMENT 'Total price of the tasks assigned under this category',
  `total_task_post_cnt` int(11) DEFAULT '0' COMMENT 'Total number of tasks done under this category',
  `total_task_post_repeat_cnt` int(11) DEFAULT '0' COMMENT 'Total number of tasks pasoted by old posters under this category',
  `total_task_post_new_cnt` int(11) DEFAULT '0' COMMENT 'Total number of tasks pasoted by a new poster under this category',
  `total_task_post_cancel_cnt` int(11) DEFAULT '0' COMMENT 'Total number of tasks cancelled under this category',
  `total_task_invite_cnt` int(11) DEFAULT '0' COMMENT 'Total number of taskers invited so far',
  `total_task_invite_repeat_cnt` int(11) DEFAULT '0' COMMENT 'Total number of taskers invited so far',
  `total_task_invite_new_cnt` int(11) DEFAULT '0' COMMENT 'Total number of taskers who were already invited so far',
  `total_task_proposals_cnt` int(11) DEFAULT '0' COMMENT 'Total number of taskers invited first time in the system',
  `total_task_proposals_repeat_cnt` int(11) DEFAULT '0' COMMENT 'Total number of proposals by tasker sucessive time',
  `total_task_proposals_new_cnt` int(11) DEFAULT '0' COMMENT 'Total number of proposals by a new tasker',
  `total_task_assigned_cnt` int(11) DEFAULT '0' COMMENT 'Total number of tasks assigned to taskers',
  `total_task_assigned_repeat_cnt` int(11) DEFAULT '0' COMMENT 'Total number of tasks are repeat assignment',
  `total_task_assigned_new_cnt` int(11) DEFAULT '0' COMMENT 'Total number of tasks are assigned to first time in the system',
  `total_task_assigned_duration` int(11) DEFAULT '0' COMMENT 'Total duration of the tasks assigned under this category',
  `total_task_assigned_price` decimal(15,2) DEFAULT '0.00' COMMENT 'Total price of the tasks assigned under this category',
  `total_task_done_cnt` int(11) DEFAULT '0' COMMENT 'Total number of tasks done under this category',
  `total_task_done_duration` int(11) DEFAULT '0' COMMENT 'Total duration of the tasks done under this category',
  `total_task_done_price` decimal(15,2) DEFAULT '0.00' COMMENT 'Total price of the task done under this category',
  `total_task_done_price_avg` decimal(15,2) DEFAULT '0.00' COMMENT 'Average price of the task done under this category',
  `total_task_done_price_min` decimal(15,2) DEFAULT '0.00' COMMENT 'Minimum price of the task done under this category',
  `total_task_done_price_max` decimal(15,2) DEFAULT '0.00' COMMENT 'Maximum price of the task done under this category',
  `total_profile_view_cnt` int(11) DEFAULT '0' COMMENT 'Total number of profiles viewed by others till date',
  `total_profile_view_tasker_cnt` int(11) DEFAULT '0' COMMENT 'Total number of profiles viewed of the taskers till date',
  `total_profile_view_poster_cnt` int(11) DEFAULT '0' COMMENT 'Total number of profiles viewed of the taskers till date',
  `total_task_view_cnt` int(11) DEFAULT '0' COMMENT 'Total number of tasks searched viewed till date',
  `total_task_fwd_cnt` int(11) DEFAULT '0' COMMENT 'Total number of tasks forwaded till date',
  `total_email_sent` int(11) DEFAULT '0' COMMENT 'Total number of email notifications sent till date',
  `total_sms_sent` int(11) DEFAULT '0' COMMENT 'Total number of sms notifications sent till date',
  `total_pushnotification_sent` int(11) DEFAULT '0' COMMENT 'Total number of push notifications to mobile apps sent till date',
  `total_fb_connect_cnt` bigint(20) DEFAULT '0' COMMENT 'Total number of connected users on Facebook till date',
  `total_tw_connect_cnt` bigint(20) DEFAULT '0' COMMENT 'Total number of connected users on Twitter till date',
  `total_fb_task_share_cnt` int(11) DEFAULT '0' COMMENT 'Total number of tasks shared on Facebook till date',
  `total_tw_task_share_cnt` int(11) DEFAULT '0' COMMENT 'Total number of tasks shared on Twitter till date',
  `total_fb_profile_share_cnt` int(11) DEFAULT '0' COMMENT 'Total number of profiles shared on Facebook till date',
  `total_tw_profile_share_cnt` int(11) DEFAULT '0' COMMENT 'Total number of profiles shared on Twitter till date',
  `created_at` timestamp NOT NULL DEFAULT CURRENT_TIMESTAMP COMMENT 'When this record was created',
  `created_by` bigint(20) DEFAULT NULL COMMENT 'Who created this record',
  `source_app` varchar(10) DEFAULT NULL COMMENT 'From where this record was created',
  `status` char(1) DEFAULT 'a',
  PRIMARY KEY (`day_log_id`),
  KEY `gc_sum_day_log_idx1` (`day_log_date`,`category_id`,`country_code`,`region_id`),
  KEY `gc_sum_day_log_idx2` (`category_id`,`country_code`,`region_id`,`day_log_date`)
) ENGINE=MyISAM DEFAULT CHARSET=utf8 COMMENT='This table holds per day summary from various tables groped over category_id/country_code/resigin_id' AUTO_INCREMENT=1 ;

-- --------------------------------------------------------

--
-- Table structure for table `gc_sum_day_log_last`
--

CREATE TABLE IF NOT EXISTS `gc_sum_day_log_last` (
  `day_log_last_id` bigint(20) NOT NULL AUTO_INCREMENT,
  `day_log_last_date` date NOT NULL COMMENT 'Summary upto which last date',
  `country_code` char(2) DEFAULT NULL COMMENT 'Task created for which country',
  `region_id` int(11) DEFAULT NULL COMMENT 'Task created for which region with in a country',
  `category_id` int(11) DEFAULT NULL COMMENT 'Task category',
  `total_signup_cnt` int(11) DEFAULT '0' COMMENT 'Total number of users registerd till date',
  `total_signup_email_cnt` int(11) DEFAULT '0' COMMENT 'Total number of users registerd using email till date',
  `total_signup_phone_cnt` int(11) DEFAULT '0' COMMENT 'Total number of users registerd using phone till date',
  `total_signup_ref_cnt` int(11) DEFAULT '0' COMMENT 'Total number of users registerd becasue of referral emails and promotions till \r\n\r\ndate',
  `total_signin_err` int(11) DEFAULT '0' COMMENT 'Total number of users faced error on sign in till date',
  `total_signin_cnt` int(11) DEFAULT '0' COMMENT 'Total number of users signed in till date',
  `total_signin_unique_cnt` int(11) DEFAULT '0' COMMENT 'Total number of unique users signed in till date',
  `total_signin_email_cnt` int(11) DEFAULT '0' COMMENT 'Total number of users signedin using email till date',
  `total_signin_phone_cnt` int(11) DEFAULT '0' COMMENT 'Total number of users signedin using phone till date',
  `total_signout_cnt` int(11) DEFAULT '0' COMMENT 'Total number of users signed out till date',
  `total_profile_verify_cnt` int(11) DEFAULT '0' COMMENT 'Total number of profile contact ids (phone/email) are verified till date',
  `total_profile_verify_pending_cnt` int(11) DEFAULT '0' COMMENT 'Total number of profile contact ids verification till date',
  `total_refcheck_done_cnt` int(11) DEFAULT '0' COMMENT 'Total number of reference check verified till date',
  `total_refcheck_pending_cnt` int(11) DEFAULT '0' COMMENT 'Total number of reference check pending till date',
  `total_forgot_pwd_cnt` int(11) DEFAULT '0' COMMENT 'Total number of users used forgot pwd till date',
  `total_forgot_pwd_unique_cnt` int(11) DEFAULT '0' COMMENT 'Total number of unique users used forgot pwd till date',
  `total_forgot_pwd_email_cnt` int(11) DEFAULT '0' COMMENT 'Total number of users used forgot pwd using email till date',
  `total_forgot_pwd_phone_cnt` int(11) DEFAULT '0' COMMENT 'Total number of users used forgot pwd using email till date',
  `total_task_post_duration` int(11) DEFAULT '0' COMMENT 'Total duration of the tasks assigned under this category',
  `total_task_post_price` decimal(15,2) DEFAULT '0.00' COMMENT 'Total price of the tasks assigned under this category',
  `total_task_post_cnt` int(11) DEFAULT '0' COMMENT 'Total number of tasks done under this category',
  `total_task_post_repeat_cnt` int(11) DEFAULT '0' COMMENT 'Total number of tasks pasoted by old posters under this category',
  `total_task_post_new_cnt` int(11) DEFAULT '0' COMMENT 'Total number of tasks pasoted by a new poster under this category',
  `total_task_post_cancel_cnt` int(11) DEFAULT '0' COMMENT 'Total number of tasks cancelled under this category',
  `total_task_invite_cnt` int(11) DEFAULT '0' COMMENT 'Total number of taskers invited so far',
  `total_task_invite_repeat_cnt` int(11) DEFAULT '0' COMMENT 'Total number of taskers invited so far',
  `total_task_invite_new_cnt` int(11) DEFAULT '0' COMMENT 'Total number of taskers who were already invited so far',
  `total_task_proposals_cnt` int(11) DEFAULT '0' COMMENT 'Total number of taskers invited first time in the system',
  `total_task_proposals_repeat_cnt` int(11) DEFAULT '0' COMMENT 'Total number of proposals by tasker sucessive time',
  `total_task_proposals_new_cnt` int(11) DEFAULT '0' COMMENT 'Total number of proposals by a new tasker',
  `total_task_assigned_cnt` int(11) DEFAULT '0' COMMENT 'Total number of tasks assigned to taskers',
  `total_task_assigned_repeat_cnt` int(11) DEFAULT '0' COMMENT 'Total number of tasks are repeat assignment',
  `total_task_assigned_new_cnt` int(11) DEFAULT '0' COMMENT 'Total number of tasks are assigned to first time in the system',
  `total_task_assigned_duration` int(11) DEFAULT '0' COMMENT 'Total duration of the tasks assigned under this category',
  `total_task_assigned_price` decimal(15,2) DEFAULT '0.00' COMMENT 'Total price of the tasks assigned under this category',
  `total_task_done_cnt` int(11) DEFAULT '0' COMMENT 'Total number of tasks done under this category',
  `total_task_done_duration` int(11) DEFAULT '0' COMMENT 'Total duration of the tasks done under this category',
  `total_task_done_price` decimal(15,2) DEFAULT '0.00' COMMENT 'Total price of the task done under this category',
  `total_task_done_price_avg` decimal(15,2) DEFAULT '0.00' COMMENT 'Average price of the task done under this category',
  `total_task_done_price_min` decimal(15,2) DEFAULT '0.00' COMMENT 'Minimum price of the task done under this category',
  `total_task_done_price_max` decimal(15,2) DEFAULT '0.00' COMMENT 'Maximum price of the task done under this category',
  `total_profile_view_cnt` int(11) DEFAULT '0' COMMENT 'Total number of profiles viewed by others till date',
  `total_profile_view_tasker_cnt` int(11) DEFAULT '0' COMMENT 'Total number of profiles viewed of the taskers till date',
  `total_profile_view_poster_cnt` int(11) DEFAULT '0' COMMENT 'Total number of profiles viewed of the taskers till date',
  `total_task_view_cnt` int(11) DEFAULT '0' COMMENT 'Total number of tasks searched viewed till date',
  `total_task_fwd_cnt` int(11) DEFAULT '0' COMMENT 'Total number of tasks forwaded till date',
  `total_email_sent` int(11) DEFAULT '0' COMMENT 'Total number of email notifications sent till date',
  `total_sms_sent` int(11) DEFAULT '0' COMMENT 'Total number of sms notifications sent till date',
  `total_pushnotification_sent` int(11) DEFAULT '0' COMMENT 'Total number of push notifications to mobile apps sent till date',
  `total_fb_connect_cnt` bigint(20) DEFAULT '0' COMMENT 'Total number of connected users on Facebook till date',
  `total_tw_connect_cnt` bigint(20) DEFAULT '0' COMMENT 'Total number of connected users on Twitter till date',
  `total_fb_task_share_cnt` int(11) DEFAULT '0' COMMENT 'Total number of tasks shared on Facebook till date',
  `total_tw_task_share_cnt` int(11) DEFAULT '0' COMMENT 'Total number of tasks shared on Twitter till date',
  `total_fb_profile_share_cnt` int(11) DEFAULT '0' COMMENT 'Total number of profiles shared on Facebook till date',
  `total_tw_profile_share_cnt` int(11) DEFAULT '0' COMMENT 'Total number of profiles shared on Twitter till date',
  `created_at` timestamp NOT NULL DEFAULT CURRENT_TIMESTAMP COMMENT 'When this record was created',
  `created_by` bigint(20) DEFAULT NULL COMMENT 'Who created this record',
  `source_app` varchar(10) DEFAULT NULL COMMENT 'From where this record was created',
  `status` char(1) DEFAULT 'a',
  PRIMARY KEY (`day_log_last_id`),
  KEY `gc_sum_day_log_last_idx1` (`category_id`,`country_code`,`region_id`)
) ENGINE=MyISAM DEFAULT CHARSET=utf8 COMMENT='This table holds overall summary from various tables upto a date. Which provides base for next day summary generation \r\n\r\ninto \r\ngc_sum_day_log table. This table holds one record groped over category_id/country_code/resigin_id, which is created first time if \r\n\r\nnot exists, then updated on daily basis' AUTO_INCREMENT=1 ;

-- --------------------------------------------------------

--
-- Table structure for table `gc_sum_user_rating`
--

CREATE TABLE IF NOT EXISTS `gc_sum_user_rating` (
  `user_id` bigint(20) NOT NULL,
  `rating_id` int(11) NOT NULL COMMENT 'rating id for which summary is maintained',
  `rating_min` decimal(5,2) NOT NULL DEFAULT '0.00' COMMENT 'Min rating given so far under a rating_id',
  `rating_max` decimal(5,2) NOT NULL DEFAULT '0.00' COMMENT 'Max rating given so far under a rating_id',
  `rating_avg` decimal(5,2) NOT NULL DEFAULT '0.00' COMMENT 'Avg rating given so far under a rating_id',
  `rating_total` decimal(10,2) NOT NULL DEFAULT '0.00' COMMENT 'Sum of all the ratings given so far under a rating_id',
  `rating_cnt` int(11) NOT NULL DEFAULT '0' COMMENT 'Count of all the users who have given rating so far under a rating_id',
  `created_at` timestamp NOT NULL DEFAULT CURRENT_TIMESTAMP,
  `created_by` bigint(20) NOT NULL,
  `updated_at` datetime DEFAULT NULL,
  `updated_by` bigint(20) DEFAULT NULL,
  `source_app` varchar(10) DEFAULT NULL,
  `status` char(1) DEFAULT 'a' COMMENT ' ''a'' means active, ''d'' means deleted',
  PRIMARY KEY (`user_id`,`rating_id`)
) ENGINE=InnoDB DEFAULT CHARSET=utf8 COMMENT='This table holds summary of rating data for each user at rating_id level';

-- --------------------------------------------------------

--
-- Table structure for table `gc_user_oauth`
--

CREATE TABLE IF NOT EXISTS `gc_user_oauth` (
  `user_id` int(11) NOT NULL,
  `provider` varchar(45) NOT NULL,
  `identifier` varchar(64) NOT NULL,
  `profile_cache` text,
  `session_data` text,
  PRIMARY KEY (`provider`,`identifier`),
  UNIQUE KEY `unic_user_id_name` (`user_id`,`provider`),
  KEY `oauth_user_id` (`user_id`)
) ENGINE=InnoDB DEFAULT CHARSET=utf8;

--
-- Dumping data for table `gc_user_oauth`
--

INSERT INTO `gc_user_oauth` (`user_id`, `provider`, `identifier`, `profile_cache`, `session_data`) VALUES
(0, 'Facebook', '100004733582144', 'a:22:{s:10:"identifier";s:15:"100004733582144";s:10:"webSiteURL";s:0:"";s:10:"profileURL";s:37:"https://www.facebook.com/arya.vrat.71";s:8:"photoURL";s:71:"https://graph.facebook.com/100004733582144/picture?width=150&height=150";s:11:"displayName";s:9:"Arya Vrat";s:11:"description";s:0:"";s:9:"firstName";s:4:"Arya";s:8:"lastName";s:4:"Vrat";s:6:"gender";s:4:"male";s:8:"language";N;s:3:"age";N;s:8:"birthDay";i:1;s:10:"birthMonth";i:1;s:9:"birthYear";i:1979;s:5:"email";s:22:"aryatest2012@gmail.com";s:13:"emailVerified";s:22:"aryatest2012@gmail.com";s:5:"phone";N;s:7:"address";N;s:7:"country";N;s:6:"region";s:0:"";s:4:"city";N;s:3:"zip";N;}', 'a:2:{s:35:"hauth_session.facebook.is_logged_in";s:4:"i:1;";s:41:"hauth_session.facebook.token.access_token";s:209:"s:200:"CAAHAMV8PkT4BAK6Iaa90LcmJ2745N2y5ey3VW41ki6BAgdZCF9XtuYrmYm01WOnNSziBjQIKBJkzY8ZCidfozv5NCU2VZANZBRB8pPc8IVZAWZCvNDPltU5K7GJPTBZAtZAdm2NCOQn5nXZCtjDZCKWr0W2OFmBPlsLO127qktir1Khhehxz2RuMUozdLaGEvM5T8ZD";";}'),
(209, 'LinkedIn', 'bIx5aABuvF', 'a:22:{s:10:"identifier";s:10:"bIx5aABuvF";s:10:"webSiteURL";N;s:10:"profileURL";s:48:"http://www.linkedin.com/pub/arya-test/94/692/a53";s:8:"photoURL";s:0:"";s:11:"displayName";s:9:"Arya Test";s:11:"description";s:0:"";s:9:"firstName";s:4:"Arya";s:8:"lastName";s:4:"Test";s:6:"gender";N;s:8:"language";N;s:3:"age";N;s:8:"birthDay";N;s:10:"birthMonth";N;s:9:"birthYear";N;s:5:"email";s:22:"aryatest2012@gmail.com";s:13:"emailVerified";s:22:"aryatest2012@gmail.com";s:5:"phone";N;s:7:"address";N;s:7:"country";N;s:6:"region";N;s:4:"city";N;s:3:"zip";N;}', 'a:6:{s:35:"hauth_session.facebook.is_logged_in";s:4:"i:1;";s:41:"hauth_session.facebook.token.access_token";s:206:"s:197:"CAAHAMV8PkT4BAHJzutQd727SGVQ96zAoXJ6ReUZBIv2V7QGIy2W7xaknvzrpKhQS62WdKo9ZCILpUqSURKTuhRZAEMR6kkZCtUioZBok43NLBcSZBgaxfvRsIIlGesY0PZB1nFo5jddsPP9jWTSGuAULF1q3kj1NOc9BBD8rc4F3xJhdKkvAn21GyrRWgGYrD8ZD";";s:50:"hauth_session.linkedin.token.access_token_linkedin";s:229:"a:4:{s:11:"oauth_token";s:36:"48ccf835-6c5c-4575-adae-d47ce4f91ece";s:18:"oauth_token_secret";s:36:"5e7c192e-f0c3-4398-88d9-1e132707d235";s:16:"oauth_expires_in";s:7:"5183998";s:30:"oauth_authorization_expires_in";s:7:"5183998";}";s:41:"hauth_session.linkedin.token.access_token";s:44:"s:36:"48ccf835-6c5c-4575-adae-d47ce4f91ece";";s:48:"hauth_session.linkedin.token.access_token_secret";s:44:"s:36:"5e7c192e-f0c3-4398-88d9-1e132707d235";";s:35:"hauth_session.linkedin.is_logged_in";s:4:"i:1;";}');

--
-- Constraints for dumped tables
--

--
-- Constraints for table `gc_dat_user_notification_pref`
--
ALTER TABLE `gc_dat_user_notification_pref`
  ADD CONSTRAINT `fk_notification_pref_user` FOREIGN KEY (`user_id`) REFERENCES `gc_dta_user` (`user_id`),
  ADD CONSTRAINT `fk_user_notification_id` FOREIGN KEY (`notification_id`) REFERENCES `gc_mst_notification` (`notification_id`);

--
-- Constraints for table `gc_dta_task`
--
ALTER TABLE `gc_dta_task`
  ADD CONSTRAINT `fk_gc_dta_task_created_by` FOREIGN KEY (`created_by`) REFERENCES `gc_dta_user` (`user_id`) ON UPDATE CASCADE,
  ADD CONSTRAINT `fk_gc_dta_task_language_code` FOREIGN KEY (`language_code`) REFERENCES `gc_mst_language` (`language_code`) ON UPDATE CASCADE,
  ADD CONSTRAINT `fk_gc_dta_task_updated_by` FOREIGN KEY (`updated_by`) REFERENCES `gc_dta_user` (`user_id`) ON UPDATE CASCADE,
  ADD CONSTRAINT `fk_task_ref_done_by_user_id` FOREIGN KEY (`ref_done_by_user_id`) REFERENCES `gc_dta_user` (`user_id`) ON UPDATE CASCADE;

--
-- Constraints for table `gc_dta_task_category`
--
ALTER TABLE `gc_dta_task_category`
  ADD CONSTRAINT `fk_task_category_category_id` FOREIGN KEY (`category_id`) REFERENCES `gc_mst_category` (`category_id`) ON UPDATE CASCADE,
  ADD CONSTRAINT `fk_task_category_created_by` FOREIGN KEY (`created_by`) REFERENCES `gc_dta_user` (`user_id`) ON UPDATE CASCADE,
  ADD CONSTRAINT `fk_task_category_language_code` FOREIGN KEY (`language_code`) REFERENCES `gc_mst_language` (`language_code`) ON UPDATE CASCADE,
  ADD CONSTRAINT `fk_task_category_task_id` FOREIGN KEY (`task_id`) REFERENCES `gc_dta_task` (`task_id`) ON UPDATE CASCADE,
  ADD CONSTRAINT `fk_task_category_updated_by` FOREIGN KEY (`updated_by`) REFERENCES `gc_dta_user` (`user_id`) ON UPDATE CASCADE;

--
-- Constraints for table `gc_dta_task_location`
--
ALTER TABLE `gc_dta_task_location`
  ADD CONSTRAINT `fk_task_location_country_code` FOREIGN KEY (`country_code`) REFERENCES `gc_mst_country` (`country_code`) ON UPDATE CASCADE,
  ADD CONSTRAINT `fk_task_location_region_id` FOREIGN KEY (`region_id`) REFERENCES `gc_mst_region` (`region_id`) ON UPDATE CASCADE,
  ADD CONSTRAINT `fk_task_location_task_id` FOREIGN KEY (`task_id`) REFERENCES `gc_dta_task` (`task_id`) ON UPDATE CASCADE;

--
-- Constraints for table `gc_dta_task_question`
--
ALTER TABLE `gc_dta_task_question`
  ADD CONSTRAINT `fk_task_question_task_id` FOREIGN KEY (`task_id`) REFERENCES `gc_dta_task` (`task_id`) ON UPDATE CASCADE;

--
-- Constraints for table `gc_dta_task_question_reply`
--
ALTER TABLE `gc_dta_task_question_reply`
  ADD CONSTRAINT `fk_task_question_reply_task_question_id` FOREIGN KEY (`task_question_id`) REFERENCES `gc_dta_task_question` (`task_question_id`) ON UPDATE CASCADE,
  ADD CONSTRAINT `fk_task_question_reply_tasker_id` FOREIGN KEY (`tasker_id`) REFERENCES `gc_dta_user` (`user_id`) ON UPDATE CASCADE,
  ADD CONSTRAINT `fk_task_question_reply_task_id` FOREIGN KEY (`task_id`) REFERENCES `gc_dta_task_question` (`task_id`) ON UPDATE CASCADE;

--
-- Constraints for table `gc_dta_task_skill`
--
ALTER TABLE `gc_dta_task_skill`
  ADD CONSTRAINT `fk_task_skill_skill_id` FOREIGN KEY (`skill_id`) REFERENCES `gc_mst_skill` (`skill_id`) ON UPDATE CASCADE,
  ADD CONSTRAINT `fk_task_skill_task_id` FOREIGN KEY (`task_id`) REFERENCES `gc_dta_task` (`task_id`) ON UPDATE CASCADE;

--
-- Constraints for table `gc_dta_task_speciality`
--
ALTER TABLE `gc_dta_task_speciality`
  ADD CONSTRAINT `fk_task_speciality_created_by` FOREIGN KEY (`created_by`) REFERENCES `gc_dta_user` (`user_id`) ON UPDATE CASCADE,
  ADD CONSTRAINT `fk_task_speciality_speciality_id` FOREIGN KEY (`speciality_id`) REFERENCES `gc_mst_skill` (`skill_id`) ON UPDATE CASCADE,
  ADD CONSTRAINT `fk_task_speciality_task_id` FOREIGN KEY (`task_id`) REFERENCES `gc_dta_task` (`task_id`) ON UPDATE CASCADE,
  ADD CONSTRAINT `fk_task_speciality_updated_by` FOREIGN KEY (`updated_by`) REFERENCES `gc_dta_user` (`user_id`) ON UPDATE CASCADE;

--
-- Constraints for table `gc_dta_task_tasker`
--
ALTER TABLE `gc_dta_task_tasker`
  ADD CONSTRAINT `fk_gc_dta_task_tasker_created_by` FOREIGN KEY (`created_by`) REFERENCES `gc_dta_user` (`user_id`) ON UPDATE CASCADE,
  ADD CONSTRAINT `fk_gc_dta_task_tasker_tasker_id` FOREIGN KEY (`tasker_id`) REFERENCES `gc_dta_user` (`user_id`) ON UPDATE CASCADE,
  ADD CONSTRAINT `fk_gc_dta_task_tasker_task_id` FOREIGN KEY (`task_id`) REFERENCES `gc_dta_task` (`task_id`) ON UPDATE CASCADE;

--
-- Constraints for table `gc_dta_user`
--
ALTER TABLE `gc_dta_user`
  ADD CONSTRAINT `fk_dtauser_city_id` FOREIGN KEY (`city_id`) REFERENCES `gc_mst_city` (`city_id`) ON UPDATE CASCADE,
  ADD CONSTRAINT `fk_dtauser_country_code` FOREIGN KEY (`country_code`) REFERENCES `gc_mst_country` (`country_code`) ON UPDATE CASCADE,
  ADD CONSTRAINT `fk_dtauser_region_id` FOREIGN KEY (`region_id`) REFERENCES `gc_mst_region` (`region_id`) ON UPDATE CASCADE,
  ADD CONSTRAINT `fk_dtauser_state_id` FOREIGN KEY (`state_id`) REFERENCES `gc_mst_state` (`state_id`) ON UPDATE CASCADE,
  ADD CONSTRAINT `fk_user_created_by_user_id` FOREIGN KEY (`created_by_user_id`) REFERENCES `gc_dta_user` (`user_id`) ON UPDATE CASCADE,
  ADD CONSTRAINT `fk_user_updated_by_user_id` FOREIGN KEY (`updated_by_user_id`) REFERENCES `gc_dta_user` (`user_id`) ON UPDATE CASCADE;

--
-- Constraints for table `gc_dta_user_alert`
--
ALTER TABLE `gc_dta_user_alert`
  ADD CONSTRAINT `gc_dta_user_alert_ibfk_1` FOREIGN KEY (`for_user_id`) REFERENCES `gc_dta_user` (`user_id`) ON UPDATE CASCADE,
  ADD CONSTRAINT `gc_dta_user_alert_ibfk_2` FOREIGN KEY (`by_user_id`) REFERENCES `gc_dta_user` (`user_id`) ON UPDATE CASCADE,
  ADD CONSTRAINT `gc_dta_user_alert_ibfk_3` FOREIGN KEY (`created_by`) REFERENCES `gc_dta_user` (`user_id`) ON UPDATE CASCADE,
  ADD CONSTRAINT `gc_dta_user_alert_ibfk_4` FOREIGN KEY (`updated_by`) REFERENCES `gc_dta_user` (`user_id`) ON UPDATE CASCADE;

--
-- Constraints for table `gc_dta_user_contact`
--
ALTER TABLE `gc_dta_user_contact`
  ADD CONSTRAINT `fk_dtausercontact_userid` FOREIGN KEY (`user_id`) REFERENCES `gc_dta_user` (`user_id`) ON UPDATE CASCADE;

--
-- Constraints for table `gc_dta_user_contact_pending`
--
ALTER TABLE `gc_dta_user_contact_pending`
  ADD CONSTRAINT `fk_dtausercontactpending_userid` FOREIGN KEY (`user_id`) REFERENCES `gc_dta_user` (`user_id`) ON UPDATE CASCADE;

--
-- Constraints for table `gc_dta_user_device`
--
ALTER TABLE `gc_dta_user_device`
  ADD CONSTRAINT `user_device_ibfk_1` FOREIGN KEY (`user_id`) REFERENCES `gc_dta_user` (`user_id`) ON DELETE CASCADE;

--
-- Constraints for table `gc_dta_user_rating_dtl`
--
ALTER TABLE `gc_dta_user_rating_dtl`
  ADD CONSTRAINT `gc_dta_user_rating_dtl_fk_1` FOREIGN KEY (`user_rating_trno`) REFERENCES `gc_dta_user_rating` (`user_rating_trno`) ON DELETE CASCADE;

--
-- Constraints for table `gc_dta_user_speciality`
--
ALTER TABLE `gc_dta_user_speciality`
  ADD CONSTRAINT `fk_dtauserspeciality_cityid` FOREIGN KEY (`city_id`) REFERENCES `gc_mst_city` (`city_id`) ON UPDATE CASCADE,
  ADD CONSTRAINT `fk_dtauserspeciality_countrycode` FOREIGN KEY (`country_code`) REFERENCES `gc_mst_country` (`country_code`) ON UPDATE CASCADE,
  ADD CONSTRAINT `fk_dtauserspeciality_regionid` FOREIGN KEY (`region_id`) REFERENCES `gc_mst_region` (`region_id`) ON UPDATE CASCADE,
  ADD CONSTRAINT `fk_dtauserspeciality_skillid` FOREIGN KEY (`skill_id`) REFERENCES `gc_mst_skill` (`skill_id`) ON UPDATE CASCADE,
  ADD CONSTRAINT `fk_dtauserspeciality_stateid` FOREIGN KEY (`state_id`) REFERENCES `gc_mst_state` (`state_id`) ON UPDATE CASCADE,
  ADD CONSTRAINT `fk_dtauserspeciality_userid` FOREIGN KEY (`user_id`) REFERENCES `gc_dta_user` (`user_id`) ON UPDATE CASCADE;

--
-- Constraints for table `gc_dta_user_work_location`
--
ALTER TABLE `gc_dta_user_work_location`
  ADD CONSTRAINT `gc_dta_user_work_location_ibfk_1` FOREIGN KEY (`user_id`) REFERENCES `gc_dta_user` (`user_id`) ON UPDATE CASCADE,
  ADD CONSTRAINT `gc_dta_user_work_location_ibfk_2` FOREIGN KEY (`country_code`) REFERENCES `gc_mst_country` (`country_code`) ON UPDATE CASCADE,
  ADD CONSTRAINT `gc_dta_user_work_location_ibfk_3` FOREIGN KEY (`state_id`) REFERENCES `gc_mst_state` (`state_id`) ON UPDATE CASCADE,
  ADD CONSTRAINT `gc_dta_user_work_location_ibfk_4` FOREIGN KEY (`region_id`) REFERENCES `gc_mst_region` (`region_id`) ON UPDATE CASCADE,
  ADD CONSTRAINT `gc_dta_user_work_location_ibfk_5` FOREIGN KEY (`city_id`) REFERENCES `gc_mst_city` (`city_id`) ON UPDATE CASCADE;

--
-- Constraints for table `gc_mst_category_locale`
--
ALTER TABLE `gc_mst_category_locale`
  ADD CONSTRAINT `gc_mst_category_locale_ibfk_1` FOREIGN KEY (`category_id`) REFERENCES `gc_mst_category` (`category_id`) ON UPDATE CASCADE,
  ADD CONSTRAINT `gc_mst_category_locale_ibfk_3` FOREIGN KEY (`language_code`) REFERENCES `gc_mst_language` (`language_code`) ON UPDATE CASCADE,
  ADD CONSTRAINT `gc_mst_category_locale_ibfk_6` FOREIGN KEY (`updated_by`) REFERENCES `gc_dta_user` (`user_id`) ON UPDATE CASCADE,
  ADD CONSTRAINT `gc_mst_category_locale_ibfk_7` FOREIGN KEY (`updated_by`) REFERENCES `gc_dta_user` (`updated_by_user_id`) ON UPDATE CASCADE,
  ADD CONSTRAINT `gc_mst_category_locale_ibfk_8` FOREIGN KEY (`updated_by`) REFERENCES `gc_dta_user` (`updated_by_user_id`) ON UPDATE CASCADE;

--
-- Constraints for table `gc_mst_category_question_locale`
--
ALTER TABLE `gc_mst_category_question_locale`
  ADD CONSTRAINT `fk_category_question_locale_category_id` FOREIGN KEY (`category_id`) REFERENCES `gc_mst_category` (`category_id`) ON UPDATE CASCADE,
  ADD CONSTRAINT `fk_category_question_locale_language_code` FOREIGN KEY (`language_code`) REFERENCES `gc_mst_language` (`language_code`) ON UPDATE CASCADE,
  ADD CONSTRAINT `fk_category_question_locale_question_id` FOREIGN KEY (`question_id`) REFERENCES `gc_mst_category_question` (`question_id`) ON UPDATE CASCADE,
  ADD CONSTRAINT `gc_mst_category_question_locale_ibfk_1` FOREIGN KEY (`updated_by`) REFERENCES `gc_dta_user` (`user_id`) ON UPDATE CASCADE,
  ADD CONSTRAINT `gc_mst_category_question_locale_ibfk_2` FOREIGN KEY (`updated_by`) REFERENCES `gc_dta_user` (`user_id`) ON UPDATE CASCADE;

--
-- Constraints for table `gc_mst_city_locale`
--
ALTER TABLE `gc_mst_city_locale`
  ADD CONSTRAINT `gc_mst_city_locale_ibfk_1` FOREIGN KEY (`region_id`) REFERENCES `gc_mst_region` (`region_id`) ON UPDATE CASCADE,
  ADD CONSTRAINT `gc_mst_city_locale_ibfk_2` FOREIGN KEY (`language_code`) REFERENCES `gc_mst_language` (`language_code`) ON UPDATE CASCADE,
  ADD CONSTRAINT `gc_mst_city_locale_ibfk_5` FOREIGN KEY (`city_id`) REFERENCES `gc_mst_city` (`city_id`) ON UPDATE CASCADE,
  ADD CONSTRAINT `gc_mst_city_locale_ibfk_6` FOREIGN KEY (`created_by`) REFERENCES `gc_dta_user` (`user_id`) ON UPDATE CASCADE,
  ADD CONSTRAINT `gc_mst_city_locale_ibfk_7` FOREIGN KEY (`updated_by`) REFERENCES `gc_dta_user` (`user_id`) ON UPDATE CASCADE;

--
-- Constraints for table `gc_mst_country_locale`
--
ALTER TABLE `gc_mst_country_locale`
  ADD CONSTRAINT `gc_mst_country_locale_ibfk_1` FOREIGN KEY (`country_code`) REFERENCES `gc_mst_country` (`country_code`) ON UPDATE CASCADE,
  ADD CONSTRAINT `gc_mst_country_locale_ibfk_2` FOREIGN KEY (`language_code`) REFERENCES `gc_mst_language` (`language_code`) ON UPDATE CASCADE,
  ADD CONSTRAINT `gc_mst_country_locale_ibfk_5` FOREIGN KEY (`created_by`) REFERENCES `gc_dta_user` (`user_id`) ON UPDATE CASCADE,
  ADD CONSTRAINT `gc_mst_country_locale_ibfk_6` FOREIGN KEY (`updated_by`) REFERENCES `gc_dta_user` (`user_id`) ON UPDATE CASCADE;

--
-- Constraints for table `gc_mst_language`
--
ALTER TABLE `gc_mst_language`
  ADD CONSTRAINT `gc_mst_language_ibfk_3` FOREIGN KEY (`created_by`) REFERENCES `gc_dta_user` (`user_id`) ON UPDATE CASCADE,
  ADD CONSTRAINT `gc_mst_language_ibfk_4` FOREIGN KEY (`updated_by`) REFERENCES `gc_dta_user` (`user_id`) ON UPDATE CASCADE;

--
-- Constraints for table `gc_mst_notification_locale`
--
ALTER TABLE `gc_mst_notification_locale`
  ADD CONSTRAINT `fk_notification_id` FOREIGN KEY (`notification_id`) REFERENCES `gc_mst_notification` (`notification_id`);

--
-- Constraints for table `gc_mst_rating_locale`
--
ALTER TABLE `gc_mst_rating_locale`
  ADD CONSTRAINT `gc_mst_rating_locale_fk_1` FOREIGN KEY (`rating_id`) REFERENCES `gc_mst_rating` (`rating_id`) ON DELETE CASCADE;

--
-- Constraints for table `gc_mst_region_locale`
--
ALTER TABLE `gc_mst_region_locale`
  ADD CONSTRAINT `gc_mst_region_locale_ibfk_1` FOREIGN KEY (`state_id`) REFERENCES `gc_mst_state` (`state_id`) ON UPDATE CASCADE,
  ADD CONSTRAINT `gc_mst_region_locale_ibfk_2` FOREIGN KEY (`language_code`) REFERENCES `gc_mst_language` (`language_code`) ON UPDATE CASCADE,
  ADD CONSTRAINT `gc_mst_region_locale_ibfk_5` FOREIGN KEY (`region_id`) REFERENCES `gc_mst_region` (`region_id`) ON UPDATE CASCADE,
  ADD CONSTRAINT `gc_mst_region_locale_ibfk_6` FOREIGN KEY (`created_by`) REFERENCES `gc_dta_user` (`user_id`) ON UPDATE CASCADE,
  ADD CONSTRAINT `gc_mst_region_locale_ibfk_7` FOREIGN KEY (`updated_by`) REFERENCES `gc_dta_user` (`user_id`) ON UPDATE CASCADE;

--
-- Constraints for table `gc_mst_skill`
--
ALTER TABLE `gc_mst_skill`
  ADD CONSTRAINT `fk_skill_category_id` FOREIGN KEY (`category_id`) REFERENCES `gc_mst_category` (`category_id`) ON UPDATE CASCADE;

--
-- Constraints for table `gc_mst_skill_locale`
--
ALTER TABLE `gc_mst_skill_locale`
  ADD CONSTRAINT `fk_skill_locale_language_code` FOREIGN KEY (`language_code`) REFERENCES `gc_mst_language` (`language_code`) ON UPDATE CASCADE,
  ADD CONSTRAINT `fk_skill_locale_skill_id` FOREIGN KEY (`skill_id`) REFERENCES `gc_mst_skill` (`skill_id`) ON UPDATE CASCADE;

--
-- Constraints for table `gc_mst_state_locale`
--
ALTER TABLE `gc_mst_state_locale`
  ADD CONSTRAINT `gc_mst_state_locale_ibfk_1` FOREIGN KEY (`country_code`) REFERENCES `gc_mst_country` (`country_code`) ON UPDATE CASCADE,
  ADD CONSTRAINT `gc_mst_state_locale_ibfk_2` FOREIGN KEY (`language_code`) REFERENCES `gc_mst_language` (`language_code`) ON UPDATE CASCADE,
  ADD CONSTRAINT `gc_mst_state_locale_ibfk_5` FOREIGN KEY (`state_id`) REFERENCES `gc_mst_state` (`state_id`) ON UPDATE CASCADE,
  ADD CONSTRAINT `gc_mst_state_locale_ibfk_6` FOREIGN KEY (`created_by`) REFERENCES `gc_dta_user` (`user_id`) ON UPDATE CASCADE,
  ADD CONSTRAINT `gc_mst_state_locale_ibfk_7` FOREIGN KEY (`updated_by`) REFERENCES `gc_dta_user` (`user_id`) ON UPDATE CASCADE;

/*!40101 SET CHARACTER_SET_CLIENT=@OLD_CHARACTER_SET_CLIENT */;
/*!40101 SET CHARACTER_SET_RESULTS=@OLD_CHARACTER_SET_RESULTS */;
/*!40101 SET COLLATION_CONNECTION=@OLD_COLLATION_CONNECTION */;
